"y1","y2","x_age","x_income","x_score","d_female","d_urban","d_married","d_college","d_smoker"
3,0,0.111222815443443,1.3387500553276,-1.84634072122125,1,1,0,0,0
0,0,-0.931435940919532,0.355105643917985,-0.774916721173677,0,0,1,1,0
1,4,-1.25043461549836,0.136900852571259,0.156375513591893,1,1,0,1,0
0,5,-0.144906026623767,-0.754570615334952,0.0219809467871365,0,1,0,1,0
4,1,-0.575789919698154,-0.462535696123968,0.452245115125068,1,0,0,1,0
4,1,-0.300018788880928,-0.236695253413075,0.925080090422592,1,1,1,0,1
4,3,0.0325382562534982,-0.447928331782995,-0.0826237265844433,0,1,1,1,0
4,3,0.274023954115457,0.389227570054493,-0.731895876301328,0,1,1,1,0
3,1,0.899651996302799,0.753548479345607,-1.34392074006071,0,0,0,1,1
7,6,1.27735554935121,1.39891496671097,-1.90707251181338,0,0,0,1,0
0,0,-0.81253803441766,-0.142580710533626,-0.270421943862777,0,0,1,0,0
3,1,-0.220002404127919,-0.397418593668485,0.334403672835633,1,0,0,1,0
2,1,-1.90103119507309,-1.60336166051209,1.82074416366294,0,0,1,0,0
3,1,0.170626278442698,-0.410696167817636,-0.328221477526049,1,0,0,1,0
5,2,1.22449897419261,0.0237316566694112,0.918085898195425,0,0,0,1,1
9,2,-0.78009423749954,-0.352805905402985,-0.408637841113063,1,0,1,1,1
3,0,1.74335743955152,-0.748053541348937,-0.492166183051745,1,1,1,0,1
4,1,1.72499967360941,-0.680182021854285,-0.213139419047481,1,1,0,0,0
1,1,1.12210964190654,-0.812799230368245,1.03017717857148,0,1,1,0,0
4,6,0.265607546456626,0.58560927987858,1.538665699907,1,1,0,1,1
6,1,-0.434018649518286,0.440162874841065,0.670974251202038,1,1,0,1,1
1,1,-1.53008660555394,0.459522997486717,-0.72258679378756,0,0,1,0,0
1,0,2.49665964240817,0.786041470265755,-1.57314004171696,1,1,1,1,0
2,7,-1.02437139330407,-0.302822178042093,1.6842021279132,1,0,0,1,0
1,1,0.274906068721194,0.570953034267386,0.397064374517292,1,0,0,0,0
1,1,-0.648922631993515,-0.0333060014100377,-0.514244653300124,1,0,1,0,0
2,3,1.77550946113294,-0.674012668809437,-1.27988913270665,0,1,0,1,1
2,7,-0.52061910520324,0.0498531165404896,1.3998614217201,1,0,0,1,0
2,3,0.406258219714192,1.87719470331758,0.22273962757042,1,1,1,0,1
2,0,0.362158510210958,0.610090475453286,-1.70566043387527,0,0,1,0,0
1,0,1.93302213423701,-0.691829977123717,-0.4173988146831,1,1,1,0,0
1,0,1.08344157841511,0.108523232600006,-1.39189898273236,0,0,1,0,0
3,3,-0.611605549218252,0.296228992083206,0.0933229893404334,0,0,0,0,0
3,2,1.46605137160299,0.922809995373554,0.647352945400585,1,1,1,1,0
0,3,-1.40161728393971,-1.29409765088787,-0.726604828430827,0,1,1,1,0
1,0,-1.4500903151211,-0.00897751201493057,-1.99499125977365,1,1,1,0,1
4,0,0.238524828665144,0.909852464484028,-0.594262451612836,0,1,0,0,0
5,2,0.0907307416478559,-0.211622627195654,-0.0690292595475856,0,0,0,1,0
1,0,-1.6628301557982,-0.583785202512712,-0.478266834515465,0,1,1,1,1
0,1,-1.20889281830617,-1.18292030510642,1.89110498075131,1,1,0,0,0
3,3,0.465405256176017,1.76134582515642,0.257101878442538,0,0,0,1,1
4,5,-1.14613645818076,0.547803467346337,0.0554327709571091,1,0,1,0,1
1,0,0.944400520033588,-0.452329703624997,0.954488024160602,0,0,1,0,0
0,3,-2.11224385989794,2.07557869180861,0.67475119049467,0,0,0,0,1
3,4,-0.158700212130761,0.281773573760277,0.113248417994293,0,1,1,0,1
13,7,-0.819905890482807,1.3733894146363,0.353405768989809,1,0,0,1,0
1,4,-1.41490134517674,1.09109944183766,0.759458970576894,0,1,1,0,0
5,1,-0.991384534324259,-1.02834083745033,-0.375138982140246,1,0,1,0,0
0,0,1.26142398029803,-0.473067793298471,0.300069279929188,0,1,0,1,0
2,4,-0.727838866553757,0.395025814485461,-0.841030172164894,1,1,1,0,1
1,1,-1.64989540358724,-1.10465930636936,-0.673524735209982,1,0,0,0,0
1,0,-0.0449163045204563,-0.0335424094197269,1.06229185296531,0,0,0,1,0
2,0,1.07207739775871,-0.763182268689128,-0.922399757858411,1,1,0,0,0
3,0,-0.98658566273134,-1.2195303088083,1.80322790472669,1,0,1,1,1
1,1,-0.623263662645128,-1.09792339574282,-1.40478712379604,1,1,0,0,0
7,3,-0.30403554134874,-0.250149912169447,-0.866298069597311,0,1,1,1,0
1,0,-0.2451050085196,0.523537674714873,0.675637164376748,0,0,1,0,0
5,4,0.102690590443771,-0.542432083024429,0.146378358220877,1,1,1,0,1
0,6,-0.675000750883247,2.1323143986664,1.92130866032741,0,1,1,0,0
2,0,-0.200992817959484,-0.877937946188658,1.48075365527449,0,1,1,1,0
0,3,-0.818441307145032,-0.0645154561046694,-0.555310834602102,1,0,0,1,0
4,4,-1.55674822732433,0.563869113398037,-0.754653364233115,1,1,1,1,1
3,2,0.213143671645725,1.67311954439817,0.00235016817202845,0,1,1,0,0
1,0,0.740446193122279,-0.500459085639469,-0.13340265171809,1,0,1,0,0
0,1,0.64903368629622,0.798103178380068,0.140790638278442,1,1,0,0,0
12,2,1.45019170785332,1.62264027379637,-1.83216731791552,1,1,1,1,0
1,1,0.374644595193196,0.463870191725621,-0.0478170506570823,1,1,1,1,0
3,4,-0.061975119072976,-0.220701518224386,0.0219026104930529,0,0,1,1,1
0,0,1.31087231939924,-0.965093129782511,1.05594492327668,1,1,1,1,0
1,0,-1.46191933828685,0.81691427441919,1.71663374406659,1,1,1,1,1
2,2,0.677252286155631,-0.747423531581148,-0.933739779145931,1,1,1,0,0
1,1,-0.633582390973124,0.955723384101736,-0.806908027575502,1,1,1,0,0
4,1,0.0695181284413986,-1.53934210348227,-1.87544190968098,1,1,1,0,0
0,6,-1.23067621332332,-0.769209867188259,0.361169303125975,0,1,0,0,0
0,1,0.0588561409524706,1.50173730625602,0.20826127670055,1,0,0,0,0
8,4,0.0912169029304117,1.25181427908738,0.641185753568903,1,1,1,0,1
7,1,-0.280436700140542,-0.0385922104902674,0.216050957319713,1,1,0,1,0
1,3,-0.929753792286104,-0.0216215723652741,-0.208748918426724,0,1,0,0,0
0,1,-1.45832876841484,-1.85185375197332,-0.141467800703739,0,0,1,1,1
0,0,1.7272854357724,-0.97139098848253,0.827272734175775,1,1,1,0,0
2,1,-0.0256967796102314,-1.14362301496902,-1.42708322797155,1,1,1,0,0
3,3,0.0760817986599394,2.00324708042382,1.53836097295408,1,0,0,0,0
3,6,0.547465359735908,0.0591976322284105,1.02695749414402,0,1,0,0,0
4,4,-0.390441602626312,0.221834348795654,-0.75499517447005,1,1,0,1,0
0,0,-2.64387097186588,0.477526189877894,-0.783861874289416,1,1,0,0,0
4,0,1.20817325635216,1.05744312173498,-0.0811233928335291,0,1,1,0,0
1,2,0.544316847302568,0.596761570677574,1.46508095585331,1,1,1,1,1
2,2,1.08388360085407,0.512420522327461,0.109440699744318,1,1,1,1,0
0,0,-1.94361204660536,-0.609677258300509,-1.70137390605402,1,1,0,0,0
0,0,1.63953591071058,-1.12016503705761,0.376541615691174,0,1,0,0,0
8,5,0.531388920022045,-0.494033932641621,1.73795757316689,1,0,1,1,1
3,1,-1.39105712372822,0.815792801343049,0.107661371681503,1,0,1,0,1
5,3,1.71952049854,-0.54275777013379,0.321416447861621,0,1,0,0,0
1,0,-1.3926464074239,0.270630390530671,-0.0346514861978376,1,0,1,0,0
2,2,0.265439013897446,-0.285437315002893,-0.327386087234776,1,1,0,0,0
3,0,1.29516740879949,0.139297960495335,-0.687048890463823,0,1,0,0,0
1,2,1.09081910766596,-0.429609719384677,0.157063585849507,1,1,1,0,0
9,1,0.487472693695064,1.38931240481872,0.390826444201532,1,0,0,0,0
4,3,0.0361835889149865,-0.91123966541475,-2.38903327780449,1,1,0,0,0
0,0,-1.04073738744327,-1.10295716852416,-0.522214211233361,1,1,0,0,0
3,1,-0.592662067035625,0.360800707780325,1.35765742526599,1,0,1,0,0
0,0,0.141251984775429,-0.202363952598455,1.35600751411267,1,0,0,1,0
3,2,-0.565446871867401,-0.485388496107429,0.994425067642507,1,0,0,1,0
6,0,1.35932247908599,-0.853005484000233,-0.862599157648425,1,0,1,1,1
1,2,-0.00057360443918529,-0.118497353456417,-0.526497061700392,0,1,0,0,0
1,0,0.350537848801499,0.231303590948743,-0.424885767043511,1,1,1,0,1
2,5,-0.770113159684006,1.59166845092333,-1.10281606234257,0,1,0,0,1
4,1,-0.0100337588445348,0.335247831613841,-1.81628250478005,0,1,1,0,0
6,1,2.7267190184479,0.251161736682772,-1.12415093381094,1,1,0,0,0
0,0,-0.77767805895016,0.126445124076806,-0.205537053050408,0,1,1,0,0
4,1,0.28910799108965,0.410316862833965,-0.99162587854185,0,0,1,0,0
6,3,0.0515906447387465,0.239931338881426,0.953002404805935,1,0,1,1,1
6,2,0.955008515305926,-0.284660378017246,-0.88705133880646,1,1,0,0,0
1,2,-0.658681975448234,-0.614960912785856,-0.957504540604925,0,1,1,0,1
2,1,0.946998068963248,-0.0574208474951258,-0.104786041137536,0,1,0,0,0
4,1,-0.228135160241182,0.794286308581222,0.144254945185693,0,0,1,1,1
0,1,-1.07093276110394,-0.180839292438785,-0.1966460704117,1,0,1,1,0
0,0,-2.12742675524713,1.15757082885353,0.169696411703929,0,0,0,0,0
2,0,-0.106407303016737,0.545743383447297,-1.00226050223726,0,1,1,1,0
0,1,0.290112404095504,-0.890737429357299,2.32019753086016,0,1,1,1,0
8,2,0.299636438409466,1.65329537503868,-1.63176401327908,0,0,0,1,0
2,2,0.417315003892008,-0.280205210708321,0.392148034833577,0,0,0,1,0
4,1,2.00140119322914,-0.442570975810192,-0.511720242040059,1,1,0,0,0
1,0,0.95877572135105,-0.567738410749675,1.2956436317145,1,1,0,0,0
2,0,0.701794140274545,-0.22289124609692,-0.979549914659393,1,0,0,0,0
1,2,-0.533378369794773,-0.292144725671716,-1.4842950564443,1,1,0,1,0
2,1,0.823135660811669,-0.779418808117406,-0.276844286938661,0,0,1,0,0
4,0,2.24259092527556,2.65747790780674,-0.456969638983293,1,1,1,0,1
1,0,-0.0608541174905634,-0.461866654746994,-0.173396299191118,0,0,1,0,0
1,2,0.108851089891188,0.354245843839329,-0.762537417828213,0,0,0,1,0
1,3,0.681985621359529,0.727339742416461,-1.21449401542774,1,1,0,1,1
2,1,-0.921077532982596,0.659306086444452,-1.20967478556217,0,0,0,1,1
5,0,0.940782567644136,-0.101869471293259,-0.0624434380622333,1,1,1,0,1
0,5,0.478402362368242,1.99319354219332,0.641032557242933,1,1,0,0,0
1,1,1.11319538911155,0.168177761611846,-0.1339288262809,0,0,1,1,1
10,3,-0.882480230921242,0.406245828066192,-1.34383511994045,1,1,1,0,0
0,1,1.82164006238552,0.383900285232438,0.663166375283804,0,1,1,0,0
1,2,0.837627850541022,1.11090335189505,1.29839424583701,0,0,1,0,1
2,0,-0.606507687447937,-0.648860482207144,0.031443364338854,1,1,1,0,0
2,3,1.28511680257034,0.608579851171788,0.640690987474893,1,0,1,1,0
2,1,0.324801822398466,1.14141966743388,1.56729604181148,1,1,1,1,0
2,0,-0.275843668990247,-2.00135841162742,-1.30891702784745,0,1,0,0,1
0,1,0.514483621777118,1.57632846884228,-1.10041318410238,0,0,1,1,0
3,3,0.851140902920483,0.243287720084788,-0.445326982814342,0,1,0,1,0
0,3,-2.14481051732166,1.66915191699937,0.352963999919915,0,1,0,1,1
1,0,1.90713264316068,-1.35256102030683,1.32664477973799,0,0,1,0,0
1,1,-0.288261150694873,1.49328595057366,1.06197178216196,1,1,1,0,1
1,1,-0.650644956660411,0.37645383516692,-0.411549950088641,1,0,0,0,0
0,0,-1.65619091446102,-2.72155298256441,-0.35795494079771,0,1,0,0,0
2,1,0.789325061580731,0.115455941735708,0.345661669022487,0,1,0,1,1
2,6,-2.02456582047377,0.518716112489798,0.194665964061139,1,0,0,0,0
1,1,-1.26293497901177,0.916420107482369,-0.772061773874824,1,0,0,0,1
3,4,-1.71503774246015,0.821551241174421,0.41892725171831,1,0,1,0,0
13,1,2.19306101507689,0.63239974311628,-1.68540849369951,1,1,1,1,1
7,2,0.137481158589971,1.09882041847497,-1.74788347874812,1,1,1,1,1
1,0,1.15222435140212,-1.56360201026544,-0.710918530237813,0,0,1,0,0
3,2,2.06551561807994,-0.597839766670449,-2.06900250302036,0,0,1,0,0
4,6,0.199166810496454,-1.93380038817791,-0.879731213202933,0,1,0,0,0
0,0,-0.627702421409741,-0.695622484744528,-0.259851896960662,1,0,1,1,0
0,0,-0.00161243199742319,-0.45867610581759,0.184632914133471,0,0,1,0,1
4,8,-0.30308357770974,0.634769462444551,-0.286684067639733,0,1,1,1,1
2,2,0.0259455877484434,1.91363815920757,0.975583438373021,1,0,1,0,0
0,1,-1.01655407735014,1.16343871595141,-0.914238235697887,1,1,1,0,1
2,3,1.00054124331051,0.969122937346062,0.85883373284701,0,0,1,1,1
2,2,0.281570312005432,0.118604610007514,-1.36664990706485,0,1,0,0,1
9,0,1.84334849896658,1.56406756583723,0.161338092390755,1,0,1,1,0
2,0,1.41463379742832,-0.186485751258536,-1.0383895717953,0,1,0,0,0
2,3,-1.32525483681563,-0.94774098368478,-0.836182620182727,0,0,1,0,0
6,5,0.662695291233369,-0.212275058447208,2.3257980513754,0,1,1,1,0
8,0,0.815806176456141,1.77152000848463,0.112888125570433,1,0,0,0,1
0,0,0.810713554200483,0.157619722853277,-1.76919419527297,0,1,1,0,0
1,5,1.20960721287948,0.578771781307443,0.237520737799583,0,1,1,0,1
4,6,-0.156286369313403,0.624167088283058,-0.268299707262392,0,1,1,0,0
4,2,-0.330418616507307,-1.36805609305235,-1.64445868010068,0,0,0,0,0
3,2,-0.100303280185692,1.16279910764192,1.88828116209458,1,1,1,0,1
1,5,-2.17841034667694,1.4551746195374,0.495888666719005,0,1,1,0,0
0,0,-0.573681025715334,-2.18315468140586,2.34401208890915,1,0,0,1,1
6,4,-0.813901393035421,0.91795918685532,-1.08751164635221,0,0,1,1,0
2,1,0.0894900230640453,-2.49560211255529,1.32477951211894,1,1,0,1,0
3,3,0.330725717616377,0.88056323110181,0.303746004796714,0,1,0,1,0
3,0,-2.54890409884022,-0.880878089118495,-0.692826970200653,1,0,1,0,1
2,1,0.437250931127528,0.195262138379078,-0.684182069801595,0,0,1,0,0
3,0,-0.543534498480141,-0.920454492094543,-0.897347497866094,1,0,0,0,0
0,0,1.5068979210891,-2.65494578990158,-1.4201935141936,0,1,0,0,0
1,2,-0.612709585864369,0.927645581249618,0.901520201746307,0,0,1,0,0
7,2,0.412695998209137,2.22728684144091,0.106569866021033,1,1,0,1,1
0,0,-1.0766490345375,-0.64933362850346,1.14686212865405,0,1,1,1,0
2,0,-0.952308009694166,-1.34934808590777,2.3919250795684,1,0,1,1,0
8,1,0.576004742798656,-0.773322470877872,0.343593419947454,1,0,1,0,1
3,3,1.06931606811285,0.799647724259773,0.810339381130405,0,1,1,1,1
0,0,-0.696228570527474,1.30657608021986,-0.0544205210170091,1,0,1,0,0
3,0,0.674115059942302,0.478251522845443,0.775435378477772,1,1,1,0,0
3,0,2.09135927880979,0.400477023355975,-0.438725769398948,0,0,0,1,1
8,1,0.183243357954614,-1.3609180139454,1.42076521791525,1,1,1,1,1
1,2,0.423457355123152,0.0893476045822009,0.84369043954273,0,1,0,1,0
21,5,2.59530123502515,0.712988364706725,2.30390447253863,1,0,0,0,0
2,1,-0.0285421744790204,-0.80083098226075,-1.34799311016635,0,1,0,0,0
3,2,0.185290576003125,0.843665574429558,0.725104994879849,0,0,1,1,0
12,11,0.0802507050625314,-0.122578424326609,0.737056147552137,1,0,0,1,1
0,2,0.500381734937073,0.289787431189956,0.0264950008771661,0,1,0,1,0
0,0,0.324043439883748,-1.42635140092059,0.169704475107564,0,1,1,1,0
0,0,-0.791836749882731,-0.714622215605732,-0.741133268444456,0,0,1,1,0
0,1,0.966917838838888,0.119744854124686,0.688848305812597,0,1,1,0,0
3,1,1.42793718337038,0.529382252319452,0.178260032079522,1,1,0,0,1
0,1,0.890491492166067,-0.493743038064603,0.351558059864347,0,0,1,1,0
5,3,-1.0914363459063,0.575124339141205,-1.21889777969371,0,0,0,1,1
3,1,-0.973874927078482,0.492317933168892,0.516651196281148,1,1,0,0,0
1,1,-0.844257038101504,0.0493082723970033,0.039980133509088,1,1,0,1,0
4,0,1.92480183519052,0.221889622400693,-0.668526056031003,1,1,1,1,0
1,0,0.202529415866585,1.33616412204971,0.889142178548302,1,1,1,0,0
5,1,0.0718084701737693,-1.11327981241515,1.17849517818894,1,0,0,1,1
0,0,-0.434509239298314,-1.42244905282746,1.31749335019239,0,0,1,1,0
0,0,0.137595234711625,-2.08979975466887,0.489872786871974,0,0,1,0,0
3,1,-0.373693101882991,-0.264063143264055,-0.0954590638146398,0,0,0,1,1
2,1,-1.48357905973119,0.77296825683893,-1.32135323846968,1,1,1,1,1
1,5,1.01156541792753,0.199123758119599,0.35243403664613,0,0,0,0,0
0,0,-0.125969897558147,0.649948116512857,1.75924940435654,0,0,1,1,0
0,0,0.720381098815788,-0.428506454089078,-0.0750637766256092,1,1,1,0,0
4,2,0.558655654611389,1.68322827348664,-0.263706072876201,1,0,1,0,0
2,2,0.849940246433382,0.623329449354135,0.39624302062877,0,1,0,0,0
5,0,-0.118523916400156,-0.810406966748175,-1.03176926340033,1,1,0,0,1
0,0,1.01513140678259,-0.161268168445837,0.955628107818785,1,0,0,0,0
1,0,1.74054076731011,0.517833902009629,0.176019890828287,1,1,1,0,0
6,4,0.859673365662061,0.125060129349463,1.04278226149951,1,0,1,0,0
2,1,-1.01609353508373,-0.176805644348491,-0.400170133594892,0,0,1,0,0
1,0,1.27821534020291,0.344361994085146,-1.11096053221868,0,1,0,0,0
1,0,2.09902382055542,1.01694325609254,-1.42853615373169,0,0,1,0,0
9,3,-0.162888307466013,0.757675877144132,-0.635426008466363,0,1,1,0,1
0,3,0.638936803997859,1.77793001450256,0.470870104063939,1,1,1,0,0
0,0,-0.884918236014894,-0.840306271415771,0.83228284815942,0,0,0,0,1
3,2,-2.40397505708781,-1.13941577878029,0.833255067931987,0,1,1,0,0
5,4,0.562685597483001,0.691598511298617,1.41789361342358,0,1,0,1,0
0,0,-1.2699033595679,-0.0530911405254691,0.0809023532384206,1,0,1,0,0
0,0,1.5590686461213,-0.193374221824176,-0.344007287650267,0,0,1,0,0
3,3,0.643233352932682,0.206900136787861,-0.401600270362161,0,1,0,1,0
5,3,0.15801058172579,-1.18435836505174,-0.806699270370621,0,1,1,0,1
1,2,-0.81348351921801,0.355121979201725,0.163153342797255,1,1,1,0,0
1,3,-0.615719777981865,1.1106062798973,0.984543565957974,1,0,0,1,0
0,2,-0.603280821658676,0.844494566640076,-0.00210341421436291,0,1,0,1,0
2,0,0.142768550971805,0.562416427517899,-1.07255717917857,0,1,0,0,0
5,2,0.887358932807212,-0.401587436416594,0.0580255305906722,0,0,0,0,0
1,1,-1.063939481107,-1.15886152104934,2.44501352796945,1,1,0,1,0
2,1,0.201941516819071,1.5488956226493,0.419365454628489,0,0,0,0,0
0,0,-0.277297000280018,-0.874352437228865,-0.385455843270876,1,0,1,1,0
1,0,-0.775802135590703,0.897030174387485,-0.952733371716413,1,0,1,0,0
0,0,-1.71021059918861,0.840750052086335,1.66068412471541,1,1,0,1,0
1,0,0.0239135470097087,-2.4646235774171,1.15352994001815,0,1,0,0,0
3,1,-2.22146730968732,-1.89650622672442,1.44307449695614,0,0,1,0,0
0,0,-1.39908373681601,-0.587420861096925,-1.1590898129777,1,1,1,0,1
0,0,-0.145078536800143,0.140325635407684,-0.947158213587993,1,1,1,0,0
3,2,0.151580495126601,-0.0676590485823945,-2.13135908947477,1,1,1,0,0
0,0,1.81034155877271,0.884422169587498,-1.75445855475891,0,0,1,1,0
0,0,0.352455806439207,-0.242778126163159,0.102722780800743,0,0,0,0,1
1,1,0.137373817832351,-1.09700426714646,-0.00267315110847137,1,1,1,0,0
15,3,1.18381340557369,0.828040771553304,-1.24837698398667,0,0,0,1,1
2,3,0.0152028285499302,-0.65757346187068,0.140477786222039,0,1,1,0,0
10,5,1.19875859808669,1.85554918180838,-0.0489610772265771,0,0,1,0,0
2,0,0.0670663134768864,0.186980875936403,-0.326903415057447,0,1,0,1,0
1,2,-1.69615920529452,-0.758080718489885,0.125240364368535,0,1,1,1,0
1,2,4.05695732621188,1.22406797736825,1.07718052059995,1,0,0,0,0
1,1,-0.123886028875701,0.562190202944576,0.38577131281666,1,1,1,0,0
0,0,0.992789076680911,-0.456414348726835,1.56125683624252,0,0,1,0,0
2,1,-0.400605624318754,-0.15075462619668,-0.0543398898648099,0,0,1,1,0
2,1,0.498685324529098,-0.385694590195325,-0.607130176603228,0,0,1,0,0
0,0,0.612615401422037,-0.627847790844969,-0.153910864606038,1,0,1,0,1
0,0,0.00489194765351629,-0.666504924748786,0.871082955106206,0,1,1,0,0
3,2,-1.16787900953728,1.39374666005555,-0.875156395905071,0,0,0,0,0
0,1,0.287115883622619,-1.00007802690065,0.173309790151952,1,1,1,1,0
0,2,1.23447404436653,1.10815283612873,-0.253092644186024,0,1,0,1,0
5,2,1.66966631747434,0.0643862962610642,0.608451579031723,0,0,0,0,0
5,2,2.04088765810973,-0.798473734088685,0.587018958015837,1,0,1,0,1
4,9,0.182529385738325,0.2210710993982,1.68485536031892,1,1,0,0,0
2,0,-0.0432163714469074,-0.300513052522869,0.056653197015778,1,0,1,0,1
2,0,1.49435277714562,0.577648812896239,0.178277319763218,1,1,0,0,1
1,0,-0.865823843581089,-0.949134826990239,-0.480992543398323,0,0,1,1,0
1,0,-1.30723061555005,-0.182498975460279,-0.63789200153692,0,0,0,0,1
1,1,-0.606812791474091,0.64035356406129,-0.47442717158544,1,0,1,0,0
2,1,0.499006481605081,1.18169273842776,-1.17020588049855,1,1,0,0,0
3,1,-0.807576976488292,1.04226080743692,-0.479233236763718,1,0,0,0,0
2,7,-1.86082231512649,0.504150846710627,-0.89812059490876,0,1,0,0,0
1,1,-1.68642938911522,0.602790947731079,-1.670099767481,0,0,1,1,1
0,0,-0.261256200083033,0.468158269571563,-1.11511123855751,0,1,1,0,0
0,0,0.454579545824803,2.21665286098162,-0.795693598950174,1,0,1,0,0
1,0,-0.790224666581057,0.24392879385791,-0.336916866462204,1,1,0,1,1
4,2,0.509375422837717,0.71100765584195,-0.704392798142491,1,1,1,1,0
2,3,-0.189040723215335,-0.0460582716700633,-0.715201093850279,1,1,0,1,0
0,0,0.722433497351048,1.09989096752115,-1.12869829046175,1,1,1,0,0
7,4,-0.53439009370736,-0.262591240708212,0.975817629720199,1,0,1,1,1
1,0,-0.403345009370151,-0.360144097001554,-0.636743624624432,1,1,0,0,0
7,1,0.0550441283883963,0.621060479347952,0.375940055728724,1,0,1,1,1
0,0,-1.18015682602082,-0.555297401882994,0.7289761174927,0,0,0,1,0
0,0,-1.89154741410644,-0.725457172486517,0.321988063531468,0,1,0,0,0
1,0,-1.09390821685564,-2.88716125108331,1.24873415236595,0,1,0,0,0
2,4,-1.23440791099896,-0.18125634196513,0.225516617290768,0,1,0,1,1
1,2,1.1297904092998,-0.281805622700815,-1.67314966432698,0,1,0,0,1
5,1,2.21752246903723,0.183564149512616,-2.06083936103466,0,0,1,1,1
1,1,0.664664938339073,-0.949216241758133,-0.631195859736926,1,1,0,0,0
2,0,-1.06382722633116,-0.962988504061225,0.805921346953839,0,0,1,0,0
0,1,-1.044235802311,-0.586599627357333,-0.85093488332101,0,0,1,0,0
0,2,-1.17694950647541,2.90975279497978,1.09632529112063,1,1,0,0,0
1,0,1.33556173468353,-1.2286772992964,-0.342264828747602,0,0,0,1,1
0,1,0.811605546720004,1.59762089926339,0.910703906964916,0,1,0,0,0
1,1,-1.36448786235693,0.00114739890323268,0.457205579482206,0,1,0,0,0
0,4,-0.784745767964875,-0.399976639917886,0.70625088013569,0,1,0,1,0
12,0,1.67996329071612,-0.894033821162526,-0.950141464589862,0,0,0,1,1
9,3,-1.46382667090678,0.475082537767672,-0.813145486582437,1,1,0,0,1
2,3,0.309221008829569,1.29915997835501,-0.400031327956951,1,0,0,1,0
1,5,-0.358798417214806,-1.12340077483857,0.892419075457527,0,1,0,1,0
1,1,-0.17593479877804,0.452727363774756,-0.145702999531898,0,1,1,1,0
6,1,-0.251730655915636,-0.309790393255936,-0.458525680640133,0,1,0,1,0
2,5,0.0476448358031262,0.340377238875412,-0.943163258683833,0,1,0,0,0
3,3,-0.0561540716138821,-0.556126229496238,-0.307933387750881,0,1,0,0,0
0,0,0.320341019770929,-0.537794051317144,0.142842076372478,0,1,1,0,0
4,2,0.758333308898289,-0.305056865779098,1.6880896987042,1,1,1,0,0
4,27,1.8172401169601,1.67470920927411,-0.0309156203551377,1,1,0,1,1
0,0,-0.473396504635344,-0.55973031571092,0.0488136905005666,1,1,0,0,0
2,2,0.492450908096093,0.68018661315113,-1.08605679365342,1,1,0,0,1
4,4,0.871839322846777,-0.0229200081497137,-0.451953203219203,0,1,1,1,0
1,0,0.276659642171364,-1.24844574525221,-0.477229880318624,0,1,0,1,0
3,0,0.561081742016293,1.66794885241431,-1.45540742570478,1,0,1,0,0
3,1,-0.182823675747869,1.03686450454313,-0.973242805903078,1,0,1,0,0
2,0,-0.145776894900075,-0.727411056018071,0.823188707422493,1,1,0,0,0
1,0,-0.164782991557815,-0.374706780528718,0.922933056822182,0,1,1,1,0
0,0,-0.869691702348241,0.0696035224341435,-0.362871162803069,0,1,1,0,1
1,4,0.630673874462743,1.14472468757296,0.621762914173735,0,1,1,1,0
4,2,-0.407775001767286,0.887720299757448,-2.22833660885515,0,1,1,0,0
0,0,-1.22052650685192,-1.10699309797653,0.83645149789312,0,0,0,0,0
0,0,0.160459664715247,-1.89535103815067,0.513770812019042,0,1,0,0,0
7,1,0.577511786150627,-1.27555271140007,-0.975921216105467,1,0,1,1,1
5,1,0.0145219098543308,-0.623348222275047,-0.0254807009952513,0,1,1,1,0
3,0,1.40016261240647,0.806378934446246,-0.865565058557408,1,1,1,0,0
1,3,-0.493148298453974,1.02947960388984,0.938106678422019,1,1,0,1,0
4,3,1.5088045471757,-0.828222788261121,-0.998614983450121,1,1,0,1,1
4,5,0.656823243003863,1.57183276670464,-0.171474946949187,1,0,0,1,0
0,4,-0.281175309171768,-1.44750123685383,0.833267114356249,0,1,0,1,0
1,0,1.16136403171862,0.668069062030477,-0.363772899177713,0,1,0,1,0
2,0,1.00325892137078,1.01817497673898,-0.185643265607346,1,1,1,1,0
5,2,0.511463222616366,0.420255644858793,1.26148473675788,1,1,1,0,0
1,0,-0.323425712797544,-1.05838504622612,0.197792691635602,0,0,0,0,1
3,1,0.23467503468308,0.68190503591287,0.873106243724637,0,0,0,1,0
2,4,-0.0190037175632432,2.18821918912019,-0.42691176827701,0,1,0,0,0
2,3,0.443603731934703,-0.469335582667555,0.072674175801422,0,1,0,0,0
0,0,0.883139767800796,-0.0663667149618476,-0.672273691634899,0,0,1,0,1
0,5,1.3612319120619,1.18381509940349,1.13502550098009,0,0,1,1,0
0,0,-0.30653005800403,1.25514050691101,-0.392760738359368,0,1,1,0,0
0,0,0.405238938424067,-2.13859195060073,-0.318737817672932,0,1,0,0,0
9,2,0.0783815500133138,0.153735293349046,-1.46842195582933,1,0,0,0,0
1,1,-0.201031244156032,0.857437794171281,-0.860722090293252,0,0,0,1,0
2,1,0.632054118985001,-0.538094795209781,0.10662798375738,0,0,0,0,0
0,0,2.05222998547942,-1.73991905434003,-0.147923041653712,1,1,1,1,0
0,0,0.394235138202594,1.4084486196296,0.288942022971058,1,1,1,1,0
1,0,-0.897426144463081,-0.729941112373785,1.07919859898706,0,1,0,1,0
1,3,-0.101600102931581,-1.65354740404427,1.1768166595844,0,1,0,0,0
1,0,1.17065442204522,0.5131131316674,-0.401299942463385,1,1,0,0,0
2,0,1.77498993642481,1.27466385259674,-1.01505927952842,1,1,1,0,0
0,0,-0.15799802931647,-1.5593815855441,1.69659062938499,1,1,1,0,0
2,4,0.446934832235274,0.104275097016172,1.12824475122894,0,1,0,1,0
4,1,1.42561888368765,-1.37067248095283,0.942041935633899,1,0,1,1,1
2,1,0.355985250939367,-1.43881004184855,0.363069994900739,0,1,0,1,0
0,3,-0.894452552678451,0.589211231409318,-0.520283135844424,0,1,1,0,0
1,2,1.39098728647096,0.752718652366379,0.443256854596104,1,1,1,0,1
1,13,-0.382798402557563,-0.475756973268811,0.541105128609215,0,1,0,1,1
3,1,2.03126388020231,-1.56785422504566,-0.888194890828352,0,1,1,0,0
2,3,0.909585675751555,0.0158466143059153,0.939965514280625,0,1,1,0,0
2,0,0.982572677857713,0.541605234620215,0.61157509597591,0,0,1,0,0
2,1,0.628332103131708,1.32600184135806,-0.865677046372892,0,1,1,0,0
1,5,-0.872277383916936,-1.07614138755535,1.66417983011539,1,0,0,0,1
2,1,-0.452303781927156,0.993317703572571,-0.100389402605378,1,0,1,0,0
1,5,-0.201869638782076,2.85079709310594,-0.520984675321739,0,1,0,0,0
5,3,-0.173368091028123,-1.82780907185973,-0.583750550603946,0,1,1,0,1
3,1,0.538482717362225,-0.0261792396572498,-0.833444535459043,0,1,0,1,0
4,4,-0.46337863168665,-0.0503796158825989,0.899832767889037,0,1,1,1,0
2,2,0.0695588305390547,-1.46323274442429,0.202916615063118,0,1,0,0,0
1,2,0.44198464876571,-0.000146988910119414,-0.385665302985913,0,1,1,0,0
0,2,0.94208474973574,-0.950092507624289,0.731356993384157,1,1,1,1,0
1,3,-0.470210439298995,0.112764556398569,0.920786132670142,1,1,0,0,0
2,0,1.53568351674494,-0.14197811181102,-1.70132991695363,0,0,1,0,0
0,2,-1.08453507552128,0.428712961749413,1.0493662088238,0,1,1,1,0
2,2,-0.237346256404733,1.27517326030392,-2.31230629499211,0,1,0,0,0
0,0,-1.30401045737986,0.242614183503641,1.08935904304802,1,1,0,0,0
2,0,-0.908331808086364,0.0421080454546914,1.0929900852763,1,1,0,1,1
1,1,0.352743701409332,0.448104443142161,-0.806769795704398,1,0,0,1,0
2,2,0.0771976006821763,0.410594518716306,0.151125251560886,0,1,0,1,0
2,3,-0.366833101657579,-0.270018978840922,0.318750055639203,1,1,1,0,0
2,1,-0.523024766533938,1.04197083802944,0.340493630539037,0,1,1,1,0
4,3,-0.729420269763049,-2.16138921639622,1.13257450213164,1,0,0,1,1
1,0,0.534773502232248,0.0804221361295708,-0.655524673484834,0,1,0,1,1
1,0,0.23699285761503,-1.24335807696311,0.0376232140603447,1,1,1,1,0
0,0,0.272322939665747,2.13635884247911,-0.0502033535298011,1,0,0,0,0
3,6,0.00794151566787305,-1.15931780542981,1.64635795919908,0,1,1,0,0
2,6,-0.458811963785845,1.65734161130277,0.674374532873195,1,1,1,0,0
2,0,0.114584982186876,-0.602296418182453,0.0523776481126982,1,1,0,1,0
1,3,-0.377429120312305,0.801490748318138,-1.30908686778849,1,1,0,1,0
3,1,0.48119062519723,-0.239931056604515,1.14598508236038,1,0,1,0,1
0,0,1.35382507644202,-0.825926968577953,0.447319723877242,1,0,0,0,0
0,0,-0.159621677712164,-0.365706720796587,2.51305382255581,0,1,1,0,0
0,0,0.0783741042150225,-0.497748849210196,0.667431523801478,1,0,0,0,0
2,0,-0.380284949689819,-0.32174229060962,-0.133930924446956,1,0,1,0,0
1,0,-0.233947907567548,9.32729811559327e-05,0.00916872834424986,0,1,1,1,1
6,1,1.55886448438132,-0.386191202379114,0.486428591447465,1,0,1,0,0
2,0,0.768197166659793,0.0426117725104165,0.527355496835593,0,0,1,1,1
2,2,-0.496325020098534,1.37918866249158,-1.74518637663841,1,0,0,0,0
2,0,1.11275742258393,-0.499733074624872,-0.517926526481663,0,0,0,0,1
2,0,-0.293247995473005,0.321445306916715,0.264849807643341,0,0,1,0,0
2,0,1.31469472492084,0.458097822862778,-0.925749884195073,0,1,1,0,1
0,2,0.763133508009004,1.26366377595115,1.3565922818625,0,0,1,1,0
0,0,0.034707340164625,0.132938995866329,2.07610816155405,0,0,0,1,0
1,1,-0.728810056864526,1.42875969797508,1.27846222075024,1,0,0,1,0
4,4,0.163017728506778,-0.537351131230236,0.24504820005171,1,1,0,0,1
9,0,1.87318553818025,1.24787646772216,1.76977163934582,0,1,1,0,1
0,1,0.45783540190748,-1.56214328809569,1.65140125213136,0,1,0,1,0
1,2,0.839890552367721,0.771533814578551,-0.491137338180732,1,1,0,0,0
2,0,0.534358903459067,1.86951995191179,-1.81998776880847,1,0,1,0,0
3,1,0.508537415032485,0.101402756825515,0.494922701938223,0,1,1,1,0
2,0,0.670430527081068,-0.656748659932624,-2.11318626470728,1,1,0,0,0
5,2,0.429284443295263,-0.144293819024927,-0.772681316661251,0,0,1,0,0
1,6,-0.25086099562422,1.36115610977023,1.66059349321181,1,0,0,0,0
2,0,0.434403629676191,-0.602169383109522,0.210678284733347,0,1,1,0,0
5,3,0.0243194929733262,-0.769928916792892,0.226982730268736,0,1,1,0,1
5,4,2.24087669427806,0.955683343278459,-0.733260171487571,0,1,0,0,0
4,0,0.930824038882252,-0.695630262527586,-0.318455444986214,1,0,0,0,0
8,0,1.12286036888319,0.506157614782501,0.468487170778722,1,0,1,0,0
4,1,-0.635586804459999,1.38210048316523,-0.163474890626868,1,1,1,0,1
3,3,0.045091433792106,1.09995986066841,2.51310177266407,1,0,1,0,0
0,0,-1.05054682910901,0.171564957003793,-1.02184878088358,1,1,0,0,1
4,1,-0.0691331377856015,-1.074555107337,-0.724789773291239,1,0,0,0,0
2,2,-0.468824734504127,1.27853040474345,0.528863860886046,1,1,0,1,0
0,2,-0.853206547162216,0.461732683147609,0.446342801659426,0,1,1,1,0
2,0,0.0343254403519297,0.938946649817697,-0.396656086953627,0,1,1,0,0
5,4,-0.0451976241369669,1.14578153878391,0.628371503385683,1,1,0,0,0
1,1,0.41611718877649,-0.690186540729557,0.388627349336761,1,1,1,0,0
3,1,0.852269307689546,-0.816144063144729,0.218026122394784,0,0,1,0,1
2,0,1.88055607207663,-0.177090968559665,2.20326673112724,0,0,1,0,0
1,0,0.783483796054359,-2.43686693820251,1.29818851632178,0,1,0,1,0
4,1,1.27182201571618,0.627324662835356,-0.995495843183835,1,1,0,1,0
2,2,-0.572740693643047,-0.263356382915589,0.503951663439546,0,1,0,0,1
0,0,-1.67598342337097,-0.938017697868412,0.582466784058487,1,1,1,0,0
5,3,0.323330597938118,0.527445612050758,0.122373477168662,1,0,1,0,1
0,2,-1.87717326840558,0.319173889207007,-0.162146787013852,1,1,0,0,1
1,1,-1.85653160896043,-0.0626744824335409,0.814965340801877,0,1,0,0,0
4,6,-0.689340693258415,0.00795872670785336,-1.28066541322701,1,1,1,1,1
1,0,0.356372307202951,0.376041939850673,-0.056195061653292,0,1,1,0,0
1,1,-0.320448007002095,-1.40944407650579,1.0604307067343,0,1,0,0,1
13,6,-0.278644879908841,1.0670415900807,-0.414530057226057,1,0,1,0,0
0,2,0.0188081863317473,0.13656784517357,-0.018240648784299,0,1,0,0,0
1,0,-0.838801140307396,-0.784719920014384,0.527847851412074,1,0,0,1,0
3,2,0.694457078585128,-1.09022681650648,-0.771454038664098,1,0,0,0,0
2,2,-0.543229482636231,1.09936333445633,0.138268290117451,1,1,0,1,0
3,1,0.966511650234946,-0.541831776262464,-0.999770895711202,0,1,1,1,0
1,0,-0.889498220549801,-1.53904847112581,1.01174320834766,1,1,1,0,1
6,0,1.67050930724236,1.31177695345038,0.317470111210513,0,1,1,0,1
5,4,0.446566519150959,-0.214833056949709,-0.990990062954006,0,1,0,1,1
1,1,1.81212719134679,-0.396846167036301,0.785680867923339,0,0,0,0,1
0,1,0.210506595763208,1.12379736394257,-0.0147093799290968,0,0,0,0,0
2,1,-0.797943667113518,-0.915402266076362,-0.240288577422618,0,0,1,1,1
4,5,0.0217405733022562,-1.91235718398671,-0.843408137104537,1,1,0,0,0
3,1,0.516549328197423,0.56620453435627,0.471782381466295,1,0,1,0,0
3,1,1.29822057211161,-1.49159102451882,0.371171096379293,1,1,1,0,0
2,1,0.240548679251746,1.35990135679954,1.73109770311642,1,1,1,0,0
1,3,0.91648547955169,1.90128394287809,2.55384279253084,0,1,0,1,1
0,0,-1.31398290434148,-1.41204436894131,0.0704585379079643,0,1,0,0,0
3,1,-3.33856963089651,0.299145196796666,0.975578168049847,1,0,0,0,0
0,1,-0.602263104879006,-1.38449859830795,-1.21859905281854,0,0,1,1,0
4,2,-0.27368918374431,1.10308673860363,-0.234477060993797,1,0,0,0,1
3,3,-0.424902532316888,0.576790779910481,-1.13262950663416,1,1,1,0,0
3,4,-0.344455340581606,1.12631223001883,0.141481365144106,1,1,0,0,0
0,0,1.22929092202708,0.500352548613598,-0.690682085102595,1,1,1,0,0
0,1,0.652272186810396,-1.95772607212481,1.33514336929697,1,1,1,0,0
2,2,0.929167006499853,1.35700016371277,1.14775091439394,0,0,0,1,0
4,2,-0.657587269892018,-0.379970177938318,-1.16382443891246,1,1,1,0,0
0,0,0.477037548497911,-0.519385891360269,0.934795708743008,1,1,0,0,0
9,0,-0.570472201654128,1.29398431382304,0.256917923004923,1,0,0,0,1
0,0,-1.3569539667997,-1.00924748588451,-1.91980846952612,1,1,0,0,0
0,0,1.50810836971049,-1.7081600707647,0.658505781413338,0,1,0,0,1
2,0,-0.0328518633733373,0.904659958328405,-1.87905622115671,0,0,1,0,0
2,1,-0.248346282500495,0.579983241928195,1.25356405353473,0,1,1,0,1
13,4,1.72374266905315,2.29536691028777,-0.420085569606597,1,0,1,1,1
3,2,0.865004248855331,0.155408244241278,-0.416200007638363,1,1,0,0,0
0,0,-0.183751133798454,-1.28120781932083,-0.449289465323668,0,1,0,0,0
1,1,1.25812061986857,0.280108449006398,0.873836264637142,1,0,1,0,0
1,0,-0.449145184788786,1.51603098813675,0.62545104539651,1,1,0,1,1
0,0,-0.47390539442938,-1.22287114791434,0.37032753963719,1,0,1,0,0
5,1,0.462432376433708,0.437390936944049,-0.925214725773936,1,1,1,0,1
4,1,-0.221528365968288,0.406437704109636,-0.0224282257297594,1,1,0,0,1
1,0,-0.0109308713858501,0.161084814980839,-0.780881226377901,1,0,0,0,0
1,3,0.199739431135757,0.35925602630316,0.510807231764645,0,1,1,0,0
1,5,-0.692984636329614,0.462725959036562,0.466190290106355,0,1,0,0,0
5,1,0.0379635555634285,-0.48709512668724,-0.329120907672403,0,0,1,0,1
3,3,-0.659909799405012,-0.848631587331577,-0.296089967226191,1,1,1,1,0
0,0,0.953348754700667,2.20461690526249,0.863447632809788,0,1,0,0,1
0,1,-0.433968108438474,-0.30975624926784,0.17307836842864,1,0,0,1,0
0,0,-0.718948781212644,-0.444641077653584,0.705937795478304,0,0,1,0,0
0,1,-0.463638334906785,0.51958834170429,0.979858723653247,0,0,0,1,0
3,8,-1.55889436186554,-0.267981674389229,-0.955968412211978,0,1,0,0,0
0,1,-1.22925721678233,-2.24930796563176,-1.97072191957241,0,1,0,0,0
2,0,-1.19850470243797,0.156918090644606,-0.116703863253611,1,0,1,0,0
1,1,1.12856088795669,1.28755915595841,0.0039027505365131,1,1,1,0,0
2,2,0.229524909270406,-1.31238294475744,0.490669357691322,0,1,1,1,0
3,0,0.616414507802876,0.137911715877046,-1.22906675635552,0,0,0,0,0
1,2,-0.402304235690857,1.21499478751577,-0.148293730514674,1,1,1,1,0
0,0,1.10795048435506,-1.19359539232721,0.278989140693947,0,0,1,0,0
2,1,0.938906816208587,0.99967597080624,2.0660328674059,0,1,0,1,0
0,0,-1.20703995580912,0.2608375120206,-0.434213665249077,1,0,0,1,0
1,1,-0.868987573150522,-0.555763173128786,-0.948235958885084,1,1,1,0,1
0,0,-0.302362498059934,-0.842352887382558,0.564502209281859,1,1,1,0,0
0,0,-0.0499742798811467,-0.71597825052442,-1.0912005955252,1,1,0,1,1
8,2,-1.61728585553213,-0.125021475436734,-0.765208775434499,1,0,1,0,1
2,0,0.0829748273975378,-1.06036638728093,-2.74098328233279,1,1,0,0,0
3,2,0.231151836327631,2.00850269461076,1.71459510195587,0,0,1,0,0
1,2,-0.0892311485237702,-0.548174473642104,0.137572439077463,0,0,1,0,0
2,9,0.308673378926905,2.39298831396712,0.794195659988072,1,1,0,0,0
1,3,-2.04496314148395,-1.14112008463215,-0.726297623938657,0,0,0,1,0
2,0,-0.0182684903086342,-0.77531350337932,2.06080637889551,1,0,1,0,0
4,2,-0.371175356989196,-0.568752781313754,-0.568687271404377,1,0,0,0,0
0,0,-0.535552454057118,-0.417951512453948,-0.741722414772291,1,0,1,1,1
1,1,-0.446101959801677,0.00242618475904015,0.692820951718675,1,1,0,1,1
7,1,0.482994264507731,0.65713157951693,0.878866780222249,1,1,1,0,1
0,3,-1.8629061294945,0.953180936396941,-0.786119951811332,0,1,1,0,0
3,0,1.49308720575608,-0.733235927915981,-0.241699109645106,1,1,1,0,0
0,1,0.020423835279786,-0.928722214344379,0.63754845020564,1,1,0,0,0
3,0,-1.5580518889273,0.993726656558202,-0.10416811948021,1,1,0,0,0
1,0,0.386389026977075,-1.23225159055275,0.935651055306264,1,0,1,0,1
5,4,-0.99196859164543,0.886589471644024,-1.2260704323056,1,0,0,1,0
1,1,0.647763310624885,-1.69973085645626,0.731518495228422,1,1,0,0,1
8,3,0.959714020646679,0.907834949975011,-0.202446457761447,0,1,0,1,0
2,9,0.942404797031525,0.746202741060099,0.813454851793382,0,1,1,1,1
2,0,0.962630935298882,0.866203959087513,0.492235539108811,0,1,1,0,1
2,2,0.197077868458469,-0.994843972525256,0.68127082853649,1,1,1,0,0
2,0,1.45448088334408,-0.554684639141878,-0.571478893404726,0,0,0,1,0
2,1,0.381600309892206,-0.277724465769638,0.653834715742845,1,1,1,0,1
2,0,0.0259492113629527,-0.941503325939729,-0.919009738248455,0,1,0,1,0
2,4,-0.990084137572207,0.0689404229268121,0.159498640560189,1,1,0,1,0
1,0,1.54738447732297,1.89785563353114,-0.681102591041675,1,1,0,0,0
1,2,-0.0537827841383251,-1.90392451331409,-0.13083547076211,0,0,0,0,0
0,1,-1.65049149428832,-0.963688074807387,-0.0434220341392811,1,1,0,1,1
2,0,-0.146627270832666,0.772946224693045,-0.678241065204126,1,0,0,0,0
0,0,0.442283952054932,-0.185650634300385,0.503133223503643,1,0,0,1,0
3,2,0.267320136110148,1.35462874480694,-1.34254304980934,1,1,0,1,0
3,3,-0.27445673262214,-0.959253382356291,-0.419726917686109,1,1,0,0,0
3,4,1.38554566287067,-1.07081231089316,-1.83750671432715,0,1,0,1,0
1,0,-1.57603441125178,0.00719790737886897,1.74762668565751,0,1,0,1,1
2,5,-1.40778759108323,-0.778379312177253,-1.04450045121167,1,0,0,1,0
3,1,-1.84787283601396,0.240281211022688,-0.228526564207277,0,1,1,0,0
0,1,1.86738757450839,-1.13158833353431,0.83939125810789,1,0,0,0,0
0,0,1.36761787055653,0.749547137818549,-1.88650880129029,1,0,0,0,0
0,2,-0.643772776137449,-0.206640800795353,0.146539572804053,1,1,0,1,0
3,1,0.0225338763647671,0.32650949445016,2.13550746773776,0,1,1,1,0
3,0,0.822614909852882,0.882918978873304,-0.120587682987601,1,1,1,1,0
3,3,-0.920670997651329,0.00495138895059596,0.495444699714672,0,1,0,0,0
6,3,-0.0978497081225174,0.604579453232126,-0.743328438788776,1,0,0,0,0
1,0,-0.688001403161453,0.279740257420229,-0.236708384581962,1,0,0,0,0
4,0,1.31495537933335,-0.10363353497551,0.21340889409035,1,1,1,0,0
1,3,-2.01550365705507,1.05000689955088,0.786411951853577,1,1,0,1,0
5,5,1.09207662834615,-1.01781237452614,-0.357691239575943,1,1,0,1,1
7,3,-0.623948562967419,-0.173270924205905,-0.200363539523643,0,1,1,1,1
2,0,-0.174325214812221,-1.52870755935525,0.729121432721568,0,0,0,0,1
0,0,-0.526956288430507,-1.34004482393402,-0.858415873569442,1,1,0,0,0
7,3,0.252222545608309,0.206704443303132,-0.460001014343444,0,0,1,1,0
2,1,-0.525785710525555,0.506743347838225,-1.25503605795457,0,0,1,0,0
3,1,0.597315569247773,0.646643823566814,-0.373060387517945,0,1,0,0,0
0,0,1.23449379722932,0.0349564778270779,0.463357795816073,1,0,1,0,0
5,6,-0.0242605148368048,0.206942897359594,0.535274359459836,1,0,1,0,0
0,0,-0.0306309559987723,0.416561373455302,-2.06112562417478,1,1,0,0,0
0,0,-1.07529185125479,0.903151225258337,0.065443903203125,1,0,1,1,0
1,0,-0.019801617422758,0.176853264719192,-0.139669167136716,0,1,1,0,0
8,2,-1.01810706349881,0.615619469409555,-0.608382041225024,1,1,1,0,0
1,6,-0.879180697355059,0.186427765938753,0.0787487405048266,1,1,0,0,0
1,2,1.70041318475196,0.387506972671246,-2.55512813971984,1,1,1,0,0
4,0,-1.4852204549207,0.892652122529693,1.0953504321889,1,0,0,1,0
2,2,-0.226281219725087,0.621195976443779,0.592332195923455,0,1,0,1,1
2,1,-1.43401483348519,1.08082467123725,-0.610152426311904,0,1,1,0,0
3,1,-2.88831318827867,0.285651799369795,-1.30746953387257,1,0,1,1,0
3,5,-0.318823335225634,0.684839148564138,-0.355895788891161,0,0,0,0,0
2,3,-0.260392929827304,-0.949856064228122,-2.57049293458209,0,1,1,0,1
3,3,1.79698670234269,-1.04566498973921,1.27981699397662,0,1,0,1,0
1,2,-0.231659916667689,0.0408298678699844,0.388673466269828,0,1,1,0,1
0,0,-1.12850445844072,-1.04959698870541,0.039199177956852,0,0,0,1,0
2,2,0.895865613927154,1.0231964318429,-0.341347168891276,1,1,1,0,0
1,2,-1.55968719115678,1.32996558252903,-1.81996545613153,0,1,0,1,0
1,1,-0.209025221601233,0.946933413538993,0.0439345131447743,0,1,1,1,0
5,0,0.115880240408322,-0.761046178702285,-2.28112219847506,1,0,0,0,0
2,5,-0.604187057704062,-2.65099959043695,-0.193709671055062,1,1,0,1,0
2,3,0.381161393874206,-0.109680177316932,0.484125541192527,0,1,0,1,0
6,2,0.84064445592814,-0.529809017162232,-0.721540788645676,0,1,1,1,0
0,0,-1.01969799126854,-1.6020948286336,0.866851099428772,1,0,1,1,0
1,4,0.466519125551674,0.696053003566423,-0.0551982195754951,1,1,0,0,0
0,0,-0.698295050733001,1.5536818477917,-0.808234367356307,0,1,1,0,1
1,0,-0.0563213434910018,-0.494611861909001,-0.978771448585144,0,0,0,0,0
1,0,-1.26672629285237,-0.375837560105621,-0.150876524177165,1,0,1,1,0
2,1,-0.571876563045656,0.428552345792066,0.0754403542256473,0,0,1,0,0
2,2,-0.993692414005559,-1.11252581268105,0.985118978539724,1,1,1,0,0
1,0,-0.0364880715608161,-1.15088139000307,-0.768718717623505,0,0,1,1,0
5,1,0.906798287227051,0.461953939822905,0.264526830598635,1,0,1,1,0
2,0,0.645411375809739,-1.00244914388159,-0.975858267501201,1,0,1,0,0
0,2,-0.345347950943718,-1.00456185793711,0.837232737566752,0,0,0,1,0
2,0,0.00955338074014874,0.376444647701093,-1.0048483561058,1,1,0,0,1
1,1,2.22031439184728,-1.41678618211134,-0.51769403404769,0,1,1,0,1
4,4,0.69336362865619,0.0768375596429943,0.638254838035629,0,0,0,1,0
6,3,0.19123363872167,0.416767370492799,0.101086323242778,0,0,1,0,1
1,3,-0.13534152913967,0.0530314096816318,1.07771480646112,0,1,1,0,1
1,1,-1.48077219064725,-0.342320463607138,-1.1123376788874,1,1,1,0,0
2,1,-0.185856377632938,-0.709592703656329,1.00343809397445,0,1,1,1,0
8,1,0.827189052177065,0.592269064805503,0.121253519243357,0,1,1,1,0
1,2,-0.395152271756116,-0.176883557259357,0.713530354719719,0,1,0,1,0
0,0,-1.93572293299059,-1.61607154077463,1.0779332904967,0,1,1,0,0
2,0,-0.572947568236648,-0.0424115456611256,0.530285540189925,1,0,1,0,0
6,0,-0.98617903471564,0.556260232549752,1.2377069454182,0,0,1,0,1
2,0,0.219777439905322,-1.00761620606524,-0.37083228936064,1,1,1,0,1
3,3,1.25649628045854,-0.315113553631568,0.649674305834913,1,1,0,0,1
7,3,-0.0399353350812129,-0.741569697220191,-1.7314666033108,0,0,0,0,1
1,5,1.77615976209561,1.04454566183365,1.43074978080608,0,1,0,0,1
1,0,0.850801517300162,-0.696023417052534,0.682517757879821,1,1,1,1,0
0,0,1.78053367198441,-0.393603611936711,-1.20642006663818,0,0,0,0,1
0,2,-1.03658075436632,0.339343066127102,1.65768731262457,1,0,1,0,1
3,3,-0.164908496353971,1.42870816950692,-0.0537072207780966,0,0,1,0,0
3,0,-0.261724312778951,-0.449019117517892,-0.453521825437613,0,0,1,0,0
6,2,0.258859937370161,0.382297413413604,1.04300842795794,0,0,0,1,0
1,0,0.943717804937867,-0.192069477551789,0.108106337009353,1,0,1,0,1
1,4,-0.597545126586257,-0.198514463008196,-0.148477309010534,0,1,1,0,1
2,4,-1.32430847280399,-1.00982863949901,1.11875036004467,1,1,1,0,0
0,0,-0.490553101856425,-0.260745546934471,1.0577623821961,1,1,0,0,0
4,2,-1.03418742786528,-0.0341594068679199,-1.36065202299558,1,1,1,0,1
1,0,0.917480906508561,-0.638736763347341,-1.78421249421365,0,0,0,0,0
0,0,-0.114601466300974,-0.323600397740498,0.0154645923023216,1,1,1,0,1
1,2,1.04570270712135,-0.499491749631207,-0.0140234049035983,1,0,1,0,0
3,9,0.143483067204825,0.61823924398137,1.08379506611249,0,0,0,1,0
6,2,-0.301186900584727,-0.681301095761324,0.0949149956081432,1,0,1,1,0
2,1,0.61710920625036,-0.294900906456193,-0.148483630943863,1,1,1,0,0
4,3,-0.451080327025849,-0.0927467209020689,-0.224895904294134,1,0,0,1,1
2,4,0.0686700416315246,2.3222396105093,1.24629037963033,1,0,0,0,0
1,0,1.70002081999787,-0.481200968352792,-0.963260864603195,0,1,0,1,0
15,4,0.466901959093909,0.742348573021639,-0.50764340508354,1,1,1,0,1
1,0,0.564827245337818,1.75783788654975,-1.2126759820665,1,0,0,0,0
4,4,-1.42540483310919,0.595119814051541,1.97005034996996,0,1,1,1,0
2,0,0.117228270568479,0.501963938049576,-0.829630422582313,1,0,0,1,0
6,3,-0.47125179883004,0.388504910681473,0.564892264876647,1,1,1,0,0
0,0,1.35489007416553,-1.2033293819341,0.00399089778961008,1,1,1,0,0
0,0,0.768883463326786,-0.544568981052972,1.42146072210171,0,0,1,0,0
0,2,-1.73591577891876,-0.473231497676672,2.00872157142863,1,1,0,0,0
0,1,-0.395808620809257,-0.614691723447057,0.299895370370781,0,0,1,1,0
1,0,0.26523519591311,-0.49291140865169,1.33987730205651,1,1,1,1,0
1,0,-0.121726719972432,0.561984970887848,-0.887078465167654,1,0,1,0,1
4,0,-0.069213716421444,0.338052677307199,-0.668267500998732,1,0,0,1,0
3,9,0.539698171474323,2.2770404761301,1.85697904315629,0,1,1,1,0
2,12,-0.880299407649815,1.66902635559509,1.15098680719383,1,1,1,1,0
0,2,-2.85847344410249,1.67630307308631,0.62971235627393,0,0,1,1,0
2,1,-0.412361087176714,0.600709912518366,0.586586630517943,0,0,0,1,0
4,1,-0.713161118485664,-0.36686067041387,0.925312968363377,1,0,1,1,0
1,0,-1.11179766695386,1.19955264338188,1.47494773739922,0,1,1,0,0
5,2,-0.283449076462366,-1.77806214430918,-0.170903829982959,1,1,1,0,0
2,2,0.865754158781673,0.0659534479676424,1.18822118262164,0,0,0,0,0
1,0,-1.77556375517137,-1.22912673122804,-1.09048398751254,0,0,1,0,0
0,0,-0.265010848851783,0.92155137894924,0.101702254183823,1,0,0,0,0
1,0,0.829969773499709,0.60132237228454,-0.131439820248032,1,1,1,1,0
3,7,1.48954774153271,-1.77225451983364,-0.121133721699829,0,0,0,1,0
1,0,0.0615015694198342,0.449185176368967,-0.499254692973981,1,1,1,0,0
7,4,1.73582308982061,0.100587758714013,0.756497977322804,1,0,0,0,0
0,0,0.350507355032338,0.329167182796632,0.549405439066826,0,0,1,0,0
0,1,-1.15185114103872,-0.048903468407665,-1.77755525865328,0,1,0,1,0
1,1,1.57579006781715,0.661163184455892,2.34486044999158,1,0,1,0,0
0,1,-0.712942619089672,0.325811523558383,-0.222878669904663,0,0,0,0,1
3,5,-0.141512128171401,-0.398532360908816,0.0131402674614597,1,0,0,0,0
0,0,0.262786377882422,-3.61345199101486,-0.924579597243005,0,0,0,1,0
4,0,-1.83457451718938,1.30280809715222,-2.83608973909301,1,1,1,0,0
2,2,-0.485474707520459,-0.978352399963514,0.994479705139107,1,1,0,1,0
0,1,0.632285994826802,-0.378688133430058,-1.48865613403678,0,1,1,1,0
1,1,-0.71570515208949,1.04765558489262,0.298003800425044,0,1,1,1,0
2,1,0.133456211316522,0.441256359085503,0.946469891178056,0,1,0,1,0
0,5,0.78499434539115,0.604271768511336,0.410138501780359,0,1,0,0,0
0,0,0.972825900336994,-1.30611818964072,-0.041292149534462,0,1,0,1,0
0,7,-1.79469215321184,-1.32322939917636,-0.543172283402477,0,1,1,0,0
0,0,-0.234254381962191,-0.147673602056904,0.468496245500539,0,1,1,1,0
4,3,0.74520223560059,-0.756504064635851,-0.878728043662441,1,1,0,1,0
0,0,-0.690890882186915,0.550158343814008,-1.09815739724027,0,1,1,0,0
0,0,-1.63292983052013,-2.5027117128113,1.10093620897211,0,0,0,1,0
0,5,-1.43460478522575,1.14938756388774,0.578354134815691,1,1,0,0,1
1,0,-1.52321408615923,-0.828768559759901,-1.47150111252675,0,0,1,1,0
2,1,-0.865824289615376,0.719929290632776,-0.626414268164184,1,1,1,0,0
0,4,-0.94117707100018,2.209389801606,-0.00141021267966654,0,1,1,0,0
2,0,0.383702310117743,0.287512593795426,-2.17866577983546,0,0,1,1,0
2,0,0.813983334673822,-1.34461591216495,-1.46562130760324,0,0,1,0,0
2,0,2.71567024758955,-0.876703844725053,-0.392990533556829,1,1,0,0,1
1,1,2.57843752452396,0.489791823829299,-0.990511365602654,1,1,1,0,1
6,1,1.16316533802682,-0.697381805050735,0.702955972257096,0,1,1,1,1
4,3,-0.132521588711792,0.246513641468222,-2.70645118691457,1,1,1,0,0
1,0,1.52527352330555,1.09610600429145,-0.158078530179361,0,0,1,0,0
9,11,0.561141794636363,0.363649110101919,-0.202635402128992,0,1,0,1,0
4,1,0.688937211781818,-0.661106747334955,-0.0450193308187701,0,1,0,1,0
0,0,0.361500833920214,-0.0935584492803576,-0.621801947771636,1,1,1,0,0
1,3,-2.36410044448332,-0.159516578310822,-0.103976839257619,0,1,0,1,1
0,0,0.156425588538109,-0.0569629607967124,0.17707461821099,0,0,1,1,0
3,3,-1.1443636779984,-0.741784179294894,0.602941672883576,0,1,0,1,0
0,0,-1.36321066745922,-0.128343932368344,-0.81676027596972,1,1,0,0,0
4,0,0.973496097208251,-0.406838444323276,-2.49892017313794,1,1,1,0,1
2,0,2.15706727638836,0.885134778979623,-1.07794712814163,1,1,0,1,0
1,2,-0.097036176222313,1.29941853465072,-1.32292080831742,0,0,1,1,0
1,0,-0.794282120333614,0.023968910258034,0.576305497266471,1,0,1,0,1
2,1,0.93090873391049,-1.27244967482008,-1.8770705681078,0,1,1,1,1
0,3,0.480309382444283,-0.0432613557180052,0.848553288676553,1,0,1,0,1
28,3,1.64908774000786,1.00657867239615,-0.858061761829209,1,0,1,0,1
2,5,0.648252797781286,1.19110335057375,0.421115220111704,1,1,0,0,0
1,0,-0.564095554138143,-0.075687881805845,-0.554745809285421,1,1,0,1,0
1,2,-0.0719216205584371,-0.617280176156304,-1.7491906801785,1,1,0,0,1
0,0,0.73656634771965,-3.12511833448572,-0.313650493828437,0,1,0,0,0
0,0,-1.11988249105417,0.0369403880584068,0.648200035438639,1,1,1,0,1
9,3,0.944174872071141,-1.07883836427939,0.60247972518015,0,1,1,0,0
0,0,-0.266858259863553,-1.0619569034078,-1.64190193846802,1,0,0,0,0
1,1,0.243400069381585,-1.22071532680213,1.77763183758928,0,0,1,1,0
5,1,0.0927692057915418,0.382669935430556,-0.652558662729848,1,1,1,1,1
0,1,-0.499324686807292,-1.86632442287086,0.519598800613914,0,0,1,0,0
2,1,-1.79465347243282,-1.40103287722766,-0.242916654547844,1,1,1,0,0
2,2,-0.345773140790417,-0.435248169238383,-0.0165175451244493,0,0,0,1,1
5,3,1.3918831749071,0.140558357525116,0.723604933011933,0,1,0,0,0
0,0,-1.19461717179808,-0.307001189007615,0.983381052902658,1,0,1,1,0
3,0,0.228414545774028,-1.5545429412005,0.326387028827328,0,1,0,0,0
13,5,0.984453436317316,1.75944130626958,0.144633376254044,1,0,0,0,0
2,0,0.00760809742397438,0.428855266914245,0.366619523562639,1,1,1,0,0
3,1,-0.207409226679554,0.855952248297831,0.645977900222535,1,0,1,0,0
0,0,-0.82270556580087,-0.165350598017715,-1.00133512136243,1,1,0,0,0
1,1,-0.891643805421755,-0.885051492406794,0.340006956672432,1,0,1,1,0
1,0,-0.541819781187403,0.199912412137347,0.11766033583307,1,0,1,0,0
2,1,0.767377019349692,0.597050684473941,-1.43501152779819,0,1,0,1,1
3,0,0.05399762935612,1.42150787295119,-0.851510187719763,1,1,1,0,0
2,0,0.773919965234344,0.0931985929449864,-2.9845729280939,1,1,1,0,0
0,0,0.076715197494741,-0.168231208810238,-1.07599205609453,1,1,0,1,0
2,2,-0.189182486925783,-0.466054577791941,1.59135363684628,0,0,0,0,1
2,0,0.236108935802777,1.5118778744218,0.664350154077013,0,1,1,0,0
0,1,-1.43950114544209,0.0677196429306764,-0.822552602450907,0,1,1,0,0
2,7,0.424888690297157,0.315141600992216,1.33912518562063,0,1,0,1,0
4,8,0.211953249484053,-2.42796201387866,1.36058716184407,1,0,0,1,1
3,20,1.15253786639959,1.25413863105151,1.84618158924043,0,1,1,1,0
0,0,-0.031058558341547,0.149798509083051,-1.56784098505627,1,1,1,0,0
1,1,0.958864731290606,-0.722432141529944,-1.66622630714784,0,1,1,1,0
1,2,0.690783526436087,0.130602190617243,0.134245168889356,1,1,0,0,1
4,3,0.898511796629823,1.09534083291823,-1.16586780746172,1,1,0,1,1
4,1,1.72415422521881,0.651536591675046,-0.789035313758387,1,1,0,1,0
2,2,-1.41700471254558,-0.293650417581523,0.215920685692165,0,1,1,1,0
6,1,0.0595825249814838,0.496867582108746,-1.32234464130498,0,0,1,1,0
5,2,-1.75166053983262,-1.61238500838323,-1.13779312034201,1,0,1,1,1
1,1,-2.27793946240939,0.222813813854209,1.94685206462262,0,0,0,0,1
0,0,1.13988459280124,-0.881710055479347,1.27223189173511,1,1,1,1,0
3,1,-0.9729130372322,0.983548074861713,2.01134948051261,1,0,1,0,0
0,2,-1.01384511222019,1.04695756178831,-0.477357666936054,0,0,0,0,0
8,1,0.635898223679556,0.345460310095674,0.796457021956029,1,0,0,1,1
0,0,-1.63014162584756,1.14351732360833,0.261780033217848,1,1,1,0,0
0,0,-0.832173743413363,0.787555318675854,1.21542011879685,0,1,1,0,0
1,4,-0.0107849131397299,-1.53470929513786,0.0998394457004422,0,1,0,1,0
10,1,0.246639062068946,0.45702848918692,-0.448088588829693,1,0,1,1,1
0,0,0.0940073743270002,-0.0589369986335257,-1.74589282749759,0,1,1,0,0
8,3,2.23088556432954,-0.745268675639019,-0.548173825859667,0,0,0,1,0
3,1,-0.250726405807672,-0.415127138484614,-0.177414465770914,1,0,0,1,0
3,0,0.756913881866084,-0.332910775818038,-1.22901139434871,1,0,1,1,0
3,4,-0.598440966380863,1.77395415882891,0.896643976245427,1,1,0,1,0
3,0,0.383740672475048,-0.339970084845394,-0.761265520992373,1,1,1,0,0
3,5,1.22746123621959,-0.864870497135106,0.317263414816263,1,1,0,1,0
0,7,0.229745938729329,-1.30449412047767,-0.148051052851037,0,1,0,1,0
1,0,-0.0387328429977052,1.41711629862261,1.08094681498407,0,1,1,0,0
1,2,-0.228873456539349,0.928610409606679,1.9641661837636,1,0,1,1,0
5,2,-1.42867465764458,0.703588594297941,-0.867368755934192,0,0,1,0,0
5,1,1.39170042838867,-0.35742473520492,-0.351873525671428,1,1,1,1,0
1,0,-0.571555892449018,-0.134672166938342,-0.859103728325986,1,1,1,0,0
0,1,2.17011058802007,-2.22110535473775,-0.360466950309956,1,1,1,0,0
3,0,1.10536850241457,1.09201495805983,0.756036835285394,0,0,0,0,0
2,1,-1.30237803717773,0.560277311365956,-1.82137874687938,1,1,1,1,0
1,1,0.577123934430211,0.203245882474313,-0.726011491523891,0,1,0,0,1
1,0,-1.75243040741478,-2.13335265786141,1.32081660266275,1,1,1,0,1
8,4,1.30915044623378,1.72373348141039,0.509920527212189,1,0,0,1,1
6,3,0.639400308663892,0.496125584981713,-1.89111488924663,1,0,0,1,0
8,2,-1.10474694230751,0.484682390763209,-2.63566329161625,0,0,1,0,1
0,0,-0.322627930133286,-0.543674556833519,-0.681143559049328,1,0,0,0,0
2,1,2.01440110931802,-0.512428347997097,0.695736960190464,0,0,1,0,0
1,3,-0.617382633663283,-0.841739138803928,-0.139149546732566,0,0,1,1,0
0,4,1.27642233077453,-0.344402037032288,-0.311642282528959,0,1,1,1,0
0,0,-1.05128385657865,0.385019651176201,0.611803150617299,0,1,1,0,0
1,3,0.568614276952169,0.320568381891753,0.124837426725067,0,0,0,1,0
1,0,-2.17569377486163,-0.537985840703846,0.141938802788399,1,1,1,0,1
0,2,-0.438532340393678,-0.0566066072809557,0.832831585167418,0,1,0,1,0
0,0,-1.36358931862608,-0.236172216043443,-0.827323161012266,1,1,0,0,1
0,0,0.507302941397297,0.606173716741092,-0.0671727383143051,0,0,1,0,0
1,0,1.19253035544407,0.0695319473627469,0.267543947774206,1,1,0,1,0
1,1,0.397383322556784,0.40870031796992,-0.761525348786809,1,0,0,0,1
3,0,0.671079205125453,0.949528239688148,-1.11257665559783,0,0,1,0,1
4,5,0.266010771058318,-0.652679219287998,-1.08467213967455,0,0,1,1,0
2,2,-0.268015184975586,0.939249570809916,-0.258968066436023,1,0,1,0,1
1,3,0.631659650868757,-0.2748293138686,1.20969119705189,1,1,0,1,0
1,3,-0.249251583066031,1.29055640365002,0.347549147160927,1,1,0,0,1
4,1,0.295578490013709,-2.21411739074019,0.774630440269764,1,0,0,0,1
1,1,-1.95554186249628,-0.589529842498518,0.0668289213845924,1,0,0,0,0
1,0,-1.79832450169121,0.0208507848323717,-1.63765091249177,0,1,0,0,0
5,8,-0.0960977900176144,0.644600116350593,0.790481931754217,1,0,1,1,0
1,0,-0.903943787492661,0.0927950470646193,0.703833406634762,0,0,0,0,0
1,0,-0.846242858326841,1.57972006764783,1.11321054727298,0,0,0,0,0
0,2,1.34112211036999,0.0834029200541833,-2.49907641145718,1,1,0,0,0
2,4,0.223943310390888,-0.169762540629332,0.993510514575375,1,1,0,0,0
1,1,-1.14008479393802,0.125802310860766,1.78275334739869,0,0,0,1,1
0,0,0.429961359895992,0.518843325714642,-1.09449208466466,0,1,1,0,0
0,0,-0.189946717523531,-0.209881877937935,0.918359706954296,1,0,1,0,0
1,2,-0.83614552417262,-1.67984190122726,-0.642258904395079,1,1,1,1,0
0,2,-0.767418038618147,1.45056352911837,-0.446582009128915,0,1,1,0,1
6,3,1.0765008078236,-0.257516318262977,-0.478902872250114,0,0,0,1,1
0,1,0.46945907941849,1.62658131060323,-0.884035715884381,0,1,1,0,1
0,5,-0.557348009349399,0.0745059320815908,0.370784589150324,1,0,0,0,0
0,0,-0.178889171161121,-0.581920003136062,-1.28584525697384,0,0,1,1,0
0,0,-0.672859786393638,-0.696402575692364,-1.22657110125003,0,1,0,0,0
2,2,0.187663695400432,-0.969740063878736,0.618421395073953,1,1,1,1,1
0,0,0.0625703874598386,-0.597745610928835,0.673998469138999,0,1,1,1,1
1,2,1.63935215615043,0.430236498403551,1.13205142264281,1,0,0,1,0
1,0,0.774046939171416,0.37020342469382,-0.5754940578069,0,1,1,1,0
2,0,1.55865778081298,0.137854392189049,-0.0978819875953683,1,0,1,0,1
1,0,0.614240479332012,1.18315547947982,0.150596773082693,1,0,1,0,0
0,3,-0.293555438580799,-1.62064411662653,0.948295179138722,0,1,1,1,0
0,0,0.0399140407587134,-0.697463806590753,0.534474040003402,1,0,1,0,0
0,1,0.671263198956635,1.0871539884329,-0.802970049087993,0,1,1,0,0
1,3,2.01897310826563,0.055522235023243,-1.16391749300002,1,1,0,0,0
4,3,-1.32243505906663,1.65567231880877,-0.561872395658633,0,1,1,0,0
2,2,1.21478474068261,-0.689014546272462,2.53856940743033,0,0,1,0,0
1,4,0.220252881045602,-2.30980942671609,0.084248272188254,1,0,1,1,0
0,0,-1.0020610977676,-0.238341398350913,-0.550235853079816,0,1,1,0,0
1,1,-1.54740832912859,2.54520198189867,0.986998048907113,0,1,1,0,1
3,1,2.36907243275564,-0.344946496548625,0.508296848334422,1,0,0,0,0
2,2,-1.04250862223149,0.0201556363168667,0.293370702933692,1,1,0,0,0
1,1,-0.325029716538986,-0.63977076276405,0.470803184003347,0,0,0,0,1
0,0,-0.829863637071418,1.0772899067593,1.21022721812858,0,0,0,0,1
0,0,-0.265184096676866,-0.143090455363412,-1.4116303446074,0,1,1,0,0
2,2,0.266475536552276,0.193612887055838,0.0114086515920783,1,0,0,0,1
1,2,-0.976239688478496,0.666627676790658,-0.739932432292844,0,1,0,1,1
2,9,-0.618378356278902,0.11676448985039,-0.694553265137656,0,1,0,1,0
3,1,-0.0838917582941793,-0.521193367155172,1.29150182958795,0,0,1,0,1
3,1,0.651255175035462,0.390680004541756,-1.6888228251956,1,1,1,0,0
0,0,1.941915917477,-0.939907514378734,-1.43835644561339,1,1,1,1,0
1,2,0.698367009075673,-1.63565417836716,0.6108583361841,0,1,0,0,1
11,3,1.36346203484396,0.154786034629778,-0.955567232190396,1,0,1,1,1
1,4,0.205814980929921,-1.35980977868674,-0.731808730804807,0,1,0,0,0
7,4,2.61410356503844,0.93682822131128,0.712231041924084,0,0,1,1,0
0,0,-0.861248055363775,0.019579045584057,-2.62361574267752,0,0,1,0,0
1,2,-0.842385858276414,0.849893183393357,0.122968135257507,1,0,0,0,1
0,0,0.114363956476538,-1.85869281597956,0.640657815557556,0,1,0,1,0
0,0,0.061263156480737,0.492918647071272,-0.300106619200594,1,1,0,0,1
6,1,0.500020882930137,0.638384242420538,0.512228066893093,1,1,1,0,1
1,1,0.751661245623155,-0.362133959305349,1.72387142981612,1,1,1,0,0
2,1,0.356672516404786,-1.95981415604452,-0.102120164532756,1,1,1,0,1
3,4,-0.873615220875161,-0.554974428567332,-0.163659652559426,0,1,1,1,0
7,6,-0.678461669685756,1.31761035840082,1.0487622447974,1,0,1,1,0
0,0,0.525445317487048,-1.301143010795,-0.701877810499151,0,1,0,0,1
0,0,-1.70706488378816,-0.215131443426202,0.0117005879144721,1,0,0,0,0
0,0,-1.01024595532918,0.25408580909404,-1.60116802748018,0,1,0,0,0
1,2,0.0598945116580262,-0.129300228159851,-0.240044580011935,0,0,1,1,0
2,1,-0.135318816090704,-0.266823442094193,0.076300408695787,0,0,0,0,0
1,1,-0.109554693441715,0.175977390226795,-0.515793023689696,0,1,0,0,0
2,1,1.7366831475453,-0.33755621841401,0.0779879768192936,0,1,1,1,0
1,0,-1.99247759275219,-1.27801365733581,1.44925015420365,0,0,0,1,0
1,0,-0.984094177020047,0.168522119332024,0.892034033321243,1,1,0,0,0
4,1,2.26925302761454,-0.331245207514241,0.162887533196411,0,1,1,0,0
1,2,-0.728851831654624,-0.987475473573687,0.811928008016274,1,0,1,1,0
9,2,-0.0301905487472031,0.107016994277257,-0.535951932824071,1,0,1,0,1
3,1,2.81797845804828,0.628153047173075,0.606563863425436,0,0,0,0,1
1,0,-0.0672398903038282,-0.847275481894777,0.034838006972606,1,0,0,0,0
6,1,0.34345485494428,0.5261757058298,-0.141441233101392,0,0,0,1,0
0,4,0.0509520507686457,-0.875912973901238,-0.500270659533987,1,1,1,1,0
6,17,-0.128207687541914,2.21049684741451,0.408365382609949,0,1,0,0,0
14,6,-1.16462971143038,1.28740625875963,-0.159095332055299,1,1,1,1,0
0,1,0.026942148246776,0.778537338584213,-0.795930494549141,1,1,0,0,1
3,2,-0.256155985765978,0.201108533868184,-1.97049587776462,0,0,0,0,1
3,8,1.13408303342333,1.65435474313762,-0.343481319147229,0,1,0,0,0
1,0,1.15484747536316,-1.80864890089197,0.0845189015055696,0,1,1,0,1
3,1,-0.438016270872748,0.138809434822938,-0.438123524033043,1,0,1,0,0
1,1,1.09584295817314,-0.686047216283337,-0.363543204858169,0,0,0,0,0
3,1,-0.130780977074583,0.686710705479468,-0.427040806422511,0,1,1,0,0
1,4,-0.170876627324746,1.30995593980247,0.582421325529206,1,1,1,1,1
1,1,0.875329511419515,1.15130537152651,-0.557455572437418,1,1,1,0,0
0,0,-0.362910824062334,-0.744055488796692,-0.791516168709447,1,0,0,0,0
0,0,-0.770802251423524,0.745097101493328,-0.960396115189131,1,1,0,0,0
3,0,1.44168846281334,-1.49051439621408,0.751910336660147,1,0,1,1,1
1,0,-0.564941982938998,-1.10065701208323,-0.85515249672413,1,1,0,0,0
2,2,0.279880171118155,0.974127982961945,0.822427122596862,0,1,1,1,0
1,0,1.56824790084858,-1.32160033617866,-0.993448124954424,0,1,1,1,1
0,1,-0.0260845474260826,-1.99561487586799,-0.695133994428973,0,1,1,1,0
11,1,0.459595430131629,-1.23763717965316,-0.546109309327662,1,1,1,1,1
3,4,0.491691848836651,0.711351204542375,0.263360411367159,1,1,0,0,0
1,2,0.831931694022081,0.264564969938795,0.465662105183404,0,1,1,0,0
3,3,-0.0880226388157627,-0.0483799152623549,-0.741997142980755,1,0,0,1,0
2,5,0.297024250548519,-0.891025193037188,0.0367620980958238,1,0,0,1,1
0,0,0.558940053655865,0.203431361491469,0.0232569186710565,0,1,0,0,0
2,1,-0.963503153938828,-1.78607802179013,-2.02942524506613,0,1,1,0,0
1,14,-2.10769590929904,1.63464081313987,-1.16939672871037,0,1,1,1,0
2,0,-0.0657207251405384,1.28100282676494,1.25226579015638,1,0,0,1,0
1,2,-0.468432879525245,0.253673069095303,0.0184558139667623,0,0,1,0,0
4,1,-0.126146635674414,-0.0558151794833913,-0.415063790831531,1,0,0,0,0
0,0,0.95172604104007,-2.69191939040238,0.161655204857147,0,0,1,1,1
1,1,0.990837094940795,0.0924122516223988,-0.967278942030572,0,1,0,0,0
1,0,0.434819542326399,0.231299092862812,-1.26682651660675,0,0,0,0,0
4,0,0.173358613818431,-0.879695539792309,-0.180424071804881,1,0,0,0,0
0,3,-0.478922460216633,-0.763492625227823,-0.0749664029659846,1,1,0,0,0
0,4,2.26769741851886,-0.658906803608804,1.1113048953159,0,1,0,0,0
1,0,0.0903424507651945,0.202762704512477,-1.37121897846408,0,0,0,1,1
0,2,-0.0404534029851173,0.115086553157544,0.149869921953899,0,1,1,1,0
4,3,0.557159490235353,-2.11375863492178,-0.371740839390986,1,1,1,1,1
1,1,0.57838961863619,0.522885390811277,0.278981611743509,1,0,0,0,1
20,0,2.39714330638617,0.142162084201546,0.0375065287280608,1,0,1,1,0
6,1,-0.0558562343426962,-0.70559726679206,0.331460158987297,0,0,1,1,1
0,1,0.502920102364562,-0.140800585493347,-1.27538669352312,0,1,1,1,0
3,2,-0.999042002772186,-0.855126080617811,-0.692096101187468,1,0,0,0,1
3,0,0.421749533488324,0.89215108552315,0.373018822654804,0,0,1,0,0
7,7,0.717896126200369,1.63102822142628,-0.135282874370893,1,1,1,1,1
3,2,-0.618142688141493,0.382204616819932,-2.09440061742493,0,0,0,1,0
2,0,1.14886177962499,1.48002455125996,-0.719320272245727,1,1,1,1,0
0,0,-0.103967117931797,0.0151398577575344,-1.41960255428098,1,0,0,0,0
2,14,-1.93518282418194,1.21021077001649,-0.671943621010097,0,0,1,1,1
8,2,0.259475406404886,1.39790553610295,-1.42498556423549,0,1,0,0,0
3,0,0.847371810011899,1.63700679855306,-0.485078213922663,0,0,0,1,0
5,18,0.430956431448316,1.98375953648792,1.00662341124237,1,1,0,0,1
0,1,-0.943586544476323,-0.338987700316123,-2.28861258261027,1,1,1,1,0
8,6,1.63896166211826,-0.578281348707685,-0.929811005511744,0,1,0,1,0
9,0,0.351810833239224,0.57320583879801,0.208520645155879,0,0,1,1,0
1,2,0.615284272537566,-2.05156517363673,-1.08313537177189,1,0,0,0,0
3,2,-0.115318660379298,0.078749063860331,-0.080539450696491,0,0,1,1,0
4,3,-0.0573376717126142,1.09035854423426,-0.13590708368421,1,1,1,0,0
1,0,-0.562877377676951,0.0615452614071868,1.43594707684679,1,1,1,0,0
3,0,0.0135037776934157,0.664371608055684,-0.977628552754249,0,0,1,0,0
3,0,0.00414067948674428,0.0837969399725732,-0.239229599206693,1,0,1,1,0
4,3,-0.734181650708889,-0.616709150647156,-1.22338485944028,1,1,1,1,1
0,2,-1.0700820685912,-0.391994766149099,-0.874400764203009,0,0,1,1,0
2,1,0.112195072732821,1.26253632904332,-0.0380837778888896,1,0,0,0,0
0,0,-1.12009828540565,-0.918039959267221,0.499068186896231,1,0,1,0,0
2,2,-0.105856364694501,0.77898475026988,0.539873097846333,1,0,0,1,0
6,4,0.688630556584476,-0.435073085803562,1.34061141553428,1,1,0,1,0
5,2,0.369249247608093,0.183657256518226,0.56789495129027,1,1,0,0,0
15,4,0.683188542599449,1.62067920476387,-0.472037431789608,1,1,1,1,0
0,1,-0.823813684882363,1.45057572605917,-0.204217595210849,0,0,1,0,0
1,0,-1.21148511378433,-0.752170254050192,1.49363914816592,0,1,0,1,0
1,4,1.83489047365527,0.465411413772688,0.79498986122619,1,1,0,0,1
4,0,0.104721556586664,0.399062438053049,-0.406347778850029,1,1,1,0,0
5,0,0.380114783330275,-1.04324188163767,0.773042318302172,1,1,1,0,0
0,1,0.346799161182104,-2.34119944956669,0.490425725363691,0,1,0,0,0
1,4,-0.418356444377186,0.692186372095191,-0.0869250110759787,0,0,1,1,0
3,2,0.414229380740263,-0.61107008067294,-1.33530770322069,0,1,1,0,0
3,1,0.311082685408069,1.3831795477778,0.637185609277059,0,0,0,1,0
0,0,-1.03022715477975,-0.0379100436146184,0.580698685461839,1,1,0,1,0
2,1,-0.371512569227896,0.0580365756443499,-1.37473356923136,1,1,1,0,0
3,3,0.0615470358314189,-0.836251859517494,1.07196568876248,0,1,0,1,0
1,3,0.504498423173886,-0.346814627618115,1.11590371851928,1,1,1,0,0
0,0,-0.519580028755025,1.21232966338129,-0.824557765285951,0,1,0,0,0
7,2,2.76875151950795,-0.174914082231557,-0.0748316875880537,0,1,1,0,1
1,0,1.7946729984874,-0.214918099111265,-0.390650710890934,1,0,0,1,0
0,0,0.642685617434926,0.218168664996728,-0.917963060376844,0,0,1,1,1
5,2,0.30436240686582,-0.100430609320393,-0.0731876979958267,1,1,1,1,0
5,2,0.558804810361681,0.486742023277531,-0.850225760601267,1,0,1,0,0
2,3,-0.592111206536673,0.406023016043318,1.02701891662115,0,1,0,0,0
2,10,-0.383587103698939,0.578829986194587,1.20886134063237,0,1,1,1,1
1,1,-0.828342859117206,0.475919035366077,-1.58284557074886,0,0,1,0,0
2,0,1.4584307835304,-0.340350571314032,1.05512265209942,1,0,0,0,1
5,3,0.0470246762619754,0.0278075901253505,-0.0674907423407775,0,0,1,1,1
2,2,-0.823867187918954,-0.0181494076891373,-1.57097895942459,0,0,1,0,0
4,6,0.583773149140866,-1.21845673616328,-1.16772086005776,1,1,1,0,0
1,1,-0.218336353181804,2.15167924024458,1.50720301620997,1,0,1,1,0
1,2,0.43228281088533,0.607988641318162,0.0616016081842192,0,1,0,1,0
4,2,0.0601521639006086,-0.176232709598815,-0.89813823510308,0,1,0,0,1
0,0,-0.60520034056575,-1.15140293057161,-0.617840267835446,0,1,1,0,0
1,0,-0.0158168114769709,0.144285884260916,-1.21031281712884,0,0,1,0,0
1,1,-1.32638536928943,1.24297880276715,0.010516133586748,0,0,1,1,0
0,0,0.154802895063518,-1.17993091611451,1.31584010109126,0,1,0,0,1
6,1,0.0503514671249698,-0.0356260033676578,-0.168680325286252,1,0,1,1,0
1,3,0.97035497465311,0.814528575915741,0.755850474435212,0,1,1,0,0
5,5,-0.340087060404275,0.659206882535672,0.677705478912676,1,0,1,1,0
1,1,-0.407313039033971,0.884288219765588,-0.500821161727684,1,1,1,0,0
12,2,1.6438020970269,-1.7457164885347,-1.79182352389813,0,0,0,0,0
3,0,-0.540215915566478,-0.248215727793471,0.211656866147894,1,1,0,0,0
1,1,0.830688953648466,-1.47028882398223,-0.165665028340256,0,0,1,0,1
5,2,-0.626553696141253,0.709795881797902,-0.245487328733856,1,0,1,0,0
3,0,-0.052681274852336,-0.909708213319835,-0.0714774271713575,1,0,1,0,0
2,1,-0.27142147574531,1.05005461388024,0.680942403659236,1,0,0,0,0
1,2,1.24444650507372,0.717572431396818,-0.332386167910269,0,1,1,0,0
8,4,1.31101115202057,-0.293998115347646,1.05204713675375,0,1,1,0,1
1,1,1.23370904547545,0.656568556970406,1.25840877405778,1,1,0,1,1
0,1,0.361477066148753,-0.306049455679841,1.3171623445823,0,1,1,0,0
2,1,-0.965646251975631,0.951136722611455,-0.0180370678600964,1,1,1,0,0
3,0,0.275369081664448,-0.540565884455724,-1.41433246198296,1,1,1,0,1
2,2,0.367784331636493,-0.562826193023642,-0.443870236143646,1,1,0,0,1
1,1,-0.771280068407278,-0.876094321457034,1.13079831666399,0,1,0,1,0
1,10,0.29752736841759,-0.381171103819443,1.81926507944531,0,1,1,1,1
2,4,-1.21424662448888,-0.775788815918002,0.257404899245093,0,0,1,0,0
0,0,-0.196994715135771,-0.661741596696714,-1.15730865172964,1,0,1,0,0
3,2,1.73079062950654,0.186770242921467,-0.550688716662837,0,1,0,1,1
1,0,-0.831605389916458,-0.814708857554589,-1.5069727559989,1,1,1,1,0
0,0,-1.47345903055683,-0.361515588597275,-1.53427002346332,0,1,1,0,0
0,1,-1.38035482434477,0.938334281349029,-0.47311461767905,0,1,1,0,0
1,2,0.567351422122264,-2.98054846177161,0.345764199664255,1,0,0,1,0
5,1,-0.703408337232521,-0.0885065829386888,-0.904306157225709,1,0,1,1,0
0,0,-1.68274979563892,0.0334744102113344,-0.761260997355665,0,1,1,0,0
1,1,-0.558701516898712,0.493650899014688,-0.0930348244775827,0,0,0,0,0
1,0,0.832637825715011,0.0425020943685512,1.4661922118304,0,0,1,1,0
0,0,-0.950678781959508,1.76454044259934,-0.859173173735869,1,0,1,1,1
7,4,0.531850162319072,0.724179866655324,0.947739343835641,0,0,1,1,0
0,0,1.30376385160361,-0.218058648250618,-0.132956059359484,1,1,1,1,0
3,1,-0.897146098343952,0.490121475014983,0.213418900646434,0,1,0,0,1
0,0,-1.0538500099524,-1.21100915617793,0.0734556017618617,0,0,1,0,1
2,4,0.704889560622421,0.189353287811083,-0.522330729553167,0,1,1,1,0
6,5,-1.62564411061882,0.22579682990366,1.98297326361593,0,0,1,0,1
0,0,-0.272666110528663,0.330145702411673,0.00203473638551908,0,0,1,0,0
3,0,0.363523225432345,0.0441090372028129,-1.03438201483408,0,0,0,1,0
0,3,-0.620809512900527,-0.484564252572495,0.781944847609739,1,1,0,0,0
1,10,-0.968150638223827,1.22679007327851,1.48307144082243,0,1,0,0,0
0,1,1.28974726619738,0.35144964981128,1.32020530863876,1,1,0,0,0
2,1,0.19221443538719,-0.153218212889447,-0.934537522982871,1,1,0,1,0
10,2,-0.21600879985871,1.96179960510555,0.475983523341714,1,1,1,0,1
0,2,-1.63958857221621,-0.0811609217552889,0.622178471081285,0,0,1,0,0
0,0,-1.51371852926343,-0.217495695125615,-1.08743407194182,1,1,1,0,0
1,4,0.808240901154501,2.02347022191834,-0.473156096725379,0,1,0,0,0
4,10,1.7557451626542,1.13131705291329,1.61623806464147,0,1,1,0,0
2,1,-0.279272673899991,-0.540685147252352,-1.18137457441091,1,1,1,1,0
2,2,-0.0799840779758614,-0.534080220136832,1.36436541656299,1,1,0,1,1
4,3,-1.51017143566259,-1.78487993058642,-1.84576933895405,1,0,0,0,0
9,6,-0.00520128911211138,0.697899570452465,-0.388984927466021,0,1,1,1,0
1,5,-1.55266142805424,-1.15884224345913,-0.0690887819710223,0,1,0,0,0
7,4,-0.27938438231772,-1.59017280445038,-1.12112032961042,1,0,0,1,0
0,0,-0.546542860324836,-0.642258216742902,1.81746802558304,1,1,1,0,0
0,1,-0.210139182218356,0.474843861451252,0.0183066778180292,0,1,1,0,0
2,2,0.170449611340128,0.449713257234508,0.535180621250017,0,0,1,0,1
4,0,-1.20243096317536,0.266927389304536,-0.674489785507466,0,0,0,0,0
4,1,0.828537280820154,0.896057275134108,-1.39710580477073,1,1,1,0,0
0,0,-0.597470468216768,-0.528060406928897,-1.21298476719976,1,1,0,0,0
3,1,-1.85302355921833,0.561026958540095,0.0961637685594609,1,1,1,0,0
2,1,-1.61340500663575,1.00946184610111,-1.93860267962602,1,1,1,1,0
2,4,-1.02392039933574,1.13284635644575,-0.219729690980777,1,1,0,0,0
1,2,-0.870001128214333,2.97020544627737,1.61659330503101,0,1,1,0,0
1,0,-0.163504389975595,-2.11556329075735,0.540326110953693,0,0,1,0,0
4,2,0.254951091321392,1.2925868972292,-0.0628300131774857,1,1,0,0,0
2,7,-0.722713610646017,0.882757065994199,0.679597001021778,1,1,0,1,0
8,5,0.820650109050874,-0.21630992428191,0.328620754521354,0,1,0,1,0
1,0,1.70237672689547,-0.0225239425471621,-0.687125474817846,1,1,1,0,0
5,7,-0.705323958397125,-0.361066609842283,0.660542601376497,0,0,0,1,1
0,1,-0.967006601953068,-0.940108006358394,2.11382831002301,0,1,1,1,1
2,3,-0.128898311905242,1.55370455019325,2.22164242223081,0,0,1,0,0
1,3,-0.732388028713321,-2.64654687414686,-1.09213908886582,1,1,0,1,0
4,3,-0.531880451256324,0.375220197137521,1.5726143543321,0,0,1,1,0
1,6,0.482296995693342,0.693628997107925,0.474359819240509,0,1,0,0,0
5,0,-0.240921262012591,-0.236995545519486,-2.27231111321905,1,0,1,1,0
0,0,-0.875578869421534,-0.398662129510485,-0.265382352105507,0,1,0,0,0
0,1,-1.78058753514801,0.409933452703266,-0.591809143934286,0,0,1,0,1
1,1,-0.192975067400397,-0.307828831780366,-0.131354679733742,1,1,1,1,1
2,2,-0.420541614024859,0.864966108144049,0.335190188489598,1,1,0,1,0
0,0,-0.597904515321001,-1.16963623112772,-0.724598470866492,0,1,1,1,0
1,4,-0.469690950339893,0.214621413214032,-0.475499409618986,0,1,1,0,0
12,2,0.626417252184242,0.29176372614991,-0.689243189045999,1,0,1,1,0
7,5,-0.946922422906455,0.949904743197599,-0.84599474416134,1,1,1,1,0
0,0,-1.49384102198321,0.33668063349095,0.0344550869441764,0,1,1,1,0
2,2,-0.666185668295562,-0.182559626572588,-0.295866628872805,1,0,1,1,0
1,0,-0.509276707899776,-1.20178696339298,0.0392211621470643,0,1,0,0,0
3,2,1.58996252027262,0.734834702456748,-0.194017203573983,0,1,0,0,0
0,0,-0.387719477512717,-0.604357739427518,0.136433108833042,0,0,1,0,0
2,2,0.922377609435947,-1.26344184087963,-0.174697168495072,0,1,1,0,0
8,2,-0.0435277504917099,-0.748668965889725,-1.19727698734682,1,1,1,1,0
3,6,0.0860074040161399,-0.669303485922048,1.72839504787181,1,1,1,1,0
2,3,-0.585426416714848,1.79309100844068,0.0331885010629291,0,1,0,1,0
3,3,1.05473204562521,-0.335087824168799,1.02496847022672,0,1,1,1,1
0,0,0.0496273726666772,1.27745068870459,0.148111120455788,1,1,0,1,0
2,0,0.854187878526773,-0.887194412154195,1.80038797422118,1,0,1,0,0
4,3,1.9150956242723,-0.296398003762884,0.912309881628786,1,1,1,1,0
0,0,-0.165628605301272,-0.1391280520594,0.188496676266268,0,1,0,1,0
1,1,-1.38215678585534,-1.65579832543635,0.394320158209762,0,1,1,1,0
1,2,-0.0315340899808282,-1.35364795114877,0.4676660414787,1,0,0,0,0
4,3,-0.953366619702925,-0.856170091329701,-0.550951309348489,1,1,0,0,0
0,0,-2.79584621565591,0.157750878348679,-1.05422793146791,0,0,1,0,0
0,0,0.760739649477346,0.462696185149501,-0.364228229576258,0,1,0,0,1
2,0,1.42254492787779,-0.698766461636103,1.7541674491348,1,0,1,0,0
4,2,0.114772736660412,0.895428781238462,-0.111629116516426,0,0,0,0,0
0,1,-0.674507787715325,0.32113413853442,2.68875265861692,1,1,0,0,0
0,0,0.886878299709119,1.28748682504595,-0.807644784995151,1,0,1,0,1
3,0,0.95139590916433,-0.238824798585928,1.73335631273498,0,1,1,0,0
2,2,-0.230572555789357,-0.00375955154569799,-0.502337208165063,0,1,1,0,0
2,1,-1.04219736389282,-0.595978120372491,-0.237433468336503,0,0,0,1,0
4,5,-0.185217896716313,-0.13236511336697,0.237847195705072,0,1,0,1,0
1,1,0.594793730895312,0.0316470672163682,-0.565073060802019,0,1,0,0,0
1,3,-1.17454634329997,0.0469920139306063,1.50495337829408,0,1,1,0,0
26,2,1.8908507513358,2.29814293783736,1.17571472679809,1,0,0,0,0
3,4,0.172626652676718,0.184754620934479,-0.093084623066891,0,1,1,1,0
5,1,-0.33924198560602,1.39872283732367,-0.556469023354408,1,0,0,1,1
0,0,-0.0328861704990627,-0.121069386966293,-0.49575491298559,0,1,0,1,0
1,0,-0.802928892125244,0.385298799988828,0.422209169773914,1,0,1,0,0
1,1,-1.56407136773557,-0.140754264233718,0.552766045660534,0,0,0,0,0
2,2,1.72437766706051,0.406425559333859,-1.07893281530574,1,1,1,0,1
2,4,-0.0570268201328627,1.02420493846023,-0.450089654832528,0,1,1,0,0
1,0,-0.122741125746676,-0.610812404100314,-1.59020506267029,0,1,1,1,0
4,2,1.70412128612151,0.945006019901335,-1.27835139143558,1,1,0,1,1
3,1,1.68837717352134,-0.659933884077019,-1.18372622595696,0,1,1,0,0
1,1,-0.194314720500365,-0.484356408684267,-0.248211052559995,1,1,0,0,0
0,0,-0.247951055769839,-1.22105450131708,1.3522427751037,1,1,0,1,0
3,0,-0.695994271503671,-1.13004575072581,-0.483411423609314,1,0,1,1,1
2,1,0.346400694579025,-0.0872009639931511,0.398866712612266,1,1,0,1,1
3,4,0.771699530598258,-1.87722687046536,-0.199700395619741,0,0,1,0,0
3,0,0.930223713836034,-1.70565714921504,-0.685210628869082,1,1,0,0,0
4,0,0.00936275232926666,0.0713957264377268,0.570674643735387,1,0,1,1,1
3,1,-0.0678888357389447,1.23158356906038,-0.984137708840613,1,0,1,0,0
0,0,-0.368319529730467,0.112729789005541,-0.194593933032158,1,1,1,0,1
1,0,0.389329632731257,-1.25381712639398,0.341150893539799,0,0,0,1,1
1,1,0.508105636234058,1.14598926160143,-1.17630851261247,1,1,0,1,0
2,0,0.0702223582045245,-2.06339154070144,1.54403686632848,1,1,0,1,0
1,2,0.14891518131587,0.882850406754324,-0.345620553426308,0,1,1,0,0
0,0,0.569333731261873,-0.0492622515306222,0.198994000033672,0,1,1,1,0
0,0,-1.15355860090521,-0.961634438730906,-2.39287173950638,0,0,0,0,1
12,6,-1.52899193786485,1.14199262666966,-0.980925434813167,1,1,0,1,0
3,1,0.890207361977767,-0.929819696708509,0.0983979716398409,0,1,1,0,1
0,4,-0.799982040184768,-1.15489326932741,-1.31844425467127,0,1,1,0,1
4,3,1.15793780584023,-0.765989474023343,1.30355686457378,0,0,0,1,1
1,2,-0.478488704244424,-0.702319235362316,0.840396254718922,0,1,1,0,0
1,0,-1.01916653001271,-0.100158061944618,0.884116566605083,1,1,1,1,0
14,5,0.631264462864242,1.77307082707713,-0.915263840977986,0,0,0,1,0
3,0,-0.505207490681986,-0.0496171948991386,-0.192379980990692,1,0,1,0,0
2,1,-0.518941652999325,-0.0946687647533808,0.482532937008689,0,0,1,0,0
9,3,0.534013728564079,0.270657832595083,-0.192128244022888,1,1,1,0,0
0,1,-0.691200905908042,0.592117970109426,-0.574933394117553,1,0,1,1,0
1,0,1.77314207643109,0.722884367299137,-0.120885568949258,0,1,1,0,0
0,1,-0.0545888012609925,1.12796902619746,-1.12387341893405,1,0,1,0,0
3,0,0.991400795597297,1.06556757291036,-1.22487992929894,1,1,1,0,0
1,2,0.728982801305264,-0.698657046413612,-0.335677936213376,1,1,0,1,0
5,1,0.944784173208087,1.40223911088691,-0.779959730520656,1,0,0,0,1
15,4,0.929005886357725,-0.236023113602412,-0.75509829970587,1,0,1,1,1
5,1,-0.484642953285515,-2.14913118981364,-0.804973418051131,1,0,0,1,0
0,2,2.4470590384044,-0.422073366503598,0.945272209096234,0,1,0,0,0
4,5,-0.111123082170447,-0.317843917702019,-1.42451249885341,0,1,0,0,1
1,1,0.158070090748813,-1.30384991315321,-1.11927618338771,1,1,1,0,0
1,1,0.501079054215224,0.711395517355861,-0.872001018692989,1,1,0,0,0
0,3,-0.32542495483659,2.38259222297348,0.370187287011057,1,1,1,1,0
9,4,-1.3676095044525,0.7156103185945,-0.400812182997531,1,1,0,0,0
7,4,0.450186310272095,-0.349404049881337,0.481347070561806,1,0,1,0,0
10,1,1.0977432053385,-1.75254913740522,-0.26775539649348,1,1,1,0,1
0,0,0.0334247853194603,0.39608495597161,1.22813409166066,0,1,0,0,0
7,6,-1.15446665825212,-0.759542182583659,1.62904622249888,0,1,1,0,0
4,0,0.095432876057452,-1.20979174133571,-0.678684026185209,0,0,1,1,0
4,11,-0.226360978954836,-0.632950109349309,-0.974906060168753,0,1,1,1,0
1,2,-0.719595749644942,1.96726895241917,-0.196856144639026,0,0,0,0,1
1,2,0.149700251811856,-0.32644573201288,-0.60542257682731,1,1,0,1,0
0,0,-0.204630025284845,-2.05289838023979,-1.27821394011209,0,0,0,0,0
0,1,2.03899485985386,-0.656687612907084,0.477134276553498,1,1,0,1,0
4,1,0.285039289488284,-0.299662198807988,0.0432882615958906,1,0,0,1,0
7,5,0.130109596692462,2.76319059983461,2.13719767770259,1,1,1,1,1
3,2,0.39059231348474,0.884147327101937,-1.7791755124801,1,1,1,0,0
1,1,-1.09489895539782,0.358866152492169,-0.694509702422459,1,1,0,0,0
2,2,-0.133319955013019,-0.142789915639535,-0.00795585381761972,1,1,0,1,0
9,1,-2.5922045977813,-1.89133943433182,-3.79259209525142,0,0,0,1,0
0,0,0.319497866634668,-0.474120082416852,0.104474551401804,1,1,0,0,0
2,0,-0.383231908636989,-1.16135903289551,-2.58488824590497,0,0,0,0,0
5,2,-0.170459956550906,1.76434396418358,0.936689191407939,0,0,1,0,0
0,0,0.694463409014618,0.113790327369917,-1.99121567489437,1,1,1,0,0
7,4,0.760333459371133,-0.155748494703379,-0.493736943133006,0,0,1,0,0
7,3,0.865857483410935,-1.34297536577186,-0.192931516390959,1,1,0,0,0
3,0,0.68347482571508,1.17174432238708,0.180951843647547,0,0,0,1,0
7,2,0.148197986423227,0.603447181297588,0.167343402307816,1,0,0,0,1
1,1,0.765515124890767,-0.286008549844323,-0.852998186796778,1,1,0,1,0
1,5,-0.91420204552779,1.09007449287256,1.14608995659706,1,1,0,1,0
1,0,2.71450759675339,0.765319137737904,1.29359488947543,1,1,0,0,0
5,2,0.584866791975868,0.792407804258004,0.337953479936072,1,0,0,0,1
1,0,0.56150605093981,-1.63220532907506,0.156469512982243,1,1,0,0,1
11,4,0.769294983365965,-0.376871878889659,-0.821001314094947,1,0,0,1,0
3,0,-0.46636080178247,0.295058682927806,-0.202438463283557,0,0,1,0,0
0,0,-0.174868404624029,0.709592719951706,-1.440661072727,0,1,1,1,0
9,1,1.00042482727355,0.533984288128486,-0.0937781667156951,1,0,1,0,1
4,5,0.446641796789271,-0.54317774579578,-0.112623958936318,0,0,0,0,0
6,2,0.210167331344433,0.459010041115563,-0.000529404883933295,0,1,0,1,1
1,1,0.853406704315331,1.70245983157893,2.21839817482972,1,1,0,0,1
0,0,-0.070452514217957,-0.945473810963824,0.200113845848186,1,1,1,1,1
0,0,-0.909407886579135,1.11383202853766,1.34628011611491,1,0,0,0,1
2,4,0.382727875335548,1.36135138190572,-0.0686809235179721,1,1,1,0,0
2,0,0.742048849114462,1.30254266797482,-1.8667517395417,1,0,1,0,0
10,1,1.01807393344728,-0.335979872516055,-1.53582219845806,0,1,1,0,1
2,0,-0.548385227725349,0.919299136085235,0.817246777280189,0,0,1,1,1
0,0,-2.20731500691481,-0.552532280169829,-0.551550364267665,1,1,0,0,0
1,1,-2.82415121292024,-0.500883196683804,-1.40484505380313,0,0,0,1,1
0,2,0.518624388641567,-0.652290588922238,0.895098113385419,0,0,0,0,0
1,2,-1.20116426675757,-1.38515802215149,-0.297096951564548,1,1,1,0,0
6,1,0.00703916424661787,-0.471705322266963,0.275667682725466,1,0,1,1,0
2,6,1.1240694772354,-1.2854271784815,1.70732189599,0,1,0,1,0
1,0,0.459304342104594,1.05900813983275,1.1104529312893,0,0,1,0,0
2,0,0.711946314836182,2.69613682383428,-0.925962811303266,0,1,0,1,1
0,3,0.948176981528453,0.165968916555739,0.0205455920637943,0,1,1,1,0
2,0,-0.478253796589572,0.914471945334149,1.10422667142166,1,1,1,0,0
0,1,-2.29271016279743,0.331512185602855,2.04653418301752,0,1,1,0,0
2,1,0.384041054282004,-0.568139781611451,0.659758076959807,1,1,0,0,0
1,3,-1.44940969910922,-0.246320281866559,0.139473007252273,1,1,1,0,0
1,1,-0.209139138048342,-1.16445551558921,-0.857394560036722,1,1,0,0,0
0,0,-1.17323096190054,0.265517571656864,-0.926223442179151,1,0,0,1,0
2,1,0.175709150505157,1.2717414110348,0.246161191711164,0,1,1,0,0
3,7,-0.511252894126526,0.961918151193578,1.1845188408187,0,1,1,0,0
3,4,-0.121538222705123,1.32913400699365,0.938542468077117,0,1,0,0,1
4,2,-0.346961422367991,0.294961670661209,2.17695339013437,1,1,1,1,0
2,0,-0.0322433395346851,-1.10786698033716,1.97440248974287,1,0,1,1,0
2,0,-0.407801530940852,1.87234803471699,-0.15848688948193,1,1,0,0,0
2,0,0.294281354541612,-0.442004282959158,-1.32143202026264,1,1,0,0,1
0,0,-2.32567593195875,0.172963232254919,0.319038372269666,0,1,1,1,0
2,7,0.299415314623303,1.63474739131692,1.47673642044384,0,1,1,0,1
3,0,1.2153721091547,-0.647003334909215,0.357816556857716,0,0,0,0,0
0,0,-0.544738455344179,0.145535109129899,0.905389164380101,1,1,1,1,0
3,1,0.683601997124632,0.180367649264118,0.0958834858334908,1,1,1,0,1
4,5,0.513133249728567,0.347670150311518,0.216518265937287,1,1,1,0,0
2,0,0.850397308483669,-0.376855106340168,-0.421562111806033,1,0,1,0,0
0,0,0.890188250280102,-0.380838151691965,2.1921171148469,0,0,1,1,1
0,4,2.03371634751466,1.52326603865606,0.750457130475117,0,1,0,1,1
1,1,0.990444758479235,0.939297728090532,-1.18819829157826,0,1,1,0,0
2,4,-0.105165504525683,-0.19158642803051,-0.359462099998547,1,1,0,0,0
0,0,1.88873844769218,0.145536288418984,0.320849544201459,0,0,1,0,0
6,1,0.951411287196022,-0.84861045058256,-0.8663022519338,1,1,0,1,0
0,0,-1.61176728074461,-1.53428008970836,0.255257936128471,0,1,1,1,1
3,2,-1.5644896880858,1.14011936373888,-0.471469519781766,0,0,0,0,0
1,1,0.352192804631584,1.03727481999902,0.319127480825916,0,0,1,0,0
3,1,-1.39807446456948,-0.650678941959797,-0.42050324694959,1,1,1,1,0
0,1,-1.00616006929892,-0.285842138973218,-0.0229287101404524,1,0,0,0,0
1,0,-0.794200807057808,-0.61528026295603,1.35527204329137,0,1,1,1,0
5,1,-0.173822187936755,-0.995431396078649,-0.295782522927116,1,1,1,1,1
1,0,-0.0927369470027892,1.56730834403181,-0.421637967291574,0,1,0,0,0
1,0,-0.0627071406211884,-0.187247526332444,-0.474134570030113,0,1,0,0,1
21,0,2.08804218717655,-0.353710690189022,-0.747187961399762,1,1,0,1,0
0,0,-0.746981684064506,-1.00012777984702,1.22690805782401,0,0,1,0,1
3,1,-0.945432394197486,1.19969769917825,-1.73372553442397,0,1,0,0,0
2,0,-0.196177501062698,1.42069762358518,0.172150018012692,1,0,0,1,0
2,2,0.0186858380674409,0.778780528505605,1.05901612776327,0,1,1,0,0
0,0,0.430116489681693,0.125234871791253,0.29043808731697,1,1,1,0,0
10,6,1.1189754309605,-0.210142744609085,1.54423634672,1,0,1,0,0
4,1,0.940324477395073,0.367289357649259,-0.612702332561213,1,0,0,1,0
3,1,1.38370567480178,0.901076650790362,-0.0926961042799859,1,1,0,1,0
2,0,0.904032059821226,0.238595965859461,0.142179221006189,0,0,1,1,0
0,1,0.0454437948565834,0.456113203016426,1.3901431041873,0,1,1,0,0
0,1,0.526440822126817,0.723654302197827,-0.576714766442364,0,1,1,0,0
5,1,-1.39123674177519,0.108331870061111,-1.75000732902427,1,0,0,1,1
12,1,0.76409433051969,-1.68854798911941,-0.301244529206927,0,0,1,0,0
2,2,0.505078193853681,-0.270046480349691,0.876676409013182,1,1,0,1,1
3,2,0.350560376149484,1.35627285686149,-0.953652957622431,1,0,0,0,1
5,0,1.54941897038187,1.03476331514759,-0.179974008458669,0,0,0,0,0
3,0,0.104834582047366,-1.87325003976372,-0.975051394016216,0,1,1,1,1
1,8,-2.17465482878843,1.62543572512664,1.81358536675356,0,1,1,1,0
10,1,1.37314172167609,0.996886958884361,0.194222544462182,1,1,1,1,0
0,0,-1.47986670199631,-0.0512506419947766,-0.822210343711837,0,1,1,1,0
1,2,-1.39919136351848,-0.81794899656223,-0.100730848784069,1,1,0,0,0
5,5,-0.0717351162513665,0.301908480698446,-0.175870143543474,0,1,0,0,0
2,0,0.0814296472463506,0.65420376157531,0.596863151047026,1,1,0,1,0
3,0,1.59769512190345,-1.00375689600713,0.312893734108968,0,1,1,0,0
0,2,-0.593278821475257,0.211422914597019,0.0429185690118287,0,1,1,0,0
0,2,-0.384089064886696,0.128920486228431,0.747725006449061,0,1,1,1,1
1,7,0.863130266083365,0.735485682454652,1.98399687077067,0,1,0,0,0
9,3,-0.34944232742526,-0.692395683454673,-0.820372066617623,1,0,0,1,0
4,7,-0.690176881702001,0.944377628052195,-0.720934651704992,1,1,0,0,0
4,3,-0.860597251143281,0.0864435447340315,-0.709446589351548,1,1,1,0,1
4,3,-0.601398228249439,0.41891690347856,2.24975875765589,1,1,0,0,0
1,13,-1.55895162520542,0.940850105253837,0.48406425884833,0,1,0,1,0
4,5,-0.574853022781288,1.14094404687822,0.921894278747435,0,0,1,0,1
2,3,0.300215253150605,0.624294634131008,0.732688828511541,0,1,0,0,0
2,0,-1.31238786688522,-1.0087564892268,0.858180277413319,1,0,0,0,1
2,2,1.69035999722304,-0.07191037332154,0.435394108580623,0,1,1,0,0
0,2,0.729493708557142,-0.447678688346989,0.935304971474823,1,1,0,1,0
2,1,-1.24471552012397,0.0353709642793972,0.645700085386736,1,1,1,1,0
4,1,-0.355060018986791,-0.556277421956406,-1.4183863113683,1,1,1,1,0
1,3,0.103011453470481,1.00590266632932,-0.825793554519406,0,0,0,1,0
0,1,-0.220711540631669,1.01246344460839,-1.07408585241742,0,1,1,0,0
1,1,0.524621004180289,-0.392649004516734,-0.732712733066853,0,0,0,0,0
4,2,1.0883415430495,0.586061422781611,-0.0402917114983887,0,1,0,1,0
3,5,0.536374778787045,-0.247261361217701,-0.713786241687115,0,0,0,0,0
0,0,-1.1145921007779,-0.385947639362739,0.384734990343655,0,1,1,0,0
1,2,-0.128416587465432,2.40047649092741,0.628203913539588,1,0,0,0,0
0,4,-1.06908650460992,0.238226849652667,-1.29942840072575,1,1,0,1,0
0,0,-1.58833932002263,-1.70673108955671,-0.91252673301691,1,1,1,1,0
1,0,-0.760634364293204,0.770684723678771,0.410620043028977,1,0,1,1,0
3,1,0.134029947473782,0.794371434058468,-0.360793130855831,1,1,0,0,0
0,0,-1.61709082707174,-0.0513569657417537,0.290643616511255,1,0,0,0,0
3,0,-1.23145727514146,-1.15539196115696,0.0285551988218974,1,1,1,0,0
3,1,0.785653504208758,0.261246609359993,0.69946843433537,0,1,1,0,0
6,0,1.90201172927578,-0.618712773183384,-0.207708345737959,1,1,1,0,1
7,13,1.15171600653013,0.633949596087132,2.12415104866652,1,1,1,1,1
6,1,0.416338514272254,-0.150361551498678,0.282200811772187,1,1,1,0,0
0,1,-0.0784747876756909,-0.975476218121945,-0.318431781876874,0,1,0,1,0
5,1,1.29879801454731,1.17885494720552,-2.01909176481788,1,1,0,1,0
12,6,1.07535632352867,-0.319416991213343,0.301931701162946,1,0,0,0,0
6,4,-0.477109330482328,0.453708685633109,0.396555349572375,0,0,1,1,1
1,1,-0.627961035491571,1.25725415997559,-1.59023857292787,1,0,0,0,0
8,0,0.788273007734279,-0.503932032600421,-1.09182279176765,1,1,0,0,0
5,0,2.44042080979315,-0.275822348136562,0.734896258816936,0,0,1,0,0
0,0,-1.13718557501973,0.945238107204792,-0.373182995233706,1,1,1,0,0
7,3,0.873337494118693,1.01400981695499,0.160572889460617,1,1,0,0,0
13,4,1.62570194934672,0.790905458873265,0.305740147203684,0,1,1,1,1
4,0,0.681817738313302,0.778285929706146,0.551575262631793,0,0,1,0,0
4,0,0.437657696161587,-0.25141978413766,0.637934643084163,0,0,1,0,1
0,2,-2.47904521452583,-0.0703298739026171,0.118396430750321,1,1,1,1,1
1,1,-0.0152053688120426,0.228382946647321,1.75445297159005,1,1,0,0,0
1,3,-0.210776186802361,0.506962974722502,0.109648179584906,1,1,1,1,0
4,1,0.851411865931466,-1.24147820176601,-1.37886775078979,1,1,1,0,1
0,0,1.74189859184164,-1.42191783296672,1.27962676563198,1,0,0,0,0
1,2,0.381437238858942,0.976643539621764,0.0562741007687934,0,1,1,0,0
2,2,-0.599893582108722,-0.125668505909788,0.312741762395483,1,1,1,0,0
0,0,-0.574148865878202,-1.32600387570027,1.27064707121537,0,0,1,0,0
0,0,0.100615581793825,0.756015639522927,-3.25902012106202,1,1,1,0,0
3,6,1.47061899246925,0.49170495238849,-0.832072438247141,0,1,1,0,0
0,4,-0.991688354152778,-0.427148786081269,1.73101085345286,0,0,1,1,0
0,1,-1.99532233696808,-0.0449183644403412,-0.843934041109064,1,1,0,0,0
2,4,0.0597827019459477,-0.634509115887058,0.123765228019053,0,1,1,0,0
0,0,-0.476262338072943,-0.580921466592649,0.976350934230848,1,1,0,0,0
1,1,1.86700423633247,0.115382624547994,0.420781093929946,0,0,0,0,0
0,2,0.699209358650171,1.27243051832655,-1.21853524423672,0,1,1,0,0
0,0,-0.322788908525923,0.0196313909219533,0.789291184430465,1,0,1,0,0
1,3,-0.773931994914473,1.46668118167558,1.68648076359859,0,1,0,0,1
10,4,1.47306998794852,0.0171418153383435,-0.321898936461377,0,1,0,1,1
7,0,1.09664166597478,0.771815802385718,-0.253879281337926,1,1,0,1,1
1,0,-1.27380616468605,0.251912813734555,0.940004418685028,1,0,1,0,0
8,2,0.0170901452082112,2.26203076694258,-1.57032389181466,1,0,0,1,0
1,1,1.19567776020709,-0.0484964150907523,1.8503852277036,0,0,0,0,0
4,3,-0.665983512873573,-0.663125796631371,0.922614108512566,1,0,1,1,1
1,0,0.769049170393432,-1.43562251277088,1.04283514259376,0,0,0,0,0
4,1,-0.00125008588579172,0.679006970036787,0.361569036748013,0,0,0,1,0
1,1,-2.01797925811219,0.379447586184841,0.966020640815317,0,0,0,1,0
0,2,-0.492772527129263,1.30614296951007,-0.897981254292012,1,0,0,1,0
7,3,-0.235593083046385,0.0168992211156195,-0.795741827301703,0,1,0,0,0
3,0,-1.14013697828499,-0.378652742544785,-0.839813139095287,0,0,1,0,0
1,2,0.11099423885076,-1.57816714216026,0.63336085009679,0,0,0,0,0
7,0,1.66573791792298,0.311905095102869,-0.777139114577374,0,1,1,1,1
1,1,0.048879347957281,-0.113731662863898,1.31825607288739,1,1,1,1,0
1,2,1.09792156839631,-0.136779909000724,0.0766914149488073,1,1,1,0,0
0,3,-2.85725369202924,1.3443505364179,1.54181860178754,1,1,1,0,0
2,0,0.666474293672076,0.643695900222718,-1.32549613633018,1,1,1,0,0
3,1,-0.731113422524409,-1.02825591961544,-0.523166341585092,1,0,0,0,0
3,1,-0.0728605348913729,-0.246649443122742,-0.489138680527589,1,0,1,1,0
0,0,0.0500693143144624,0.813528527019032,-0.93024163965236,0,1,0,1,0
1,1,0.0221056374736557,-0.582488717887088,0.772125576117848,1,1,1,0,0
2,1,-2.21258711188685,1.53050703271116,-1.42840615770319,1,1,1,1,0
2,1,0.137330665381937,-1.66749319145315,-0.705023481952879,0,0,1,1,0
1,0,-0.18940212391608,-0.0257010540773506,1.46553084237165,1,1,0,0,0
1,2,-0.398881140491829,-0.260096963288452,-1.81854076406673,0,0,1,1,0
6,2,0.386215358583887,-2.0147362206114,0.632665250684729,0,0,1,0,1
2,3,1.04369826924737,0.266669732662665,0.385876564174949,1,0,0,0,0
3,3,-0.453283269799492,0.750516584001878,-0.41185775604546,1,1,1,0,0
3,3,-0.420313463521985,-0.770735561962467,-0.857416409609389,0,0,1,0,0
0,1,0.00583631342285452,-0.834176240178827,0.190031793739632,1,0,0,0,0
1,0,-2.92666791779828,0.918178644072321,-0.109805214714645,1,1,0,1,1
2,0,1.26740429460745,-1.50156985573374,1.05001468226906,1,0,1,0,0
5,2,0.651509745372268,0.356941202146433,0.0245147517764993,0,0,0,1,0
1,3,0.870340075283855,-1.155181953076,0.197357338763176,1,0,0,1,0
11,9,0.63109719686356,1.48645602827644,-0.768717854832229,0,0,1,0,1
2,0,0.88421363617956,-1.87724450397949,-0.79014138814263,1,0,0,0,0
2,0,0.551515827283518,-1.66564276598729,0.0822686184873677,1,0,0,0,0
0,1,-1.06197571602997,0.549958252097291,1.8262700150783,0,0,1,0,0
4,0,0.378703865812769,-0.147166011643217,-0.359043313125412,1,1,1,1,0
2,5,0.582259826507043,0.585827788928932,0.0378492213216789,1,1,1,1,0
1,1,1.80345929950844,0.132023639340819,1.54669922537307,0,1,0,1,0
1,1,0.10355696046392,-0.457117360661768,-0.134326234872074,1,0,0,0,0
2,4,-0.879436220782001,1.56858847997776,-0.730448790297249,0,1,1,0,0
2,2,0.0432401638013575,0.518445889614239,-0.954057387601367,1,1,1,0,1
1,1,-0.0298935957167121,1.4035287296333,1.04692400422551,0,1,1,0,1
3,2,-0.767677422515461,1.29321211169017,0.176148962915971,0,0,1,1,0
1,2,0.0501294048659202,0.476753661411655,2.90546626985482,0,0,1,0,1
2,1,0.665409319662143,-0.101967544075485,0.096984236360541,1,1,0,0,1
4,2,-0.285196980493141,-0.0744197400038522,-0.373299212733907,1,1,0,1,0
0,0,-0.0611844702628347,-0.324880098332217,-1.39498005234402,1,1,0,1,1
2,0,1.07006253634026,-1.06749930675496,0.264291945162616,0,1,1,1,0
0,0,-0.210889739421347,-0.663167723185471,-1.0971805531783,0,1,1,1,1
0,0,-0.496533189656132,-0.485634107524551,-0.129754904268727,0,0,0,1,0
3,2,0.0288384373666782,-2.17169677302429,-2.30347588995619,1,1,0,0,0
1,0,-0.590905480544121,-0.258556851726938,0.49306716487859,1,0,0,1,1
2,1,-0.550250616325231,0.0156748352282186,-0.40650889653797,1,1,1,1,0
0,0,1.49834623860666,-1.06891456726172,0.634584810297224,1,1,1,0,0
2,1,-2.06030687168324,-0.905427171742225,-0.738488555040341,1,0,1,0,1
2,1,-0.398462408647354,-0.236045087303741,-0.574036881681142,1,0,0,1,1
1,1,0.663875500849506,1.43348178242433,-1.13896613904788,1,0,0,0,0
1,2,0.213009365049258,0.542749910120872,0.191196431591842,0,0,1,0,0
6,4,1.3906869069386,0.375338071266741,0.338768780043099,0,1,1,1,0
4,2,0.481709482143013,0.698080594642065,-0.982643435764569,1,1,1,0,0
4,0,-0.195932102137063,-1.85572813168661,-0.182117426515496,0,1,1,0,0
1,0,0.738903596553021,-0.706666123122216,0.96590064783478,0,0,1,1,1
9,2,-0.0541099215457187,-0.3679803114521,-0.129950722394488,1,0,1,0,0
1,2,0.128234379515662,-1.717776603682,-1.15014051559574,0,0,1,0,1
2,0,-0.249010822620934,0.793873159954299,-0.268109065462833,0,1,1,0,1
2,0,0.514255263071979,0.20855157021132,-2.23173988132271,1,0,0,0,0
0,1,0.295865020563608,-0.798295520227623,0.817481013504902,0,1,1,1,0
0,0,0.266001625598024,-0.112209946398721,0.16038375313174,0,0,1,0,0
1,2,1.69255516139071,-0.53649332388809,0.262636904482782,1,1,0,0,0
0,0,-0.370342830900914,0.517515636569983,0.546985267563335,1,0,0,1,0
0,3,-1.01373260475293,1.43616889426911,2.28290838173734,0,1,0,1,1
2,0,1.02136143144614,0.179895272098679,-0.307258379071209,1,1,1,0,0
7,2,0.124894827243649,0.419743356990678,0.223196583377248,1,0,1,1,1
1,0,0.726275538381947,0.956716654270508,1.05958025134481,1,1,0,1,0
3,0,0.448925581345638,1.48489118312647,-0.408631134766646,1,1,1,1,0
1,1,-1.8317843880807,-0.168517484094367,0.451326177267543,1,1,1,0,0
0,0,1.30662509415664,-0.645656902003331,0.374604633035069,0,1,1,0,0
5,6,-0.314361059023361,2.23053301536217,0.346023746847284,1,1,1,0,1
4,5,-0.234852047489943,0.488973578036339,-1.39540067436903,0,1,0,1,0
2,2,-0.774777436332053,-1.35179403900952,-1.18775940237883,0,1,1,1,0
2,1,0.84557222147548,1.79414768033052,0.0560691388662519,1,1,0,1,0
0,0,1.82227753879606,0.632374794103946,1.16249720948322,0,1,0,0,0
2,1,0.288668204589883,0.125385965981249,0.575566639381028,1,0,1,1,0
2,1,1.7127095301768,0.563245364520801,-1.22473448387619,1,1,0,0,0
2,0,-0.180025797572585,0.467226536696097,-0.411170965913512,1,0,0,1,0
0,0,0.265404501300078,1.69398571030079,-0.518059297467249,0,1,0,0,1
3,2,-0.83314844901669,-0.49498389701116,-0.931059232640171,1,0,0,1,0
2,2,-0.613626562071751,0.582305562319823,-1.24172948523475,1,1,1,0,1
1,2,-1.17372786752535,-0.0123362186016209,0.920015837856317,1,1,0,1,0
5,2,-0.200108779836663,1.18668748934945,-0.00638228638257707,0,0,0,0,1
2,0,0.134324736904478,1.19862269335638,-1.40960421405603,1,1,0,0,0
1,9,-0.694480297965865,1.12619793087325,1.17775785685414,0,1,1,0,0
0,0,2.79404424884485,0.188834312663882,-0.0386954719092898,1,1,1,0,1
1,0,0.501163619789189,0.342221026239764,0.526534262392479,1,1,0,0,1
5,0,0.979526890807984,-1.07626344757086,0.298102475019913,1,1,1,0,0
0,5,0.187651616919492,-0.348683072990263,-0.628687405971794,0,1,0,1,0
11,2,-0.0775644722701402,1.60925868183094,1.48558753637359,1,0,1,0,1
7,1,0.793942617028893,-2.0678211060373,1.68170924980383,1,0,1,1,1
2,0,1.44901445253709,-0.378626002974151,-0.369377012058545,1,1,0,0,0
0,0,-0.178506998956998,-0.200256177979437,-1.61861341754906,1,0,1,1,0
1,1,1.08752953373785,-0.145555131414979,-0.926671944823334,1,0,0,1,0
1,0,0.233501139148958,-0.808489907253488,0.95581258370137,0,0,1,1,0
0,1,-0.852278729899822,0.785925666703857,-0.826698216748539,1,1,0,1,0
3,1,-0.999438140086009,0.410031471567588,-1.26474913051265,0,1,1,1,0
3,5,-2.12283423098708,0.574645076216807,0.942528092352017,0,1,0,0,0
4,6,-0.579933563888396,2.82843523539453,-1.79794469938824,0,0,0,0,0
0,0,-0.116024857613176,-1.67172326865669,0.869347181147869,1,1,1,1,1
4,4,0.795598971064718,0.404285757371797,-0.143265253213018,1,1,0,1,0
0,0,-2.20471178894499,2.00618446322884,-0.982392532679474,1,0,1,1,0
0,0,1.5198380328693,-1.09660161851146,0.989166339249542,1,1,0,1,0
1,2,-0.517660075778103,-1.23839498648602,1.91305235911863,0,0,1,0,1
6,1,-1.62740826358328,0.29572843731579,-0.892999931644735,1,0,1,1,0
0,0,-0.998434352760006,-1.16174869998252,0.500722538548557,0,1,0,0,0
6,16,-0.468981024468277,1.56623865936998,-0.212063146943663,1,1,0,1,1
1,2,0.0901293290038349,1.71106642550599,0.606752160470429,1,0,0,0,1
5,2,0.0778407247777175,-0.869478445345432,-1.20706581623917,0,0,1,1,0
1,4,-1.86578257950507,-0.699944396708051,0.0427129321441753,0,0,0,1,0
2,3,-0.0275578488271065,1.32289852707774,0.185055820152969,0,1,0,0,1
3,2,0.212459737426108,-1.38486754156085,-0.0648934545852237,1,1,1,1,0
1,1,-0.231483258272701,1.94993271684956,0.499785745321016,0,0,1,1,0
3,3,0.476146350692023,0.38950200857218,-1.26875156634322,0,1,1,0,1
0,0,2.1099248704818,0.872049824768133,-0.216271929834454,1,1,1,1,0
3,5,0.590357518108414,0.275003698635673,-0.186714664550541,0,1,0,0,0
3,3,-0.678161914330608,-1.23832087595031,-0.460965707488208,0,1,0,1,0
1,3,-0.0042890866596413,1.2889518538876,-0.982467181060775,0,1,0,0,0
2,1,0.111528964454902,-0.318014504102497,0.135385794774684,0,1,0,0,1
3,1,0.495775064554899,1.90538397179453,0.163792252622206,0,0,0,1,0
1,0,-0.063900445370335,-0.384043066021811,-0.277227683374063,1,1,1,0,0
1,0,0.347078132310398,-0.671830023244746,1.13242700591355,0,0,0,0,1
4,1,-0.975431152306925,0.416274152771949,-1.27091736805655,1,1,1,1,1
3,0,-0.89889125867548,0.0340383393236245,1.3825207687983,1,1,1,0,1
1,2,0.249021241941088,1.48314617864689,1.87983123437532,1,0,1,1,0
0,1,-0.502106408299227,-1.36564513882308,0.857186652084964,0,1,0,0,0
0,0,-1.35647081323855,-0.416236975050976,-1.47192930507418,1,1,0,1,1
3,5,0.987337598616771,1.2594809269205,1.48521528436722,0,1,1,1,0
5,2,0.0633093697914021,0.854102802034017,-0.671444557226009,0,0,1,1,0
0,0,-2.38000151428573,-0.582357691462842,0.0580233835232856,0,1,1,0,0
0,0,-0.769272215391469,0.00591268428905283,-1.10350319453078,0,0,0,0,0
12,2,-0.188466720754778,1.053731897742,-1.40449798884746,1,1,1,1,1
7,1,0.862507472023889,1.06237795747434,-0.729134206191544,1,1,0,1,0
2,2,-0.0794257304691344,-0.0233754344055344,-1.22419913470248,0,0,0,1,0
6,1,0.329813078404239,-0.531698936148626,-2.08092902894631,0,1,0,1,1
3,0,0.613175635919645,-0.702984752586084,-0.412994826979924,1,0,0,0,0
1,1,-0.602648936935882,1.12359206965884,0.20533250980187,1,1,0,0,1
1,1,0.218318599533956,-0.129016580018081,0.0338862974919327,1,1,0,1,1
6,2,0.0922346099467588,1.26530294550754,0.322688195440815,1,0,0,0,1
3,3,-0.0739294352032912,-0.175677363135875,-0.160017280087217,0,1,0,1,1
2,1,-0.467486690403801,0.0142890597967223,-0.603131903779487,0,0,0,0,0
0,1,0.30905053290443,1.06077619086911,0.287651466417394,0,1,0,0,0
2,0,1.04516795333394,-1.83389619801933,-0.896844256875065,0,1,0,1,0
3,0,1.43022688586656,1.07798291607281,-1.01626451238358,0,1,1,0,0
0,4,-1.16053060749829,0.324890978633109,-1.05219598628137,0,1,1,0,0
0,0,-0.273986253168293,-0.0837374576109198,0.783602723493511,0,0,1,0,0
0,2,-1.27118127922405,-0.218496803400402,-0.713996952763499,0,0,0,1,0
0,0,-0.0481899688523784,0.344644728083731,0.492986027792003,0,1,0,1,0
0,0,-0.265945260690145,0.453876995211289,0.24135810362,0,1,1,0,0
0,0,-0.164408739408649,-0.632165669108795,-0.417153172794929,1,1,1,0,0
1,1,1.22585908532977,0.929763006454531,-0.378426046875044,0,1,1,0,0
3,9,2.0269208010876,1.2468931289717,-0.646556457011344,1,0,1,1,1
1,5,-2.52705807736956,-0.664152773715339,0.23130571585819,0,0,0,1,0
0,1,0.598450370088081,0.229993100090034,-0.454730702926061,0,1,0,1,0
23,7,2.95885408104721,-0.0951759195311148,0.626598429532942,0,1,1,0,0
0,0,-1.23982761538474,-1.08246227429474,2.14176513563805,0,1,1,1,0
2,0,-1.02666373734707,0.714948541804239,0.312679928302007,1,0,1,1,0
2,3,-1.0750965669129,0.245560391657961,-0.274108405419115,0,1,1,0,0
1,3,-1.86097726754186,-0.550278651521925,0.524988097052569,1,0,0,0,0
2,0,0.053771810280648,0.512103996146398,-1.82272810044244,0,1,0,1,0
2,4,-0.753663484751596,0.207709305727282,-1.03619419453612,1,0,1,1,0
0,0,-0.357937971564107,-0.0503559759632261,-0.69429549374893,1,1,0,1,0
0,0,-0.386102951664779,-0.0212995994555984,0.255141326665069,0,0,1,1,0
1,4,0.064886302821711,0.0629881208548195,0.462062363537823,1,0,0,1,0
2,4,1.2717903707178,-0.559175628221896,0.0674261137455801,0,0,1,0,0
2,1,0.38480974654342,1.29699123991863,-0.45105075811359,1,0,1,0,1
3,1,0.513105112672554,-0.922602346859909,0.0194145671798305,0,0,1,1,0
1,2,0.542069041461983,-0.586794462422625,0.565695574597008,0,1,0,0,0
0,0,0.0631456284723748,0.211979701507878,3.13116482079702,0,0,0,1,0
0,1,-0.400198301141445,-2.38400783240217,1.1788318940935,0,1,1,0,0
3,1,1.35942001672848,0.736130271584759,0.607828400699023,1,0,1,1,0
4,2,2.74747556688511,1.1977503228177,1.16740677955327,1,0,1,0,0
3,1,-0.456441876785358,0.602678918258338,0.282192329501461,1,0,1,1,0
1,0,-0.484333236285869,-1.42816088592762,0.794538546639205,1,0,1,0,1
2,1,-0.340532422867282,0.00649863943783439,1.75860386992857,1,0,1,0,0
0,0,1.25657113416328,-1.44696945461152,1.35652019098372,0,0,1,0,0
1,0,-1.81384922288679,0.685836334965981,0.335489292708136,1,0,1,1,0
1,0,-0.234501184210213,-0.531256876353759,-2.90501562973758,1,0,0,0,0
3,4,-1.28977841015277,0.752493443452286,0.560243339554198,0,1,1,0,0
8,4,0.505446796902202,0.91712253336188,-0.96917208812688,1,0,0,1,0
4,4,-2.17266246495611,0.208071593698086,2.19327236593599,0,1,0,0,0
0,0,1.06714512471058,2.04562201241541,0.436707212888955,1,0,1,0,0
1,1,-1.02272404312731,-2.00953951675633,0.0248667903864505,1,1,1,1,0
1,0,-0.163700310719296,-1.29827378044403,-1.01451655165677,1,0,1,0,0
4,2,0.523411492792515,-1.76410260800999,-0.506016476554281,1,0,1,1,0
4,1,0.962336261689648,1.62999834637572,-0.114497474644838,1,1,0,1,0
1,5,-1.68221599931048,-0.897247325830897,-0.68211010622212,0,1,1,1,0
3,1,-0.647411617606945,0.158437312648232,-1.12570522370341,1,0,1,1,0
4,1,1.4709814488155,0.752026784048437,-0.363620690409738,0,0,0,0,1
0,0,-0.641814803184541,0.607593138168105,-0.392522427957133,1,1,0,0,0
9,4,-0.315445362348419,0.518036151517912,-1.91330763185566,1,1,0,1,0
0,0,1.32909797117277,-0.757565486439071,2.24871137496648,0,0,1,0,0
0,1,0.656857205357633,1.48665049518413,-0.277585703868548,0,0,1,1,0
0,0,0.214999769957369,1.03605033931129,1.79039181477488,1,1,1,0,0
4,0,0.855538286135773,-0.688551900569978,0.853011321078444,1,0,0,0,0
0,3,-2.13523726586733,-0.291815716668374,-3.00035642815074,0,1,1,0,0
3,0,-0.442859056380337,0.526845808425919,0.43610127600441,0,0,0,0,0
4,0,0.481771367125759,-0.570057024059011,0.565089138834695,1,0,1,1,0
2,1,0.676805888253443,-0.352477133699554,0.187684896848193,0,0,1,1,1
2,0,1.35567467774361,1.01955732953995,0.180441331859782,1,0,1,1,0
2,4,0.404295682532905,0.354709844545165,-0.296224089122422,0,0,0,1,0
1,2,-0.690670427004568,-0.0284859310333562,-0.251495500438609,0,1,0,1,0
2,0,-0.584530667278985,0.589014808797879,1.72587398748355,1,0,1,1,0
1,0,0.0259259322724193,-0.394532234545905,0.731994783641643,0,1,1,1,0
3,3,0.468211641157356,-0.75000103863561,0.654494295037673,0,1,0,1,0
0,2,-0.106424895799042,0.892959977399297,-0.197127763833727,1,1,0,1,1
12,5,1.5070029223551,0.135882588753108,-0.746236513456466,0,0,0,1,1
1,2,0.327133567665688,1.08694033002998,0.011830162782732,1,1,1,1,0
1,3,-0.895294366647854,0.114866737975225,-0.267539076348063,0,1,1,1,0
0,0,0.737334999794196,-1.79705086899026,-0.432935246127797,1,1,1,0,0
1,0,0.597692985628671,0.201424352798849,-0.272436726243942,1,1,0,0,0
9,3,-0.111840753724424,1.68413382261504,-0.208397539887559,1,0,1,1,0
10,1,3.00721465350333,-0.311841964450147,2.2063302931836,1,1,0,1,0
1,2,-1.84247441762086,1.67472249179292,0.561606358631471,0,0,1,0,0
1,4,-0.842865246448573,0.586844752051388,0.644494398081633,1,1,0,0,1
1,3,-1.3982235944485,1.59747061022038,-0.206065856961729,1,1,1,0,0
0,0,0.0692774478754473,-0.778116895014398,-1.12432300099084,1,1,0,0,0
0,0,-0.7080611134687,-0.894774658074516,-0.943317709790798,1,1,1,0,0
2,2,0.165147085228462,-0.451893861928056,2.0166535886291,1,1,0,1,0
6,1,-0.00199315210608527,0.337374813385154,1.20416410522322,1,0,0,0,0
0,1,0.020621608246493,0.987852027891743,0.0809472139469816,1,1,0,0,0
8,3,2.14778679649348,0.88279008102673,1.11905441740864,1,1,1,1,0
1,1,-0.266709264861318,0.643398662828283,-0.111514022246831,1,1,0,1,0
2,0,0.146131203278599,-0.164014581035398,-0.732842657014317,0,1,1,0,0
4,0,0.700422968056714,-0.59448099954434,-1.75571618052264,0,0,0,0,0
1,1,1.23251376156295,1.45425910401555,1.86384595719004,1,0,1,1,0
6,0,0.994571587988667,-1.64043685871404,-0.397115829768916,1,1,1,0,1
0,0,-0.25029003766961,0.222237823292136,1.11299133694039,0,0,0,0,1
5,4,0.675506894854564,-0.228479796277422,-1.14942522946951,1,1,0,1,0
0,0,-1.03876005163476,0.745751478836548,-1.4760314045345,0,1,1,1,1
0,1,-0.433880771852974,-0.713742095401314,0.729534099305008,0,1,0,0,1
3,4,0.436642880450189,-2.33564795966989,-1.33854939098442,0,0,0,1,0
3,1,-0.234997457092058,-1.35665597689362,0.492172630988784,1,0,0,1,1
2,1,0.915437277657891,0.942612021339415,0.165627845448152,1,1,1,0,0
1,1,-0.939615260015116,0.651230380280321,0.734400402923131,1,1,1,0,0
2,1,-1.56631106984202,-1.65034811302161,-0.179962779957931,0,1,0,1,1
1,1,-0.939494102690153,1.93172550734036,-0.729113715694489,0,0,1,0,0
0,0,1.43374947481607,-0.361891688482065,1.29408633628457,1,1,1,1,0
3,1,-0.0804045953482746,-1.15378395668924,-1.24302254314188,1,0,0,0,1
2,3,0.390125064320696,-0.894731034430462,2.87121839526749,0,0,0,0,0
2,1,0.190391248331644,-0.491246674671339,0.630727798678651,0,1,1,0,1
2,1,-2.01566993457137,-0.566130400454586,1.50745857108325,0,1,1,0,0
0,0,-0.493864682528933,-2.17427843157529,1.22948608253325,0,1,1,0,0
2,0,-0.421754108125718,0.162803587200862,-0.184004168048601,1,0,0,0,1
6,2,0.169484366149828,-0.184242645933846,-1.56671497553769,0,1,1,1,1
1,0,0.373033250022871,0.153197397360487,-0.124025587781589,1,1,1,0,0
0,1,-2.49728589993441,0.547900091116716,0.207676593615128,1,1,0,0,0
4,1,0.642168310174747,-0.481501114431681,0.811118560519848,0,1,1,0,1
1,0,-0.575984582585439,-0.911267043797569,-0.984799146042229,1,1,1,1,0
1,3,0.393351265843449,0.739905448518371,0.15375538302114,0,1,0,1,0
0,0,0.273155200280136,-0.618400295985909,-0.569258580235294,0,1,0,1,1
0,0,-0.605531167848565,0.00716710753740996,0.670618314654961,1,1,0,0,1
4,0,0.960331689338051,0.147051017959249,-0.407056832852049,1,0,0,0,0
4,0,0.0920652524560468,0.0058513298619542,-0.57984847351962,1,0,0,0,0
4,0,1.07456190568335,0.879301013353481,1.12240309286156,0,1,1,0,1
5,4,1.31435524898337,-0.554753783142214,0.307847370989252,0,0,0,0,1
3,4,-0.170380036317668,-0.521795278531735,0.350215986320112,1,0,0,1,1
0,2,-0.190967769360888,-0.48378536954193,-0.678624124763914,1,1,0,1,0
6,2,0.28756633933511,-0.512146419539449,0.389930940424323,0,0,1,0,0
1,0,-0.312446043011568,-1.78734906929022,-0.630126142366896,1,1,0,0,0
3,1,-0.0790812772850556,-0.189203770057002,0.828760155371799,1,1,1,0,0
0,0,-0.588319872304995,-0.333994168613435,2.18139498933107,0,1,0,1,0
1,0,0.0144322651892291,2.47624125380763,-0.81124775080205,1,1,1,1,0
0,0,-1.33014056436451,-1.94245524198161,-1.5724818168123,0,1,0,0,0
2,1,-1.44453577680211,-1.14222463342522,0.822427434801213,1,1,0,0,1
1,0,0.355849469030013,-0.588382710359719,0.115284409317116,1,1,1,0,1
8,7,-0.0304366501859127,2.19498071925531,-0.652746848548005,1,1,1,1,0
0,0,-0.34284048262481,-0.575371296180233,1.02700018712552,0,0,0,0,1
1,0,-1.49958496915345,-0.299288548329781,0.0478301059335993,0,0,1,0,0
2,1,2.23127111915331,-0.0171092864781037,0.528504110104797,0,0,1,1,1
0,0,-1.79379961190897,-3.06650568834557,0.624935910144174,0,0,0,1,0
2,2,0.428246934885772,0.431923661460463,0.407904183935068,0,1,1,1,0
8,11,0.530079486786613,1.35166274702008,0.265446894310789,0,1,1,1,0
2,0,1.0544721577674,-0.0487953773064987,-2.48397773822129,0,0,0,0,0
2,1,0.576670188607567,-0.439366467295587,-2.00011785038777,0,0,1,0,0
5,2,-1.40360767618679,-1.20426178374455,-1.24544118443022,1,1,0,1,0
6,3,-0.9119968221522,-0.957652053825102,0.161041710603359,0,0,1,0,1
1,0,-1.17351538942554,-0.0107097836888911,0.0929304617748281,1,0,1,0,0
0,1,-0.411556420985114,1.01516390991614,1.59094601329027,1,1,0,0,0
1,0,1.46618481649279,-2.20254973241604,-0.288529117682573,1,1,0,0,1
2,0,-1.02458013242558,1.7155663757148,-0.513628780014142,1,1,0,0,0
0,0,-0.650421162811353,-2.13822539205213,1.7912757699973,1,0,1,0,0
1,0,-0.291323210622132,-0.150705493574229,-0.410790282070069,0,0,0,0,0
8,9,1.11115402303533,1.95962630186439,-1.41890427800956,1,0,1,1,1
10,6,-0.658498731479728,0.0762598899711059,-0.443493353463339,0,1,1,1,0
3,1,-0.17290840464574,0.165264883420514,-1.57275587712813,1,1,1,0,0
2,2,-1.14759717384505,0.831144059172452,-3.02084802877908,1,1,0,0,0
1,0,-0.779891218634339,-1.37805837616538,-0.978718437559146,0,0,1,0,0
3,2,0.71299658596382,-1.02252115433819,0.404667090156403,1,1,1,0,1
10,2,0.481613157766415,0.553820159590837,0.708865386236228,1,0,0,1,0
1,0,1.1890092718501,0.579255477618649,1.88278218114736,0,0,1,0,0
8,4,0.593394769599605,-0.276307423324569,-0.249136767936485,0,0,1,1,1
0,4,-0.428012262387196,-0.27950278450342,-0.129290125763992,1,1,0,1,1
1,0,-0.640133083179628,-0.376895279982497,0.752069035246264,1,1,0,1,1
0,0,0.91161408447768,-1.85333835298811,-0.458679869693186,1,1,0,0,0
7,5,0.108754967477441,0.934914495435194,-0.660677971842236,1,1,1,1,0
3,5,0.118197957967847,-0.115741136683851,-0.738101388930331,1,1,1,0,0
5,1,0.822040569813194,-0.356280476373849,-0.566346354815184,1,1,1,0,1
6,3,1.54497888330489,-0.98557185944008,1.02294195304475,0,0,0,0,0
2,1,0.377804725998268,-0.915892667687495,0.833291977903882,1,1,1,1,0
0,0,-0.654271487141892,-0.821772935537325,0.6400041717092,1,1,1,0,1
2,0,1.01122228552495,-1.05606985823358,-0.0707508815988911,1,0,1,0,0
0,1,-1.90000747533021,-0.636168735876896,-0.970180587843052,1,0,1,0,0
2,3,1.94323789242538,2.39878962467085,-1.83474962400691,0,1,1,1,0
1,1,-0.011491930161127,-0.360396873976426,-1.1863509465322,0,1,0,1,1
2,0,-0.977694972408001,-1.45920120568634,0.0783251561098649,1,0,1,0,0
6,3,-1.78338943084034,0.255166542749544,-0.882819438098975,0,0,1,1,1
2,1,-0.544469157001444,1.96545350599065,0.11287324910946,1,0,0,0,0
0,0,0.136923681378081,-2.237269125084,-0.0224390656985213,1,1,0,0,1
2,0,0.599527190761554,-0.104465596015744,-0.713468169508044,1,1,1,1,0
9,4,2.11750782602165,-0.274373582279126,1.13379455801824,0,1,0,0,1
1,1,-0.486172210341263,-0.00375712289085343,-0.298066774251463,1,1,0,1,0
0,0,1.35969891680412,1.30369955295406,-0.435174541788519,0,1,1,1,1
0,1,-1.04092773714091,-0.888849646379669,0.0234213879533754,0,0,0,1,0
5,1,-0.136170314527967,-0.478418253982976,-2.58079408838081,0,1,1,1,0
0,2,-1.35665259090117,0.556296210099111,-0.945788425139749,1,1,1,1,0
0,2,0.00214439717231473,-0.285995949609149,1.33220693604169,0,0,0,0,0
16,0,1.07594662352258,0.613937303833358,0.634303050481119,1,1,1,1,1
0,0,0.637075766034329,-0.436320691686775,1.13174330637714,1,1,1,1,1
0,1,-2.56425213059616,-0.826296423866474,0.0147353902072496,0,1,0,1,0
1,2,-0.123395381306693,1.20129095657161,0.604333306473763,0,1,0,1,1
6,6,-0.88491663409725,-0.382523904367404,-1.45534841834747,0,0,1,1,1
2,2,-1.16409707722616,1.21889027504085,0.972036672348455,0,1,1,1,0
0,0,0.49341324685924,0.0606170294279972,0.247437571448125,0,1,0,1,0
1,1,0.0357948161212975,0.0253010183900257,-0.104328627773094,0,0,0,1,0
0,0,-0.317548627759749,0.0787235878840021,-0.278000451262677,1,1,0,1,0
0,1,0.556652039137245,-1.24959516603635,-0.360981687493832,0,0,1,0,0
1,0,-0.551306567853381,-0.121466172513603,0.707710813890028,1,1,1,0,0
0,2,0.898147110545238,-1.07980203315239,1.04388311635248,0,1,1,0,0
4,1,-1.03819623222489,0.456630460614406,0.765036597581621,0,0,1,0,0
1,1,0.0573958859470826,-1.17464365172837,-0.32860306083876,0,1,0,1,0
0,0,-0.941273729529616,1.1062857418183,0.372022772017002,1,1,1,0,0
3,1,0.282500062300215,0.717249895962499,-1.350363129312,0,1,0,1,0
0,1,0.0804592932166894,-1.47021733416497,-1.39371113510787,1,1,0,1,1
2,2,-0.949139667051885,-1.66974910934814,0.504005255210559,0,0,0,1,0
1,5,-1.78987086164917,0.0277865475785046,0.0273722263343997,0,1,1,0,1
1,1,0.600148585691574,0.0660426340438674,-0.547094581072776,1,0,1,0,0
7,2,0.946100301116627,0.111274456960724,0.0258450482648335,1,1,1,1,0
6,3,-0.850422750540923,-1.6016471723935,-1.11717622747571,1,0,1,0,1
0,0,-1.62191903129139,1.07782879608949,1.24325371025622,0,1,1,0,0
4,3,1.36375812243547,-0.770063048313012,1.54814274786262,0,1,1,1,1
0,0,-0.0107289402477624,-0.0367257091954367,0.585496834140618,0,1,1,0,0
1,1,0.112120562006883,-0.0468484767090126,0.0949578728318545,0,1,0,0,0
1,3,0.150937997562657,0.766010421957192,0.969558471682866,0,0,0,1,0
0,2,-1.3256194608209,-0.796134552660103,1.6354329631559,0,1,0,1,0
0,0,-0.995797629799904,0.412489898052797,1.96062870136917,1,0,1,0,0
2,0,-0.336428807958578,0.138024911560037,-1.09553851339906,1,0,1,1,0
3,1,-0.374423737876887,-0.337466353543999,1.0190263359485,1,1,1,1,0
0,0,-1.53426777128989,0.406622529584883,1.4131683697455,1,1,1,0,0
6,0,2.06436188893569,-0.670295572709718,-0.902805965064583,1,1,1,1,0
0,0,-0.392662034462407,-0.944855594553995,1.03460760469282,0,1,1,0,0
0,4,-1.04287003653449,0.975408406606117,0.271678853510895,1,1,0,0,1
2,0,0.6112023245565,-0.0542580365249246,-1.04909945911342,0,1,1,1,0
4,2,-2.11702923830457,1.09616757727897,-0.153250397103757,1,0,1,0,0
6,2,-0.526977922601597,1.28626049988493,-1.86832098421916,0,0,1,1,1
1,0,0.700160792081858,1.8436620093896,-0.711856188638278,1,1,1,0,1
2,2,-1.27458509957378,0.114526049632654,-0.181596213264066,1,1,1,1,1
2,0,1.38982008584459,0.563136914116763,1.12431343072732,0,1,0,1,1
5,0,0.503931150930627,0.385143641670631,-0.0463083485055974,1,0,1,0,0
0,2,-1.59230228250311,-1.0244049966676,1.37159227635818,1,1,0,1,0
1,1,0.7980802823078,-1.21379256319348,0.749733991110728,0,0,1,0,0
3,3,0.313760327400729,0.417808361872888,0.144168344040357,1,0,0,1,0
9,3,0.74996546823471,0.970332724108954,-1.81962181268562,1,0,1,0,0
5,3,-1.16004505344561,-0.733209804293671,-3.7202656261814,1,1,1,1,0
8,5,1.39882255455863,0.757677331358987,0.308356389905408,0,0,0,1,0
1,0,0.542932243695762,0.760764973660309,0.130553376232872,0,1,0,0,0
2,2,-0.521570149385195,-0.302672816387408,-1.66797857749736,0,1,1,0,0
1,0,0.529971414745052,-0.754722921581602,-0.384383517154596,1,1,1,1,0
6,5,0.425934978654271,-0.64973746949412,1.11444454217762,0,1,1,1,0
1,0,0.166168411517077,-0.121715872118379,-0.473450094270135,1,0,1,0,1
1,1,-1.29338986848566,-1.13348772473079,-0.319653721413651,0,1,1,1,0
1,5,-0.994052980261734,-0.432730891197751,0.947149032632927,0,0,0,0,1
3,1,-0.410007734720658,2.02377879368978,0.663827933120062,0,0,0,1,1
1,1,-2.22692221624172,0.187092690575808,2.46076878944208,0,0,1,0,1
1,1,0.535145036329209,0.797935710121849,-2.39649096771864,0,1,0,1,0
8,1,1.70551734289496,0.579463105939822,0.247155027213466,0,0,0,0,0
1,3,0.193459635119154,-2.12846336591282,-0.976978872393147,0,1,0,0,1
5,1,-0.504047783192605,0.200907916476538,0.223526723720174,1,1,0,1,0
4,3,-1.98997007075941,0.90316918636709,-0.460904100635385,0,0,0,1,1
11,3,-0.20209768740848,0.422104291512198,-1.53633467499619,1,1,0,0,0
2,4,0.93532637536791,-0.0830717240075295,1.08326796315999,0,0,1,1,0
1,1,-1.06966778879172,-0.280737515358818,-0.253029085552519,1,1,1,1,0
10,2,-0.534769267803218,-0.443140480104669,0.932160916375366,1,1,1,0,0
1,6,-0.610146958857153,-0.0815987376941549,1.91270435972105,0,1,0,0,0
0,1,-0.204090853012543,-1.57443418625145,-0.896172963133969,0,1,0,1,0
1,1,-0.798981946386336,-1.3954564944544,0.453487194733486,0,0,0,0,1
0,0,-0.511422163607336,0.50560369577651,-0.108710805831408,0,1,0,1,1
2,2,-1.05408110638427,-1.84268300000129,-0.103681770475373,1,0,1,0,0
7,0,0.762206660840853,-0.0880750487590705,0.268658245761383,1,1,0,0,0
7,4,-0.193812688982827,1.43865611437038,-0.176076622442024,1,1,1,0,0
0,0,-1.53113130938711,-0.164980201589996,0.852047871264561,0,0,1,1,0
2,0,-1.07775936158446,-1.58756514661899,-0.721772023763256,1,0,1,0,0
3,1,-0.604677548795586,1.56288054045682,0.116839338177683,1,0,0,0,0
1,1,-1.9778664870472,-0.700427501016733,0.79092169765148,1,1,0,0,0
1,1,-2.53806909614574,-2.05008112299149,-0.951336055155928,1,1,0,0,0
0,4,1.00650155892265,0.687491148894808,-1.14937890979051,0,1,1,0,0
4,4,0.00733283250781885,2.16807855625774,-1.12518186729915,1,0,0,1,0
2,6,1.20853396374893,-0.0127954657947739,0.688566025823344,0,1,1,1,1
1,0,1.35427428748447,-1.06646715212765,0.361541088851637,0,0,0,0,1
6,2,0.126054561965413,-0.156281861581542,0.11867317289457,0,1,1,1,1
2,0,-0.306260878257149,-0.161818020313767,-0.927103610534572,0,0,0,0,0
4,1,-0.395984262818324,-0.305158993371736,0.633754325119127,1,1,0,0,0
10,3,-0.0887712655154894,1.93970006957595,-0.408508626609447,1,0,0,1,0
2,0,-0.171088596178141,0.866333551789916,1.2318414818012,1,1,1,0,0
1,1,-0.944752453809948,1.17072339662443,-0.332168653331726,1,1,0,1,0
4,3,-0.805777915482158,0.0628557503350326,0.566427524195094,1,1,0,0,0
0,4,-0.21520898574569,0.619674624766561,0.932127842261518,1,1,1,1,0
1,0,0.496334513703809,-0.555270986622326,-0.840303226810458,1,0,0,0,0
3,5,-0.428187953969918,-0.176570462259677,0.32105342197028,0,1,1,0,0
1,3,-0.475941523771746,-1.43901202867817,0.592612020098822,1,1,1,0,0
0,2,-0.328319068030689,1.76205889283692,1.40234345040715,0,1,0,0,0
0,3,-0.440316120634467,-0.11506299931476,0.138801947243223,0,1,1,0,0
7,10,0.704692542463917,1.03389428890454,0.301193264654189,1,1,1,1,1
1,0,-0.803341032113672,-0.577964403958272,-0.503710287949671,0,0,1,0,1
3,0,-0.311027426470069,1.46092079448285,-0.572862823582156,1,0,1,1,0
2,0,0.545467815719838,-0.870519843226381,-1.41316851615994,1,0,1,0,0
3,9,-0.43810302739591,-0.222485380123682,0.0835322394527788,0,1,0,1,0
5,0,0.238904817648535,1.2169345313179,0.816491798950142,1,0,0,0,0
0,1,-0.589764074807549,0.141000985336748,0.647324011097266,0,1,1,0,0
4,2,-1.02028529655015,-0.719658320890071,-1.52070596790853,1,1,1,0,0
1,6,0.452269169670506,-0.461618449016452,0.935004506722811,1,1,1,0,0
1,13,-0.258174673615391,1.54925359863182,-0.205560914778918,0,1,0,1,1
1,5,0.735676670548912,0.390878964142125,-1.12670409366998,0,1,0,0,0
6,2,0.0278923516456337,1.56536144101062,0.315738670584382,1,0,1,0,0
7,3,-1.02296267407453,0.738192079876586,-0.627851366205371,1,1,1,0,0
1,0,0.514174831165323,-1.14158836963938,0.0965365350103265,0,0,1,1,1
0,0,-0.12318697473449,1.30783917420912,1.85796927013969,1,0,0,0,0
2,2,-0.73664208560458,1.23480344793473,0.940595333321733,0,0,1,0,0
3,0,0.750492798711745,-0.455678973063298,-1.05851404422048,1,0,1,1,1
1,0,-0.348403345403099,1.41515297678826,0.0170656173810475,0,0,0,1,0
4,3,0.333074387520335,1.26602445550297,-0.0805189716227891,0,1,1,1,0
4,9,-0.41193524606732,2.41648699850887,1.91460707452375,1,0,0,0,0
0,5,-0.0740900350575353,0.477110391214335,2.18271710247277,0,1,0,1,0
8,2,-0.0653297578853168,0.0804935551679694,-2.077960671376,1,1,0,0,0
7,5,-0.0673943276609413,0.599176663654223,-1.86346007163983,0,1,1,0,1
1,0,-0.240636617871804,-1.24338844230102,-0.580284411014129,0,1,0,0,0
1,1,1.64117125457178,-1.6007404773811,0.185539186557341,0,1,0,0,0
0,0,-1.80039472010916,0.475306527350361,1.5241836807311,1,0,0,0,0
2,0,-0.327129135944556,0.643288612553831,-0.748647656751829,0,0,0,0,1
1,0,-0.707331639757541,0.161567057615237,-1.56050440335958,0,0,1,0,0
1,0,0.371240496382009,-0.262695201609868,-0.412319380236488,0,1,0,1,0
0,2,-0.946642026933961,-0.287512541134053,0.250647663408268,0,1,0,0,0
7,2,1.03717403081735,0.794927359950708,-0.442745294519935,1,1,1,1,0
4,6,0.628035047030279,-1.3892786822306,0.563156410841847,1,1,1,1,0
0,0,-0.573434098577114,0.427485530011912,-0.441453557720022,0,0,0,1,1
0,0,1.56070802103678,0.167460404851647,-1.07929789511911,1,1,0,0,0
1,0,0.128950107350608,0.295770880421217,0.521604257588817,1,1,0,0,0
0,1,0.353650406288826,-0.607793977417128,-0.201569110719142,0,0,0,1,0
0,1,-1.32703067635672,-1.71404362150152,-0.147761535215757,1,1,0,0,0
2,1,1.60368605164369,-0.655064252110406,1.55913871660393,1,1,0,0,0
8,0,1.99486141365907,-1.1229502226441,-0.714306306284765,0,0,1,0,0
2,1,-0.188664980952129,1.71769604564378,-1.68559416261924,1,1,0,1,0
1,0,1.55779327431364,0.348033033499753,0.164839385153258,0,0,1,0,0
1,3,0.899354309994915,0.939912805899036,-1.21675905395788,0,1,0,1,0
1,3,-0.741890172389233,-0.392286564675767,0.604896600851615,0,1,0,1,0
1,0,1.98315133593074,-1.27872179897321,-0.399945498272308,1,1,1,0,0
0,0,0.814770619745413,-1.09045602516476,0.887590657201583,1,1,0,0,0
2,5,-0.742971437463664,-0.337963463409822,1.14776920498392,1,1,0,0,0
1,2,0.0395934379572137,-0.138006890979033,1.63456991163246,1,0,0,1,1
1,3,-0.136174973018586,-0.355724575664916,1.01725878154031,1,1,0,0,1
2,0,0.345127493507027,-0.901597937299442,-1.38159403455517,1,1,1,0,0
0,0,0.755662234783611,0.540217633278981,-0.893392753608029,0,1,1,0,0
2,1,0.191513347017467,0.689940748469651,0.40582669729445,0,0,1,1,0
1,1,-1.81053993151607,0.014012436083828,-0.835181261498602,1,0,1,0,0
0,1,-1.07771386368434,1.01524869238477,0.748579770949074,0,1,1,0,0
3,1,1.70421827838619,0.576246936017864,1.01645956369483,1,1,1,1,0
2,1,0.666134556047253,-0.0815691949985824,-1.46627008039394,1,1,0,0,0
0,4,-0.980319613577269,0.570125354932308,1.44995805710161,0,1,0,1,0
7,6,1.01082484139605,1.04980361976444,-0.0262360271791599,1,1,0,1,0
0,2,-0.7784048093199,0.922290375116962,0.219888019926755,1,1,0,0,0
1,9,-0.324666918579737,-1.43802711411708,1.91890931963681,1,0,0,1,0
8,8,1.037365179475,-1.2510069638303,0.574718880350546,0,1,0,1,0
2,2,0.48717171139967,-1.17308390108437,0.0840531848244182,1,1,0,0,0
2,2,0.572971233466857,1.62264526040827,0.653753021375346,0,1,1,0,0
2,1,0.360420874502862,-0.0549773901598839,0.0118609629797496,1,1,1,0,0
5,2,-0.547884718430591,0.987678316597069,-1.48779437934931,0,1,1,0,0
0,2,-1.22423576668189,1.2472081333366,-0.10855001541491,0,0,1,0,0
1,1,-1.11936358761214,0.0143074126434035,-1.09109061593975,1,1,0,0,0
0,0,0.363854319640075,-0.601732366888038,-2.06558369995241,0,1,1,0,0
0,0,-0.447573192196435,-0.115030037005539,0.212658465995118,0,1,0,1,0
2,1,0.90160218078437,-0.888520122154003,-0.686690517455036,0,1,0,0,0
6,6,-1.02371076216635,-0.0478791219200197,-0.144229758305253,0,1,1,0,1
0,0,0.618780454736125,1.20716820788522,-1.07521501514261,0,0,1,0,0
5,3,-0.269995741082238,0.639763426382836,0.996129090398637,1,1,1,1,0
2,0,-0.122370265078053,-0.82600501849616,-0.227201315566703,1,1,0,0,0
1,1,-1.65309351801391,0.319634690546806,0.516122262563196,1,0,0,1,0
1,1,0.515946841129368,-1.57266808162493,0.739940974784722,0,1,1,0,0
4,4,-0.329853387341402,0.303387757581495,0.0173095248219754,0,1,0,0,0
7,2,0.801950068938572,0.464935089497871,0.313492315765216,1,1,1,0,1
2,0,1.8533431162073,0.6913293075532,-1.80003225093175,1,0,1,0,0
1,3,-1.19813797322983,-0.809562813633488,2.01254876677093,0,1,0,1,0
2,2,-1.19433991241436,-1.10033293627404,0.864879640304131,0,0,0,1,0
0,5,-1.91193175464425,-0.0596836461723595,-1.08855725077697,0,0,1,1,0
1,1,-0.135174557966039,0.447318330080485,-2.48993817844969,1,1,1,0,0
4,3,0.712625180792786,0.534891973817401,-0.0295768403769392,1,1,1,0,0
4,1,-0.370399760142134,-1.79758407042517,1.17836561290107,1,0,0,0,0
1,1,-0.959269289641996,-0.0420808319930624,-0.22695735907241,0,0,0,1,0
5,1,0.124882761870728,1.08967508684923,-0.51571552986913,1,1,1,1,0
0,2,-1.497457366341,1.13614040024329,0.869879404978701,1,1,1,0,0
2,0,-0.0783026301667531,-0.607385878407786,-0.0530414959671272,1,1,1,1,1
1,0,-0.0712015385909214,-0.161622145619961,0.0439038292860722,1,0,1,1,0
5,4,-1.14763506284154,-0.0362780931900222,0.302867977768083,1,0,1,0,0
2,6,0.657673867104276,0.404707654513371,1.25024525639898,1,1,1,1,0
5,5,0.853829807324828,0.687874356461346,-1.33961900127084,0,1,0,0,0
2,3,1.34886746650424,-0.838982215339415,1.4637729961456,1,1,0,1,0
1,0,-0.878371916392357,-0.840895108796641,-0.672481924489729,1,0,0,0,1
0,0,0.268316711804885,0.609231961612481,2.58128813221582,0,1,1,0,0
0,1,-0.469824639914119,0.234313291467741,0.204049568896688,0,1,0,0,0
3,1,-0.362918770590487,-1.15161427205171,0.297369001840363,1,0,1,0,0
0,1,-1.2095831667527,0.509986895582362,-1.95636571788918,1,1,1,0,0
2,1,-0.407841883678417,-0.335803141322116,0.0980569174334253,0,0,1,0,1
4,0,-0.480879040074855,-0.98298679368775,0.24556707908984,1,0,1,1,0
0,0,0.574620174126623,-0.022556539451869,0.425861479447971,0,0,0,0,0
1,0,0.294820035470782,0.606507569699765,0.103031119832966,0,0,1,1,0
0,1,-0.833190506576819,-0.464972860130339,1.49990507248082,0,1,1,1,0
2,0,-0.417420289441507,-0.129724925197341,-0.492706787406815,1,1,1,0,0
0,1,0.227218192741982,0.518332080106943,0.80108555063661,0,1,1,0,0
2,0,0.724484742006934,-0.849845816518992,1.03582392963065,0,0,0,0,0
3,1,-1.77155398774643,-1.15149880800351,1.11907579120327,1,1,0,1,1
0,0,-1.10950234392235,-2.04669655758438,-0.0919321173431948,0,0,0,1,0
11,5,1.27048999997467,0.24429137898422,1.63502219617512,1,0,1,1,0
0,3,-2.06734104555503,0.460619409726069,-0.199695069940681,0,1,0,0,0
2,1,-0.0119911104034899,0.0845107329093999,-0.476853624060287,1,1,1,0,0
1,3,1.19712360147476,-0.184894321554466,0.869089933552248,0,0,1,0,0
1,0,1.10826769332058,-0.846778839180744,0.471849557721907,1,1,0,1,0
2,9,-1.11677849040405,0.931119438922859,0.836910859401984,0,1,0,1,0
1,0,1.19298079772633,-0.892698282147554,-0.671975638397762,1,1,1,0,0
0,0,0.00333627384706952,0.664295653006803,-1.66100686913176,0,1,1,1,1
5,0,1.04971892432411,-0.125982492179299,-0.0279091609504441,1,1,0,0,0
0,1,-0.983341272057639,0.373285356433181,-0.877523945449914,1,1,1,1,0
0,3,-1.33981379609709,-0.164711885474448,-0.71015710867893,0,1,1,1,0
2,10,-0.571064516998476,1.30242106424083,1.52092507436191,0,0,0,1,1
6,1,0.229107318031903,0.333480357381426,1.01844230523377,0,0,1,0,1
4,2,1.23783831926439,1.49351817870151,1.23915354742802,0,0,1,0,0
1,6,-1.01871574941964,-0.415905711029836,-1.17817894993107,1,1,1,0,0
5,3,0.402916029986494,-1.83705887554406,-0.207906606969069,0,1,1,0,0
0,0,0.851250978915087,-0.187055094742582,-0.494871232445687,1,0,1,0,0
2,1,0.986145211779599,0.234493777141357,1.41369188958469,1,0,1,0,0
8,1,1.67490080810431,-2.24401437493142,0.605817291840005,0,1,1,1,1
5,2,1.04581260349053,0.319667849438683,0.177260294269705,1,0,1,1,0
1,2,1.00897862285206,-0.0431218366472219,-0.261218797848424,1,0,1,0,0
3,2,1.01917982616602,0.353211796404028,1.32797178577173,0,0,1,1,0
1,0,0.459948823460574,-0.802483698678393,-0.834157126662087,1,0,1,0,0
1,1,-1.11347530945913,1.53766997998602,0.876828258052271,1,0,1,0,0
1,0,-0.932444698269066,-1.49414954950005,-0.0437909315918127,0,0,0,1,0
0,0,-0.778369086503089,-0.435159881483315,0.339576793492324,1,1,0,0,0
1,2,-1.30007305008435,0.700612511413589,0.772950703123088,0,1,0,0,0
11,2,2.25092505741882,-1.40948378906654,-1.20488348120433,0,1,0,0,1
0,0,0.915222343742729,-1.05593709231373,1.39850970278527,0,1,1,1,0
11,4,-0.310808315870802,-0.408528673016444,1.11318974272564,1,0,1,0,0
0,0,-2.29523932449007,-2.11361563934413,-0.226926836478498,0,1,0,1,0
2,4,-0.312056048615092,-0.382200997261093,0.0375327444149113,0,1,0,0,1
1,0,-0.445339541508653,-0.248803562270643,-1.65308567108766,1,1,1,1,0
0,1,-0.0966634199238664,0.117799399078894,-0.373873142162039,0,1,0,0,0
6,4,-1.79364553000926,0.238098738291896,0.0305474559614441,1,1,1,0,1
2,1,0.83803985430157,0.441222044899196,0.840462057838112,0,1,0,0,0
2,0,1.86816433005741,1.55282268629501,-0.327517451377076,0,1,1,0,0
5,5,0.220395445845422,-0.0517483575904895,1.64880594793478,1,1,0,1,0
0,2,-0.0900878589526594,0.231194494718788,1.1431541930629,1,1,0,0,0
1,0,0.721488951114084,-1.62289809941526,0.552131079396343,1,1,1,0,0
3,1,0.823148159329347,1.49889980771522,0.600789886910517,1,1,0,0,1
3,1,-0.539937794506989,0.0841486500724639,0.736701319461732,0,1,0,0,0
0,0,0.12394756335481,-0.416914482116825,-0.941318169483644,0,1,1,0,0
1,1,-0.678492798546827,-0.724466661219193,0.440372757769364,0,0,0,0,1
2,0,0.0376358320478585,-1.86871330146202,-0.309486285109271,0,0,1,1,0
1,1,-0.0144379925712211,0.704008521490035,-0.670177720137092,1,0,0,1,0
1,1,0.723275072958403,1.30051779173299,-0.583563368600575,1,1,0,1,0
11,2,0.329282914403965,0.812597769024836,-0.961596091724151,1,0,1,1,0
0,0,-1.03488197414087,-1.25666747465022,1.49038641860891,1,1,1,1,1
1,0,-1.11922010413045,-1.29090789771428,-1.32948080572288,1,0,1,0,0
0,0,-0.235839928587406,0.119128511156977,-0.187633304355529,1,1,0,0,1
1,0,0.545807456507723,0.540006585741928,1.92542687809951,1,0,1,0,0
2,1,0.389485425096508,0.144521258732242,-0.160047793888231,1,1,1,1,0
14,4,-0.461754255472855,0.0337948473217848,-0.151967816135833,1,0,0,1,1
0,1,0.355522446550551,0.140575701320822,0.485649372512905,0,1,0,1,0
1,1,-1.48420343751136,-0.925641596714683,-0.392180436811242,1,1,1,1,1
4,7,-1.25019472963288,0.70000110638395,-1.74816941033909,0,1,0,1,0
1,0,1.31682994732428,-1.50074367735777,0.105337370460793,1,0,0,0,0
0,0,-1.70271030880807,-0.334082154982825,0.0789795860511526,0,1,0,0,1
0,0,1.15499194871406,-0.160126096892182,0.312781553437502,1,1,0,0,0
0,6,0.66110233656202,0.420550597603272,0.509060257724601,0,1,0,1,0
1,0,-0.156160082102231,1.22278532502226,2.51095538052895,0,1,1,1,1
4,1,1.1304311996326,-1.08197765998278,-0.453741814580259,1,0,1,1,1
6,2,0.338604446463984,-0.144477190697092,0.205745671571711,0,0,1,1,0
1,0,-0.75799158543316,0.655216742721612,-0.0418103930980685,1,1,1,0,0
1,0,-0.0232474475947213,0.0919429214385097,1.03203067436221,0,1,1,0,0
4,3,1.94129166672917,1.21251296507477,0.294186451198875,1,0,1,0,0
1,3,-1.05150055694177,0.0500550609500121,0.947194441005742,0,1,1,0,0
7,2,1.21259810733413,0.712924362706259,-0.79517162660793,1,1,0,0,0
0,0,-0.792272782264177,-1.16024044831526,0.39894321952649,0,1,1,1,0
0,2,0.669319743543327,0.0478431496768786,-0.554850731192662,0,0,0,0,0
0,3,-1.71895484363825,-2.19951228751454,0.437244427018005,0,1,0,0,1
8,7,-1.57083545951139,-0.532092737213824,-1.25689110565632,0,1,1,0,1
0,1,0.193894665028475,-1.56952546169768,-0.977733948408014,0,1,0,0,0
2,0,-1.16148692682355,0.802418967483892,0.188516402163738,1,1,0,0,0
9,4,-2.25470552559149,-0.222671646694214,0.563054477278653,1,0,0,1,0
3,4,-0.671905589222157,-0.272494964162162,0.230060628116421,0,0,0,1,0
6,3,-0.765082231596152,0.610864301418611,-0.668860227069658,1,1,1,0,0
3,1,-1.39533866405451,-1.17759730152074,0.259180487253602,0,0,0,0,0
2,1,-1.73299917763767,0.859494936556598,-1.68006123744128,1,1,1,1,0
1,1,-0.205675054189921,1.0139790404388,-0.282558788062568,1,1,0,1,1
2,2,0.309570199855342,0.393637655776855,-0.62571937825505,0,1,1,0,1
2,1,0.145381393728954,0.0731488623598161,0.522357312085893,1,1,1,1,1
0,0,-0.223347955471251,0.836382445688747,0.900034632554751,0,0,0,0,0
0,0,-1.3547315239105,0.0866750371959472,-0.328483115493964,0,1,1,1,1
2,0,1.40598533708348,-0.481549597638232,-1.58192284080086,0,0,1,0,1
0,0,0.519935333685383,-0.345827688293576,0.73064423373586,0,0,0,0,1
2,4,-2.12225930833588,-0.316033639158911,0.458292498400818,1,0,1,0,1
3,8,-0.25932223075159,-0.141339893702379,-0.0609621824110057,0,1,0,1,0
2,1,-1.25340898756601,0.0291133036219838,-0.988005634026549,0,1,1,1,0
0,0,0.317383659649659,-1.53295591798413,-0.613594217892974,0,0,0,1,0
0,1,-0.315689802543694,1.07950234528001,0.37895037630049,1,1,0,0,0
3,1,0.0871276440416652,1.25896417862727,-0.171999219858433,0,1,1,0,0
0,0,-1.26196495579802,-1.78113436189977,-0.0557490901776188,0,1,1,0,1
2,5,1.02703372495607,0.912988428064052,-0.192548037455339,1,1,0,0,0
4,2,-1.74485586146807,-0.803684726065018,-1.74600281457949,0,1,0,0,0
2,1,-1.79616400104817,0.463418282980045,-1.80881614326976,0,0,0,0,0
0,1,-1.22597560765716,0.0724218949926801,0.489903401648114,0,1,1,0,0
4,1,2.00865293547299,-0.905225818508428,-1.01192440204445,0,1,1,1,0
1,2,-0.567001513285051,-0.315442270405614,-0.600368482810927,1,1,1,1,0
0,0,-0.743756349663465,0.118620377808568,-0.0771881810526275,1,1,1,1,0
1,4,-0.615282369291142,-1.12517709867574,0.186884408610735,0,1,1,1,1
3,7,1.72236212375814,0.992168122293952,-1.86008036491818,1,1,1,0,0
6,0,0.723065042253728,-0.122713220031544,0.947726256823591,1,0,1,1,1
4,3,-0.574480968543158,-0.638990968570824,0.357007164823625,1,0,1,0,0
1,2,-0.0614907503274007,0.926711943941218,-1.12703865393919,0,1,0,1,0
3,5,0.599239936245413,0.0666697431737162,2.18291448394131,0,1,0,0,0
0,0,-2.0342357609818,0.351470219375796,0.564518229642997,1,1,0,0,0
1,2,1.24687770974794,1.18410914422962,0.935991003673339,0,1,1,1,0
4,0,-1.48746862902379,-0.603433001627357,-2.43122264068147,0,0,0,1,0
10,9,0.602739385648887,1.44001444219533,-0.867402279809771,1,1,1,0,1
2,1,2.00236508312812,-1.86126100257199,-0.621432591551042,1,1,0,0,0
1,0,0.390546699896914,1.5897865054633,0.577621299278256,1,0,0,0,0
0,0,0.0392868998778239,-0.687130158832154,-0.732714739669821,1,0,1,0,0
3,2,-2.09529541334495,-0.140386983596671,-0.664692450234302,1,1,1,1,0
3,1,1.21581109420304,0.352192098046975,-2.69680639794463,1,1,0,0,0
0,0,0.110781978333086,-0.826734133725504,-1.11064903753383,1,0,0,0,0
7,5,0.702149799385682,1.33647240233787,0.00851639067406093,0,0,1,0,0
1,2,0.704734185634944,0.821558728266958,0.21358988764466,1,1,1,1,1
0,0,1.43104575659947,-0.375938615400211,-0.128691510371567,0,0,1,1,0
1,5,1.23714046823733,0.37066913019028,1.25588674872675,0,0,0,1,0
5,3,-0.1540688322929,0.295592581965074,-0.447704246105647,0,1,0,0,0
1,1,-1.89162023938205,0.0179342543067381,-0.763662076237109,0,1,1,0,0
5,0,-0.129897188848821,0.847367177691404,0.465199094154459,0,0,0,0,1
3,5,-0.0625386835769954,0.889636940486204,-0.617104291814745,0,1,1,0,0
2,2,0.467921711012227,0.788472358944743,-0.810426314377858,0,1,1,0,0
4,6,-0.402119549757012,1.26988890502313,1.13135631176068,0,0,1,0,0
0,0,-0.0528584295725588,1.28948149588165,1.1014837341098,1,0,0,0,0
10,2,-0.777409035578154,0.997267458899779,-0.19736306631978,1,0,1,0,1
20,1,1.61440753234974,1.86966697073512,-1.21705748737739,0,1,1,0,0
3,2,1.52981888650451,2.79779295810639,0.0787364452448953,1,1,0,1,1
2,0,-0.259844814881218,0.412888917618995,0.0682147535413623,1,0,1,0,0
1,1,1.4522306701677,-1.60657957648904,0.589115890613329,0,1,1,0,0
2,4,-0.353811598721333,0.105034404073583,0.766389915607712,0,1,0,0,0
5,5,0.808370028872237,1.77775099152105,-0.252139667127252,1,0,1,0,0
1,0,-0.456252200764405,0.395418540812658,-0.872184509971146,1,1,1,0,0
2,2,-1.05573182930294,0.287768868343962,-0.432907293663914,0,1,1,1,0
1,0,0.285830178692624,-0.639287421444264,-1.18764926112795,1,1,1,0,0
2,3,-0.931896690465693,-0.0547259355750807,0.375684612900072,0,1,1,0,0
0,1,-1.93596812711897,0.341686746028995,0.7330561148183,0,1,0,0,1
1,0,0.896172104606765,-2.05701091742542,-0.647605874182434,1,0,0,0,0
0,2,-0.575605918751026,-0.56161502893369,-0.424152049100747,1,1,0,1,0
2,2,0.156589479204993,0.463691690135065,1.11032622961386,1,1,1,0,0
1,0,0.114643353375668,0.445892260410867,-0.216939189942338,0,0,0,1,1
0,0,1.38929634582604,-1.44908612450989,-0.485841712673921,1,1,0,0,1
0,0,1.2397332155905,0.425544254263218,0.617425245612827,0,1,0,0,0
1,4,-0.407272497877755,0.94357981435875,0.686408545927617,1,1,1,1,0
0,1,1.99433096656898,0.410212341620338,1.32186067735471,1,1,1,0,0
5,0,1.02687486703134,-1.20475298509265,-1.37235279462724,1,0,1,1,1
0,9,-1.18535996446696,-0.187528311684531,2.25840774593038,1,1,0,1,0
0,2,-0.747950983465205,0.384100838236588,-1.10856751878958,0,0,1,0,0
1,6,-1.89612756413443,-0.422544794937277,-0.500894286411092,0,1,1,1,1
4,2,1.64722694366607,0.0477210108692405,1.92267929125773,1,0,0,1,0
0,0,-1.04535643601004,-0.392025285501476,-0.714534538453383,1,1,1,1,0
1,1,-0.92768661567369,-1.40948239434812,-0.155737966839376,0,1,0,1,1
0,2,-0.152218921530085,2.05911716141742,0.872499979091398,0,1,1,0,1
2,1,1.07707707731229,-0.13511872952051,1.41551517002306,0,0,1,0,0
4,2,-1.21460068726332,-0.176503750253414,-0.968057748513546,1,1,1,1,0
1,2,-0.820855505367818,-0.845614773672435,-0.248117686412932,0,1,0,0,0
4,1,0.91976191807759,0.35175060886819,-0.0264572142253819,1,1,1,1,0
1,1,-1.40778236008753,-0.870095560358095,1.12903468741209,1,1,0,1,1
0,1,-0.782765997719143,-0.090172073189914,-0.539402725122837,0,0,1,0,0
0,0,-0.258645939274196,-0.908653426074616,0.582016846431503,0,1,1,1,0
2,3,1.11235021493418,-0.341541197592869,-1.56014422326499,1,1,0,0,1
0,0,0.584392730741375,-2.63185356427628,0.208796900302517,1,0,1,0,0
2,2,-0.680703938100159,-0.941709646524183,-0.492243601876407,0,1,1,1,0
1,1,-0.895530737643553,1.52156955487955,-1.32793230245182,0,1,0,0,0
1,0,-1.62865213883976,-0.362682100631121,-0.930796908986118,1,0,0,0,0
1,0,-0.460870243241748,-1.06663210446701,-0.185948497750561,1,0,1,0,1
6,4,-0.319863714776325,0.144480502405993,1.01202372154227,1,1,1,0,0
5,0,0.149897983633118,0.0364412728257823,-2.03963813598903,0,1,0,1,0
3,2,0.200438476431112,1.08948447597913,-0.0226029611048446,1,0,0,1,0
20,2,1.36847720489077,0.0515502807042422,-0.898086125956692,1,1,0,1,1
18,2,0.817407083726023,-2.66552874140089,-1.24651382463637,0,1,0,1,1
0,0,1.53078067487531,2.87294778493668,1.05590866291212,1,1,0,1,1
0,1,-0.99845972451047,-0.682065691055831,-0.847768347374638,1,1,0,1,1
0,0,1.51195306809341,1.2428373490788,0.497087357334782,1,0,0,1,0
2,3,-0.559460710882703,0.985125203135603,0.716087298891883,1,0,0,1,0
0,7,-1.2563553271197,-0.275030663857648,-0.326406722357318,0,1,1,1,1
2,0,0.548836933475573,-0.454818018814356,0.640715506551711,1,1,0,1,0
2,2,0.0979548889083206,-0.442185996240234,0.0582257341384326,0,0,1,1,0
3,2,-0.212582210503509,-0.939677596660014,2.25691586942974,0,0,0,1,0
3,1,-1.30588724057265,-0.516348851381263,-0.220525547184313,0,1,1,0,0
0,2,-0.752715682037098,0.699988222082139,-0.215166142653169,0,1,1,1,0
3,0,1.77517075589275,-0.155492782230806,-0.675804924388762,0,0,1,1,0
6,0,-0.0531181253868195,0.524525140500633,-0.743805574330997,1,1,1,0,0
0,0,-0.108955411250328,-0.551423332262852,-0.276138902109915,0,1,1,1,0
4,1,0.423238111599674,0.70203623991421,-0.799277912483244,0,1,1,1,0
1,7,-1.54945825025362,1.34697734191985,-0.537887609607897,0,1,1,1,0
7,6,-0.00793334621401006,-0.997568468992926,-0.129049849811419,1,1,1,0,1
1,7,-0.322822711421737,-0.935536444594292,0.192200345824784,1,1,0,1,0
4,0,-0.433891757431781,-0.681864943715689,-0.689021532857758,1,0,0,0,1
0,2,-0.864459204620018,1.86733957394653,-1.23804680404217,0,1,1,1,0
1,1,-0.080181203599827,0.300551659943826,-1.47236678208058,1,1,0,0,0
0,1,1.94349653779595,-1.10913782537198,-0.0310238300054023,0,1,1,1,0
1,0,0.91663816964141,-0.104625406398021,-2.04911286264512,0,0,1,1,0
2,3,-2.40182518421987,-1.4733294779686,-0.316544481417801,0,0,0,1,1
1,0,0.283239710609071,-0.746600575923605,-1.54317291860366,1,1,1,0,0
1,0,0.691367069008657,-1.05176190656883,0.128143203409153,1,0,1,1,0
2,2,-1.28617282734861,-1.36208867332242,1.00707447065528,1,1,1,0,1
3,0,1.29463502461266,0.433289203927522,0.491718147299721,0,1,1,0,0
0,1,-0.352812833724231,0.00919414258669733,0.2941736897169,1,1,1,1,1
0,1,-1.60661198358519,-1.43728130905135,-0.120527341431391,0,1,0,0,0
1,1,-1.07692415989167,2.22252189314067,0.33314246024937,1,1,0,1,0
0,0,-1.12201662503067,1.59929139902234,-0.853414574926331,0,1,1,0,0
4,3,0.987521022900932,1.07601981129598,0.258993000981798,0,0,0,0,1
0,0,0.520129244078237,-0.76780737254335,0.57931563224401,0,1,0,0,0
2,0,0.872525712359746,-0.219834296273788,-0.320385022343876,1,1,1,1,0
0,1,1.08252274361502,2.21231105737377,0.170912583759331,1,1,1,1,0
1,0,0.80282119002386,-0.43870156098664,1.43105419270636,1,0,0,0,0
5,7,1.07379284793831,2.4315474439443,-0.153149333604264,0,1,0,0,0
1,2,-0.730252714732405,-1.583024890993,-1.4457209084201,1,0,0,0,0
3,0,0.0153916837102398,0.167910782037721,0.567905074083842,1,0,1,0,0
0,0,-0.42274356788155,0.822563153488851,0.147195200664389,0,0,1,0,0
1,3,-0.646225589407214,0.848254060268644,-0.483004584031231,1,0,1,1,0
0,0,0.529954310632502,-0.306789926259568,0.161381735122444,0,0,1,0,0
0,1,-2.66854816467505,-0.333893915836545,-0.020607872371807,1,1,1,0,0
6,0,0.188939074545115,1.48799484058726,-1.41881869575062,1,1,1,0,0
0,0,2.30977380777959,-0.762721641700196,-0.693933765146262,0,1,1,0,0
0,1,-0.351427863280275,-0.518336678512183,0.71242770699683,1,1,0,1,0
0,1,1.85625318118682,-0.99307407133152,0.879163896308846,0,0,1,1,1
2,2,-0.699476873200675,-1.10656893861018,0.561558531257361,0,0,1,1,0
9,2,-1.27097705419397,1.3367627365357,0.686472874900175,0,1,0,1,1
0,1,1.01692074727219,0.0420973290577046,-0.159571416778687,1,0,0,0,0
4,4,0.0147883063437499,0.185556260256501,0.0927954396418323,1,1,0,0,0
7,2,0.812877439558223,1.8993328429412,-0.24846314576259,0,1,0,1,1
0,0,0.441756035566889,0.28828274351289,-0.521148427035827,0,1,1,0,0
1,2,-1.64388112896939,-0.0267831540844599,-1.60164618646446,0,1,1,0,0
4,2,1.06244242030746,-1.3694905441221,-1.03388801435927,0,1,1,1,0
11,3,1.99715343802482,-0.314649205426839,-0.0390989552343182,0,1,1,1,1
5,1,-0.958456480654949,-1.074107648951,0.309640199841209,1,0,1,0,1
0,1,-0.413574059055371,0.452086887900835,0.360269492837031,0,0,1,0,0
7,0,0.207243007782911,-0.981623666133696,-0.998524202218629,0,1,1,1,1
3,2,1.82372418858817,-0.181283171324658,0.0137234970683849,0,1,0,0,0
0,0,1.21022094802219,0.510911520791448,-0.57425335941374,0,1,0,0,0
0,1,0.312390138517317,0.499095007487377,1.09909250191682,0,0,0,0,1
0,0,0.0808133586533071,0.069559460406696,-0.257154307678299,0,1,0,1,0
1,1,0.363036139133331,-0.916116102512606,0.575910345600531,1,1,0,0,0
15,3,1.21591693642884,-0.162740925030819,0.560531311489848,0,0,1,0,1
3,12,-0.0668780895446785,-0.707372541637554,1.5191678899457,1,1,0,1,0
1,0,-1.42750505367112,0.205008178282743,0.0811125828397267,1,0,0,1,0
1,2,-1.89178042006379,0.937819973433647,-1.17941681110195,1,1,1,1,1
5,2,-0.989322300667115,0.395011110026247,0.462343433523311,1,0,0,1,1
4,4,0.318238862875604,1.88492985080597,-0.3056535518777,1,0,1,1,1
2,1,1.99427361037022,0.595830255231684,0.227235558589814,0,1,1,1,1
0,1,0.810353500484765,0.900806160276792,-0.234771333884919,0,1,1,0,0
0,0,0.242094283686474,-1.34593905907861,-0.4878893133577,1,0,0,0,0
1,1,-1.00910406111589,-0.247374715055142,0.0371501690886183,1,1,1,0,0
2,2,0.44199706196274,-1.53493478006787,-1.04832220192358,0,0,0,0,1
1,5,-0.294971974764295,-0.0191263885297305,0.521076405458418,0,0,0,0,1
5,8,-0.801062843233622,1.62971941520658,1.57114381143339,1,0,1,1,0
0,0,0.350617735459981,-0.0390857905422255,-0.0303921066757021,0,0,1,1,0
6,4,-0.362921020386668,0.435397811545632,0.402953915605055,0,1,0,0,1
2,1,0.856029186168906,-1.05407190377308,-1.83430577347849,0,1,0,1,0
2,0,0.18505820109824,-1.32935888460873,-0.208572656530956,1,0,1,0,0
1,1,1.65316185544312,0.175775933472444,0.421179849332496,1,1,0,0,0
7,3,-1.0935828436215,0.816138372923699,0.27885870351606,0,1,0,1,1
0,0,0.518986194032031,-0.727463880691396,-1.4267744206625,1,0,1,0,0
0,1,-0.14812793005125,-1.48001870667265,-0.30316905868894,0,0,1,1,0
0,0,-1.0880381052088,-0.991203848552619,0.603505893343862,0,1,0,0,0
0,0,-1.50822656831039,-0.631219542568255,1.25553868763634,0,0,0,0,0
2,0,-0.313107218440674,-0.86876521580024,-1.05746678603511,0,0,0,0,1
1,1,-0.616019562169065,0.892752527318704,1.49394896194864,0,0,1,0,0
6,1,0.934855500409737,-1.34294141832076,-1.31290465022986,1,0,1,1,1
1,2,0.449461424076616,-0.425381353163471,0.305099178256861,0,1,0,0,0
1,1,-1.881004900912,1.2697980370721,0.447474899542094,1,1,0,0,0
8,6,0.322911246780252,1.54446889269029,-0.857483130796938,1,1,0,0,0
4,2,0.265118552898946,-0.167235123147143,0.0102302178177001,1,1,1,1,0
2,1,-1.37740961482368,0.233269391517468,-0.160530885734781,1,1,1,0,0
1,2,-2.94916958662072,-1.02007608073446,-0.0226141300236706,0,0,0,0,0
1,0,1.33784362977035,1.77847896845148,0.0438436606631158,1,1,0,0,1
4,1,0.772690475507385,-0.0274662836009747,-1.5579744029177,1,0,0,0,0
4,1,1.90883234614922,-0.362754746166449,0.676661779128114,0,0,0,1,0
0,0,1.33348105640733,-1.25340777240524,-0.534865698255225,1,0,0,1,0
3,4,-0.199363465383251,1.64111640272983,-0.547598978924281,0,1,1,0,0
2,0,-0.602523225644103,0.151582629694733,0.144411401982493,1,0,1,0,0
1,2,-0.0869339489041658,-0.323298775851214,-0.0552839852412841,1,1,1,0,0
2,2,0.749717763928566,0.127960220452603,1.09312528075936,0,0,1,1,0
4,6,1.02340441955038,0.66597436775927,-1.88513375138429,0,0,1,0,1
2,0,1.58815588640022,0.526583280828084,-0.646309542638188,1,0,0,1,0
1,1,-0.236074403225367,-0.441186234099018,-2.21725958246079,0,1,0,1,1
7,2,0.640451366498867,0.966006907426732,-0.776149942662562,1,1,0,1,0
2,5,-1.58596636409753,0.707058860624131,0.25881699138914,0,1,0,1,0
2,5,-0.472817881280175,-0.58281842412857,1.86708882238735,0,1,0,1,0
3,2,-0.42420700940225,-0.128737658848746,-0.305993894709449,1,1,0,1,0
4,3,0.237196775706851,-2.08539198750643,0.0823018145199961,0,1,1,0,1
3,2,-2.79548828926883,0.768736195335,0.0187730620503926,1,1,0,1,0
2,1,1.83717917306387,0.748924179160532,-0.139328033963404,0,0,0,1,0
6,0,-0.0415070884240187,0.428158347137495,-0.346837080814836,1,0,1,1,1
5,3,0.612283559562217,0.187623880377918,-0.41224035979892,1,1,1,0,1
0,1,0.149842239329859,-1.28223683372466,1.91811943089137,1,0,0,0,1
3,3,0.144829708968355,0.610217100604762,0.00781105464862827,1,1,1,1,0
0,2,0.289331877608957,-0.250442848069955,0.342074553097778,0,0,1,0,0
2,2,0.855215555435681,0.724385533615725,-0.60320854106915,0,1,0,0,0
4,1,-0.853476412169447,-1.1145576501717,-0.603996918024338,1,1,1,0,0
3,0,2.03550991625308,-1.83032068703832,0.395739087980474,1,0,0,0,1
1,0,-0.290014392966544,0.243022972562288,1.55902255578837,1,1,1,1,1
0,1,0.235098699392685,-0.616071140114505,0.333372598627219,0,0,0,0,0
1,0,2.01417262752746,0.570802654813457,-1.72035491890593,0,0,0,0,1
3,11,-0.578550270164461,0.822625109942757,-0.299639548995264,0,0,0,1,0
0,1,-1.37316684679809,-1.20649476942813,-0.398480372262555,0,1,1,0,1
4,0,2.53497874809993,2.12807272712046,0.905502888627074,0,1,1,0,0
5,3,-0.145856731963905,1.89768026440123,-0.0128894107660438,1,0,1,0,0
5,4,0.093872651603479,0.193258871708796,-0.00688202037664415,1,1,1,1,0
3,3,0.280317475485372,-0.250126605491271,2.69528478095234,0,1,1,1,1
0,0,-0.235846451136564,-0.50793543760322,0.9514249660382,1,1,1,0,0
0,2,-0.248612469997396,-0.797443409759959,-0.991218851160141,1,1,1,0,0
5,1,0.184719535488653,0.564243055569051,-0.324663490134071,1,0,1,0,0
9,5,1.05202499811441,1.13045104166015,0.810285625672378,1,0,1,0,1
3,4,0.649837724134485,0.667264761202954,0.319432076592378,1,0,0,0,0
0,0,0.360730850044818,1.04155571722752,2.16235143949068,0,0,1,0,0
0,2,1.03027547172026,-0.349832508531552,-0.325609167976844,0,1,1,0,0
2,2,0.362106279138238,0.505986128494826,-0.412046111556165,0,1,1,0,0
4,8,-0.414267251564648,1.09420774901095,0.760040184721554,0,1,1,1,0
1,0,-1.44001785462117,-0.61021401611272,-0.64778609276724,1,1,1,0,0
0,1,0.135525029664597,-0.470720967175655,-1.09012973420003,0,0,1,0,0
5,1,1.07829049821441,-0.158840726626795,-0.374232506528834,1,0,0,1,1
2,2,-0.930339049249565,0.520470639837131,0.535689586250558,1,1,0,1,1
5,5,0.954493981642374,1.06548711540296,-1.24176303885043,0,1,1,0,1
0,1,-1.34908482172123,-1.69240961537897,1.09951851897315,0,1,1,0,0
0,1,-1.11418556005091,1.1686355048161,-1.13568107702829,1,1,0,1,0
6,1,0.188161036357598,2.93734862056132,-0.571334038485985,0,1,1,1,0
0,0,0.703419983509899,-0.668027817711852,0.658329894936122,0,1,0,0,1
1,1,-1.13946853051023,0.148323058797578,-0.248994061793668,0,1,1,1,1
2,3,0.190022187708545,-0.101168106227846,1.18093926760226,0,0,1,0,0
11,3,-1.68631478876912,0.933550043221882,-0.23427495089071,0,1,1,1,0
4,0,0.257811754170445,-1.8626538580518,-0.366130154353309,1,0,1,1,0
0,4,-0.540698247397267,-1.14728216895186,-0.525127840917318,1,1,1,1,0
2,0,-0.682004732900465,0.155908412581055,0.559266670282481,0,0,0,0,0
1,1,0.276977058189162,-1.09675468293014,0.622219750836989,1,0,1,1,0
1,1,-1.75560764284825,-0.352178618573238,0.690062761692508,0,1,0,0,0
0,0,-0.181848547739702,0.416047324440266,0.670662695197593,1,1,0,0,1
1,1,-0.905252660382545,-0.765601022180633,2.06823193032629,0,1,1,0,0
1,0,0.272185269014907,-0.639944373006416,1.84570263552446,0,1,1,1,0
0,0,-0.576470799835999,1.07527193192069,-0.0326746917245004,1,0,1,0,0
5,6,-2.17279164742684,-0.750001948146362,-1.65079403942445,1,0,0,1,0
3,0,-0.672423543332336,-1.23115492487036,0.394759943662425,1,0,1,0,1
6,0,1.43414036459131,-0.944773464514822,-0.594246152077264,0,0,1,0,1
0,3,-1.03207544394653,-1.25815675073117,0.0746095431820868,0,1,1,1,0
6,2,-0.390127862961947,0.850166275104916,0.223735312665572,0,0,1,0,0
0,1,1.51620638625432,-1.3472646131959,0.284551936303792,1,0,1,0,1
3,2,1.20143712548181,1.22357499583115,0.575479448623332,1,1,0,1,0
0,0,-0.74702462289628,-0.4528610034049,0.908718051432444,0,0,1,1,0
3,0,0.399134434198012,-1.23852733648578,0.938488528869263,1,1,1,0,0
1,1,-0.261536010473888,-1.09805188801159,1.54811898342045,0,0,0,0,0
0,1,-0.622810393068966,0.259449192574052,0.418871671648542,1,1,0,1,1
2,0,1.01528672649694,0.511550060289176,-1.26093966991867,0,0,0,0,0
1,4,-0.446520564406917,0.449495024868529,0.43439009123856,0,1,1,1,0
3,6,-0.264530651479852,0.197774325035306,-0.151690121472414,0,1,1,1,0
4,0,1.45301473334858,0.838776378955112,0.452936235199195,1,0,1,1,0
2,0,1.36688927772476,0.520914840258032,-0.968158865339513,1,1,0,1,0
4,5,1.25109461656898,0.869858773714221,1.48905154213127,0,1,0,0,0
5,4,-0.678672915077927,0.554320818627378,-0.281932030057432,1,1,1,1,1
1,3,-1.23748671875067,-0.0945044633832106,0.373644722433018,0,1,1,0,0
3,2,-0.863464372342553,0.16496001664232,0.561385768079192,1,1,1,1,1
2,2,0.605120068891594,0.405063646029842,-1.15828308034255,0,1,1,1,1
0,0,0.998419649749655,-1.20701404344247,0.602389933857802,0,0,1,1,0
1,0,-1.51033356886278,2.01987322701133,0.392814898436325,0,1,1,0,0
0,0,0.785377766459065,-0.958356727164984,-0.714950163483023,1,1,1,1,0
1,2,-0.0888956507361409,-1.39396956258966,-0.595423944506657,0,0,1,0,1
4,1,-0.0559606253097072,-0.411199525694255,-0.563762655210846,1,0,0,1,1
6,2,1.54487463502933,0.854977835783759,-0.165441978920596,0,0,0,1,0
4,0,1.26452392970908,0.423718640059852,0.255771735466914,0,0,1,0,0
2,0,1.8803025353558,1.02304104035243,-1.15142463292485,1,1,0,1,1
0,1,-0.531903264460156,0.36541188051513,0.732169639198504,0,0,0,0,0
1,0,-1.12158190760972,0.497111206753337,-0.347422897841406,1,1,0,1,0
1,1,-0.139570379603465,0.345303173402604,-0.77371454878409,1,0,1,0,1
1,0,0.72223630914982,-1.47702736680076,-0.145545081266168,0,1,1,0,0
1,0,0.12233501770379,-1.51596273612774,0.604629896999485,1,0,1,1,0
2,2,0.974818232453061,-2.55590850486328,-0.61853649729971,1,1,1,1,0
1,0,0.293554588062,-0.76700875479979,0.659384883709949,1,1,1,0,1
1,2,-1.36665365977053,0.292482476427117,-1.05939738555411,0,1,0,0,0
3,0,0.262019835138159,0.286083086513688,0.823213090763004,1,0,1,0,1
0,4,2.0924434697225,0.412786269467556,0.537916179088131,1,1,0,0,0
1,3,0.641206925153385,0.604315541812218,-2.55055815023387,0,1,1,1,0
3,0,-1.21790845414761,1.3863113479061,-1.66850056637074,1,0,1,0,0
0,0,-1.01952119440519,-0.656601104053698,1.18953602837082,1,0,1,0,1
3,4,0.0444569356785451,-0.193575987223308,-0.515442611018189,0,1,0,1,0
0,0,-0.755140907806676,0.00223801083995857,0.484907193468992,1,0,1,0,1
12,3,0.953598251079363,-1.38432150554846,-0.780019775455197,1,0,0,0,1
4,3,0.566052171288907,1.27742891886864,-0.0353627157059443,1,1,1,0,0
1,0,1.25543602909386,-1.89287568180365,0.817325355682449,1,1,0,1,1
4,2,-0.156417426820902,0.0187224920002914,-0.072020969555429,1,0,1,0,1
1,0,-2.25097192579328,0.676178215370268,-1.16429110290274,0,1,0,0,1
1,4,-0.195958016886313,-0.356444467482627,1.67271862082218,0,0,0,0,0
4,0,0.244746880922418,-0.807288716321762,-1.24903329439688,1,1,0,1,1
4,0,0.0534454778904338,0.170203894224202,-0.558973726135703,1,0,0,0,0
1,0,1.10351092667078,-0.29169147703591,1.85682543893408,1,0,1,0,0
7,3,1.1231549532145,0.504657497792127,0.338403604224282,0,1,1,1,0
1,2,-1.44256901974233,-1.44862561639594,-1.73355124645695,0,1,0,0,0
3,1,1.10688803017991,-0.290987127228968,-1.15743767025231,0,0,1,0,0
4,2,-0.811272758413947,-0.249567091959002,-1.56986828784889,1,0,0,0,0
1,0,-0.289261100370489,-0.20189153948034,1.42936570145383,0,1,1,1,1
4,2,0.78088196881989,0.57620510121019,0.753536193639872,1,1,1,1,0
0,0,0.608683577785712,-0.584678359311813,-0.3501620140346,0,0,0,0,0
0,2,1.3720349801419,-0.330918949522144,2.82664164046426,0,1,0,0,0
2,1,1.97031114288293,-0.384389231955744,-0.161215477399298,0,0,1,0,1
1,1,0.759218292016691,-2.14631021359319,-0.0792116915959114,1,1,0,0,0
0,0,1.59514254193529,1.87924507799131,1.07430014784813,1,0,0,0,0
3,0,0.0943582782999069,0.665682354564618,-0.796723932272005,1,0,0,1,0
2,1,0.74309848299682,1.37923373334698,-2.18682448392456,1,1,0,0,1
2,5,-0.136005519176837,-1.17184679614005,0.0426674913027529,0,1,1,1,0
0,5,-1.70076269156803,2.85084864535127,0.595999128527969,0,0,1,0,0
0,0,0.456230345565983,-1.11085197324723,1.03895402979485,0,1,0,0,0
2,1,0.11278269369867,-0.00502513602115708,-0.00123097858077416,1,0,1,1,0
0,4,-0.678387104216172,1.36176886650387,0.908406234567659,0,1,1,1,0
1,0,-0.7122438706467,-1.20783831111715,-0.676445989175358,1,1,0,0,0
1,4,-0.195375123708735,-1.17022590538375,-0.524269821895432,0,0,0,1,0
1,2,1.25335097188581,-0.833158775806587,-0.186582924478214,1,1,1,1,1
0,1,-1.28323593149956,0.753335142249702,-0.49984455582171,1,1,0,0,0
2,1,-0.502048373599983,-0.421384181497736,-1.52101497208096,0,1,0,1,0
0,0,0.459878022843265,0.243417071657282,1.51450005701684,1,0,1,1,0
10,3,0.650711038591388,1.47303827663799,1.21858967647105,1,0,0,1,1
1,1,-1.42575083421026,1.45835059264347,0.705602889333109,0,0,0,1,0
2,0,1.110513853065,-0.512847614616973,0.514881442624758,1,0,1,0,1
6,4,2.33063940102845,-0.103185576575543,-0.236206634747401,1,0,0,1,0
6,1,-1.45995994137497,-0.350145947203117,0.44549417941893,0,0,1,1,1
8,5,0.388986512556237,0.820122585065842,0.153384403740554,1,1,1,0,0
1,0,-0.320305786413016,1.13552514565067,0.745197682252138,0,1,0,1,0
16,6,2.12022604742931,0.665961749644017,0.209240352403701,0,1,0,0,1
0,0,-0.768130071705719,-1.77654661486015,-0.354510371485945,1,1,1,0,0
1,2,0.0569684366527734,0.00704943335041943,1.34088875761675,1,1,1,0,0
4,1,-0.304450384196033,-1.83637016851954,0.110250837271951,0,1,0,1,0
1,0,-0.913403613443745,-0.790241273983528,-0.597879368528926,1,1,0,0,0
4,3,-0.525213985919311,0.313783486131986,0.0381856752624424,1,1,1,1,0
1,1,-0.227108119641595,1.12860587111951,-0.151429860029099,1,1,1,1,1
3,7,-0.568283346880928,2.21571843678523,0.501067393853838,0,0,0,1,0
3,0,-0.354335935812388,-0.316413402589557,-0.0937472389049752,0,0,1,1,0
5,3,-2.37903582251432,-0.601691878571322,1.68856869579831,1,1,1,0,1
1,0,0.943917847985748,-0.568289393331792,-0.919635204364038,1,0,1,0,1
2,1,-0.85251555491507,0.537809378598827,-1.02215503200396,0,1,1,0,0
0,0,-0.773931909367301,-0.450316278387053,-0.479720944859565,1,0,1,1,0
1,0,0.381238742529671,0.531240680065811,1.48818944822558,0,0,0,0,0
0,3,-0.506274026077997,-0.28024471134537,-0.0228319108253962,0,1,0,0,1
0,4,-0.92717113886619,0.272595097516632,-0.29175715223753,1,0,1,0,0
0,2,-0.611427022556357,-0.26520505792425,0.270547236948707,1,0,0,0,0
2,3,0.0489994265407537,-0.957960947660388,-0.211372339573046,0,1,0,1,1
0,2,-0.799276546677398,0.657384908635202,-0.306262956002007,0,1,1,0,0
0,1,0.694034842657785,-0.12563403850638,0.0361469659529196,0,1,1,0,0
0,0,0.479094272780666,-0.293276248377159,0.819444302716877,1,1,0,0,0
3,3,-1.03346884676317,-2.58628266250547,-0.134713030158889,1,0,0,1,0
1,4,-0.560735335056334,-2.0645587466911,0.93698871683637,1,1,1,1,0
3,0,0.323669198933238,1.09415961775219,-1.99901505021943,1,0,0,1,0
1,14,-0.90782681142835,2.60559874261154,-0.441750319189714,0,1,0,0,0
0,0,0.248646225897809,-1.25052878863874,-1.46949957655334,1,0,0,1,0
1,1,-0.42980264326723,0.231537313701329,0.483932916395236,1,1,1,1,0
0,0,1.6250578407334,-2.34852498413156,0.544010866585172,1,1,0,0,1
4,5,-0.664539351814881,1.05060478108336,-0.396819064359792,0,1,0,0,0
0,0,-2.08850917074512,0.760542279493164,0.854528581369085,1,0,1,0,0
3,0,-0.0640415294173274,0.39525731548762,-0.734896333580909,1,1,0,0,0
4,1,0.37025042890099,-0.505437439423461,0.585217894558314,1,1,1,0,0
2,0,0.474979646856849,-0.0442572891203374,-1.11346410985578,0,1,1,1,0
4,1,0.596939374038792,0.0268325430601766,-0.367953971272142,1,1,1,0,0
1,0,-1.53861860004392,-0.550957814777545,-0.837143453628448,1,1,0,0,0
0,1,0.319881429376236,1.20910315876665,1.54376553985657,0,0,1,0,0
1,3,0.149337954830821,1.31282969857422,0.626105549812473,0,1,0,0,0
0,0,0.165468219715806,-0.358991496108395,1.03212307541965,1,1,0,0,0
1,2,-1.06152010248176,-0.292510352711981,-0.9427333547677,0,1,0,0,1
7,2,0.670787646617362,-0.912873368539494,-2.52981468951754,1,1,0,0,0
0,0,0.0505696539361256,0.811699827405086,0.18526583307143,0,1,1,0,0
1,0,-0.717438556082269,-0.590897844822618,0.794571956067297,0,1,1,0,0
4,2,-1.16382349085412,0.962606689868809,1.19034912242858,1,0,0,0,0
0,0,0.0230612928614734,-1.25026504446532,1.10653952595293,1,0,0,0,0
0,0,-1.07240489642099,-1.94014846784983,-0.674463348984151,1,1,1,0,0
0,1,0.301733503341603,-0.13816073494084,-1.48594166362131,0,1,0,0,0
2,0,-0.835894245472378,-2.45575273458737,-0.620950676048852,1,0,1,1,0
4,1,-1.00978836551351,0.0956611062056779,1.51905063118208,1,1,1,1,0
2,4,-0.673577578347457,-1.30765165910467,-1.22173107466724,0,0,0,1,1
1,0,0.124570357861758,-0.4205000165866,0.208935267260577,0,1,0,1,0
2,1,1.07323112769029,-0.14118627533097,-0.0494108069814171,1,0,0,1,0
12,10,-1.01822344680087,0.159957168760969,1.50960181767024,0,0,0,1,0
0,0,-0.422839238452442,-0.724326156262634,-0.861900968522178,0,1,0,0,1
1,0,-0.853572920955489,-1.06305568866211,0.756759314330549,1,1,0,0,0
2,0,-0.561939959145416,1.58389896700845,0.818530024832243,1,0,1,0,0
3,2,-0.0517923313875275,0.558758475058473,-0.00757516968609757,0,1,0,0,0
4,0,-0.621350622578363,0.245337404323335,-0.476248975992341,1,0,0,0,0
0,1,-0.160104855096855,0.2290297194039,-0.819013633818409,0,1,1,1,0
3,2,-0.194296442562301,-0.525613879265951,1.22835334530729,1,0,1,0,1
2,9,-0.913696872683112,1.05156006266715,1.09554948865824,0,1,0,0,0
3,8,-1.16778887030031,1.71237308056593,1.962163774493,0,1,1,1,0
3,1,0.149678118821783,-1.08672796163096,0.808622483901576,1,0,0,0,0
1,1,0.0420600529213617,-0.670828749887353,0.338643448954672,1,1,0,0,1
1,0,-0.383548574555964,-1.32648673822385,0.0496853079955744,1,1,1,1,0
0,0,-0.975025772793806,-0.474332678509316,-1.73029962083802,1,0,1,0,0
3,6,0.610592701232716,1.45552226118643,0.3535286940283,1,1,0,1,0
6,22,-0.976397224416392,2.23425428259958,1.77547610780014,1,1,0,1,0
1,1,1.07510848131817,-1.4912734051569,-0.353486074172104,0,1,1,0,0
1,2,-0.896466769553202,0.203111556719091,1.26521038496073,0,0,0,0,0
2,4,-1.12521111843733,-1.30944910682081,1.94685615273192,0,1,0,1,0
5,1,0.174461115818871,0.0512669303274204,1.95531934517466,1,1,1,0,1
1,0,-1.03165788726587,-1.02478191354603,0.10441963168741,0,0,1,1,0
0,1,-1.33618267310772,-1.31529349965487,0.54977373958562,0,1,0,0,0
7,3,-2.36193647973911,0.89495764730001,-0.536225020147678,1,0,1,0,0
2,2,0.00369508096094222,-0.737918911952605,0.108078135277988,1,1,1,1,0
3,3,-0.922445061658274,-1.95027960085534,-1.17194328197305,0,1,1,0,1
0,0,-0.404389525681119,-0.790801557444281,-1.62637191489261,0,1,0,0,0
5,2,0.217238401495355,1.06470151540791,0.31306140524834,1,1,0,0,1
0,0,-0.375137231106256,-0.104769649974001,0.96042555359472,0,1,0,1,0
2,3,0.418673540407365,1.74730525343024,-2.00263397261016,0,1,0,1,0
0,0,-0.819094585646576,-1.34221064623933,-0.159194336075176,0,0,1,0,0
0,0,-1.70893726138321,0.504247692318768,0.637723400189329,0,1,0,0,1
1,0,0.679492352456077,0.0604684707136188,0.643276934415895,1,0,1,0,0
0,1,2.02823128425059,-0.23787735017515,-0.0629433561496356,0,1,1,1,0
2,2,0.286799786319019,0.994384138653412,0.74684082399179,0,1,0,0,0
4,0,0.163196965314006,0.427034263407475,-0.588950870830488,1,0,1,0,0
8,1,1.39190570293881,-0.588800624312785,1.50094276998758,1,0,1,1,1
2,3,-0.86095894594878,-0.549139443840239,-0.109026332392601,0,1,1,1,0
0,0,-0.0386303550322006,2.93716590776603,1.19451707976279,0,0,0,0,0
0,6,-1.14607733187208,0.775669009435039,2.04933231616101,0,1,0,0,1
2,5,-0.296597196762588,-0.114830048473199,1.56992780420577,0,1,0,0,0
1,3,-1.62050710682738,-1.28475362173077,-1.04572035199511,0,1,1,0,0
0,0,-0.185370525352129,1.26884612558745,0.290094130133816,1,0,1,1,0
2,2,0.261594943962223,0.360853309429469,-0.46817550977299,0,1,1,0,1
3,1,-0.901887230500597,1.37665933280491,0.169417048662947,1,1,1,0,0
0,1,-0.802400270295515,1.59466881576758,0.864258325138643,0,0,0,0,0
5,0,1.0520883034238,-2.32589735729788,-1.12342108798276,1,0,1,0,0
1,4,1.03715675755328,1.01540206006019,0.678245374538698,1,1,0,0,1
2,1,-0.670368611123972,-0.080015500739484,0.374704168470983,0,0,0,1,0
1,0,0.307333085623996,-1.25463475039348,-0.167706046228974,1,1,1,0,0
0,0,0.016881293651902,0.164477195700394,0.556312724913433,1,1,0,0,0
1,3,-1.54886772264392,0.945757816961865,-0.916959891197559,0,1,0,0,0
3,0,1.39568199443999,-1.83148753749956,-1.46982241957951,1,0,1,0,0
3,2,-1.32889484243714,-1.04951350238963,1.30780816386201,0,1,0,1,1
0,0,1.87280619788155,2.10525489194971,1.91316539042133,1,1,1,0,1
2,0,0.486407458476235,2.47973612960941,0.232917120690396,1,0,1,1,0
1,1,-0.274741430224987,1.54968828100574,-1.44362194737489,0,1,1,1,0
1,0,0.540143402789821,-0.728076185729779,-2.62136214053668,1,1,0,1,0
1,0,-0.0791491730523489,0.523429558163917,0.0123490763410316,1,0,0,1,0
4,2,-0.386516518371282,0.999203002440208,-0.844164266482328,1,0,1,1,0
0,0,2.20794445083368,0.169636042784977,1.0899031966833,1,0,1,1,0
2,3,0.022908411773928,0.0820501575686756,-0.248850779031899,0,1,0,1,0
5,1,0.667567422046724,-1.27265759044224,-1.70449434372667,0,0,1,1,1
1,1,-1.85550671953985,-0.533590567431382,0.528399254175646,1,0,1,1,0
3,1,-0.600834557882927,0.738538889597106,0.350272579395448,0,0,1,0,0
0,3,-2.12568875415818,-1.81891721739107,0.623004356816531,0,0,1,1,0
10,0,1.2358176528358,-0.82546538976387,-0.523565811954466,1,1,1,1,0
1,1,-0.882230385794732,0.555886197350929,0.16343584004116,0,1,0,1,1
2,0,0.683661827792849,-0.828694892852082,-1.01185080261304,1,1,1,0,0
4,3,-1.84725721720367,0.149808392521917,-1.33171132854181,1,0,1,0,0
0,2,1.65732776894757,0.747022876973887,-0.356882264003969,0,1,0,1,0
8,6,1.09315711089557,0.466859518486566,0.552709011196954,0,1,0,0,0
2,0,-1.32293221722188,0.322764425172964,-0.168485897549599,1,0,0,0,0
1,1,0.377489763571917,0.323953463434523,-1.23802325133659,1,0,0,1,0
0,0,0.342391436967449,1.71605490862603,-1.4430211047809,1,1,0,0,0
2,0,0.58383167558778,0.868690334071251,0.81729389930634,1,1,1,0,0
11,5,1.12369482968181,0.0523105327195129,-0.561564035811473,0,1,1,1,1
3,3,-0.226273943934329,-0.494760028329637,-0.511784653423377,1,1,0,1,0
1,0,0.210736391453777,-0.580083396360735,-0.0392311091258132,1,1,0,0,0
0,0,-0.448802215373653,-1.24954525324123,0.194888505413492,0,1,0,1,0
2,0,-1.120910296365,-0.75878429202263,1.08816434910662,1,1,0,0,1
1,0,0.955093140063636,-2.02263449246522,0.624369643293804,0,0,0,0,0
4,1,0.436350717773146,1.93324323816411,-0.526811809148113,0,1,0,1,0
8,2,-0.30099418971519,0.877894354293165,0.801398234307833,1,1,1,0,1
3,3,-1.02203229392155,-1.75240437006718,0.315637882567704,0,1,0,1,0
2,0,0.298698395836463,0.890533670427388,-0.648368379661346,1,0,1,0,0
1,0,-0.924040876367392,-0.69426052248432,-0.0453346435493209,0,1,1,0,0
1,0,-1.40503901877139,-1.79221798212823,-0.839850197216884,1,1,1,1,1
0,0,-0.581715310784652,0.564094523619885,-0.461832640494516,0,1,1,0,0
4,2,-0.0445970010130001,-0.142873781524877,-0.227764331060113,1,0,1,1,0
2,6,-1.10483791173032,0.514737955174701,-0.215470895570114,0,0,0,1,1
7,2,1.52342984562874,0.558576061938871,-0.266770694801149,1,0,1,0,0
3,2,1.18935548923587,-1.10453968671723,0.852623060220397,1,0,1,1,1
1,0,0.877340142108793,0.778353447944991,0.247897493323605,1,1,0,0,0
0,2,0.599916754384737,0.354436177183012,-0.318453229791551,0,1,0,0,1
6,2,0.514140774652412,-1.9781865030576,0.243388102136077,1,1,0,1,0
3,2,-0.726165429898494,-0.864028818714036,0.805859907007856,0,0,0,1,0
1,3,-0.92504853222377,-0.302497217483096,-0.864668106549483,1,1,1,0,0
2,4,0.308295911750377,-0.968450294044824,0.324975044044719,0,1,1,0,0
4,9,-0.698310115751792,0.343711363514634,-0.805930948265245,0,1,1,1,0
1,0,-0.487949678394561,-2.04751955576373,-1.04373168889822,1,0,0,1,1
8,2,0.00986438124581089,0.6248692362421,-0.112341208661451,0,0,1,0,0
0,1,-1.09334574190389,-0.97501545307445,-1.22945883017854,0,1,0,1,0
1,1,0.832746579562321,0.526517315874027,0.0656330463466211,0,1,0,0,0
2,1,0.0893188576695133,-1.41661583987357,0.98396427444664,1,1,0,0,0
3,1,0.19063305781185,-0.40214561365964,-1.50659347351721,0,1,1,0,0
5,11,-1.6747156135267,-0.00356839309049382,-1.68408467016434,0,1,0,1,0
8,2,-0.71373354210928,0.555717152178976,-1.31476373686214,0,0,1,1,1
0,0,-1.20737836476129,-1.73180401868474,1.28488551500187,0,0,1,0,0
2,1,-0.260754487678896,-0.506464918458327,-2.25256368742102,0,0,0,0,0
0,7,-1.03347889343582,0.00990462869476192,2.55009704312651,0,0,0,0,0
2,6,-1.52845601990911,2.30488476026307,0.214365234328688,0,0,1,0,0
3,1,-0.934915507222057,-0.974556442823898,-0.728601439670996,1,1,1,0,0
7,1,-0.516693030941556,-0.135892877849467,-0.160256004907618,0,0,0,0,0
0,0,1.71290009677689,0.414233648827521,0.210759006860854,0,0,1,1,0
18,4,0.379195654724816,0.927239892683658,-0.806125601843093,1,0,1,0,1
1,1,0.249523984821311,-1.45295902438742,-0.673801759066284,1,1,0,1,0
7,2,0.925266141106145,-0.811668693611605,0.397621071112797,1,1,0,1,0
0,0,-0.198880204535611,-1.11353495378341,1.04172963195336,0,1,1,1,0
1,0,0.0545863165513036,0.245413282560207,-0.200854640028575,1,1,1,0,0
3,0,0.376869521840727,-1.1958759312489,-0.596378885738199,1,1,0,1,0
3,1,-0.787001108785511,-0.352969004077963,1.08095998828551,1,1,1,1,1
0,0,1.07597348357712,-0.59526034261943,-1.42509259529365,0,0,0,1,0
3,3,0.0414332659590598,0.679819431184322,0.189793394942616,0,1,1,1,0
2,2,0.0123813273878189,-1.40958353427083,-0.727449289956991,0,0,0,0,1
1,0,-0.409325875707251,0.756048725728494,-1.06235793670277,1,1,1,0,0
5,0,0.586027894681013,-0.104994689383017,-2.32790231756492,1,0,1,0,0
0,0,-0.761204442186007,-1.57104782503078,-0.174737225924754,1,0,1,0,0
1,0,-0.293001003197241,-0.199330102030923,1.66241180298125,1,1,1,1,0
0,3,0.0487238127496877,0.670933398331317,-0.834336021309276,0,1,0,1,0
3,0,0.535572743157227,0.402207390698175,-0.869749312237069,0,1,0,0,0
1,1,-0.150536258812929,0.140959202723779,-1.10093470221009,1,1,0,1,0
1,1,-0.0851615757760832,1.06554891472532,1.41752083961508,1,1,1,0,0
3,2,1.11653387552426,-0.448205769752453,1.92459047949099,0,1,0,1,1
1,2,1.53803422356202,0.215904910703975,0.564802135474665,1,1,1,0,0
4,2,0.956092407941181,-0.225447096338803,0.168833147740432,1,0,0,0,0
2,1,-0.426600247105808,-1.0855380158729,-0.241904201786883,1,1,1,1,0
1,1,-0.294758593377882,-0.0519137531756012,1.26863740029931,1,0,0,0,0
0,0,-0.0345380185469219,-0.320133642417849,-1.40021963372005,1,1,1,1,0
3,6,-0.260624047632591,-0.44724578569649,1.47064593987483,1,1,0,1,1
0,0,1.69466859605814,0.848211129311033,-0.606402937798041,0,1,1,0,0
2,2,1.05263231989534,-0.422032225409552,0.705297240084283,0,1,1,0,0
2,0,-0.477401166821238,-1.86802904647185,-0.0963508406885215,1,0,1,1,1
1,1,-1.4063690413065,-0.1533104487222,0.0600312600105137,0,0,1,0,1
3,2,-0.541305035026295,0.044283514433751,1.61876679422596,1,0,0,0,0
0,0,1.02591163696538,0.910460012847458,-0.161177088414213,0,1,0,0,1
0,1,-1.26205038885163,-0.692510561074984,-0.694014781155633,0,1,1,1,0
3,1,0.510795788025142,-1.23575405660194,0.76530848107812,0,0,1,1,1
5,3,1.80566113015984,0.0450554613413879,1.20027313809738,1,0,1,1,0
0,0,-0.603665006458011,-0.278074589423129,-0.0377773277034677,1,1,0,0,0
1,2,-0.438957744705413,-0.233727801340694,-1.03569220654927,0,0,1,1,0
0,0,-0.666552377311848,-0.968761693011351,-0.877899893036965,1,0,1,0,1
0,4,-0.0416165994014853,-0.617989616724073,0.611039352299962,0,1,1,1,0
5,3,0.803670165351584,0.698935169216936,1.81696918948433,1,1,1,0,0
4,1,1.37812786363113,-0.404566967488602,1.87110173352229,0,0,0,0,0
2,2,0.848114811265087,0.652666192932432,1.0845882262012,1,1,0,1,1
1,1,-0.567788795638192,1.15728620337304,-0.362969295926803,0,0,1,1,0
3,1,-0.505179022971024,-0.636022223117122,-1.80947691021711,1,1,0,1,0
7,9,-1.82065712630187,0.576686170090651,0.555505548953487,0,1,0,1,1
0,0,0.397933052304564,-1.56086399658214,-0.0969855751772553,1,1,0,1,0
3,0,0.131319316616975,1.09823621235391,0.0529142596311971,0,1,1,1,0
10,0,0.627980320092796,1.78921261400733,2.08928663729407,1,0,1,1,0
1,0,0.66681335970014,0.9179472249427,0.174643222065132,0,0,1,0,1
3,2,-0.00753750172488321,-0.289745285887663,-0.36573524830925,1,0,0,1,0
0,0,-1.34329484713848,0.540121883026731,-0.290648649366672,0,0,1,0,0
10,4,-0.191832894319539,-0.00554637670860473,1.04639500379711,1,0,1,0,0
4,6,-1.39810631489203,-0.378395460729717,0.472366611043502,1,1,0,0,1
0,2,-1.16032187181249,-0.856628045143716,1.76014129042284,0,1,1,1,0
1,0,-0.322761491481161,-0.039966751390468,-2.2479872533868,0,1,1,0,0
0,0,-1.05653675971727,-0.463472421537884,-2.83160483369254,0,1,1,1,0
5,1,0.0598246618471211,0.621642548002571,0.54597796581412,1,0,1,1,0
1,1,-0.173380127504107,1.05318333495113,-1.08870435690577,1,0,1,0,1
3,2,0.290971939059368,0.842088623359819,0.799763087001249,0,0,0,0,0
0,0,1.58101408014147,0.94580873424335,0.0441972206753049,0,1,1,0,0
1,1,0.274334435454224,0.699030493518326,-0.251711919380114,0,1,1,0,0
0,0,-0.104422574204513,0.628198340558341,-0.4687415915521,1,1,1,1,0
10,0,1.55406462393442,0.483838294121039,0.273458845938549,1,1,0,0,0
2,3,1.73998240696778,0.0902060863261474,0.851960757375045,1,0,1,0,0
3,0,-0.478741479537611,-0.164277935760641,-0.930160227929177,1,0,1,0,0
3,2,-0.6884201351822,0.442627317706809,1.05197204577502,0,0,1,0,1
0,1,0.190134013666975,-0.151007758046548,0.258046738242723,0,1,0,1,0
7,4,-0.636752793572859,-0.126656547482108,1.09005141108548,1,1,1,0,0
2,1,-0.183881033011397,-0.882729259879743,2.41811300058023,0,1,1,1,0
0,0,-2.01942636977383,-1.15833754474725,-0.301011804424577,1,1,0,1,1
1,3,-1.74155501940931,0.576585181372976,-0.369591981547966,0,1,1,0,0
2,0,-1.11043472237198,-0.873130615624951,0.228024462714241,0,1,1,1,0
1,0,-0.454798874469022,-1.93412677316337,-1.79466884533097,1,1,0,1,0
2,1,0.0773432639594619,-0.142454283026324,-1.07785768385109,0,1,1,0,0
1,2,-1.43041210053263,-0.331745612948301,-0.811037609579877,0,1,1,1,0
0,0,0.5936524519797,0.220768117837925,0.118235434365778,0,0,1,0,0
0,4,-1.69555668111902,-0.0799425827778764,-0.830708048335734,0,1,0,1,0
3,2,-1.42875988836945,0.283579097703279,-1.78804952759852,0,1,1,0,1
2,3,0.645108314861323,-0.403284450285682,-0.668767807854578,0,0,0,0,0
2,0,-0.28321783436406,0.906936566383178,0.59004160293692,0,1,0,1,0
7,4,-0.863569648127568,-0.323820758761516,-2.46681449882399,0,1,0,1,0
0,0,0.780931703399797,0.278413545420285,0.843112978476676,1,1,0,0,0
1,1,-1.62240160676038,1.16385578979249,0.887543812733341,1,0,0,0,0
3,2,-0.213182071624272,0.537802580930962,1.60912234206471,1,1,1,0,1
0,6,0.271737023560023,1.73275101581978,1.59566293837467,0,1,1,1,0
6,3,0.837614864911938,1.30267258522556,-1.72611547858626,0,1,1,0,0
2,0,-1.74380347152795,0.97982010526094,-1.42925739498351,1,1,1,0,0
3,3,-0.554473179952807,1.76798240523003,1.07335466702954,1,1,1,1,0
2,0,-0.341057316520134,-1.53731299711491,0.53180777063618,1,0,1,0,1
3,2,-0.971297352487533,0.257367166675448,-0.702186594374649,0,1,1,1,1
0,1,-0.0403830911986476,-0.22214158178284,0.152452937276776,0,1,1,0,1
0,3,1.41782806695251,0.0476701741913897,0.340986614978634,0,0,0,0,0
3,2,1.50253583655613,0.903649418677975,1.3335360615491,0,1,1,0,0
0,0,0.533669968798903,-0.237040278142694,0.0376717176575938,0,1,0,0,0
0,1,0.471942081299243,1.45060121233873,0.887634969951541,0,0,0,0,0
2,0,-0.909850305858937,0.569997974534371,0.679010294516045,0,1,0,0,0
0,0,0.341754026359773,1.1757822796764,0.583968691546876,0,1,1,0,0
6,3,2.0467716622963,1.17255454176474,0.31885550917865,1,1,0,1,0
3,0,-0.0925196175515652,-1.71116321547846,1.01985162930943,1,1,0,0,1
1,1,1.99955863473174,-1.55645055496874,-1.03691652259173,0,1,0,0,0
0,0,0.696706621120596,-0.403814719133587,-0.0536244876787588,1,1,1,0,1
1,0,0.661105154164122,0.8853894469885,0.87970275267419,0,0,1,0,1
0,0,0.110166966832132,-1.21436222877585,-0.149084320804596,1,1,0,0,0
0,0,-0.155364761746718,-1.12826991568453,0.668707265055554,0,1,0,0,0
0,0,-1.10809670540007,0.532314293295559,-1.07342475389147,1,1,1,0,0
0,0,0.257326183204419,-0.45038269423807,0.283592054791451,0,1,1,0,0
0,0,-1.10337206314108,-0.252047687634926,0.769646379138419,0,1,1,1,0
0,1,0.460330410600274,0.781912539711149,0.537869977936254,1,1,0,0,0
2,0,-0.449202245341574,-0.249747672201544,0.417882016075678,0,1,1,1,0
0,0,-2.29609177312163,-1.84264919912002,-0.445379963046829,1,0,1,0,1
4,5,0.37852759019712,1.43850769955672,0.900893140842949,1,1,1,0,0
4,1,1.07608212290709,-1.16239448951745,-0.629961559659161,1,1,0,0,0
5,1,2.12417721098258,1.09942357423779,-0.193913375337778,1,1,1,1,0
3,7,-0.987357581587771,0.634872725502824,-0.0153352086901826,1,0,1,0,0
1,0,-0.794765978355271,0.867192885315018,0.369904912472694,1,0,1,0,1
2,1,0.290949929006509,0.645023315071378,-1.40495882090325,1,1,0,1,1
8,2,0.00940947735869231,-0.00864399251345286,-0.838492309867026,1,1,0,1,1
0,1,-0.403945179638825,0.82391846651871,0.893771029643934,0,0,1,0,1
0,0,-0.624599229851919,-0.336394928722341,-0.88129463290714,1,0,1,0,1
5,3,0.470386838409905,0.631064789661654,-2.73488739383585,0,1,0,0,1
0,2,-1.28617477884813,0.786458480714012,0.478807553636805,0,1,0,0,0
3,1,-0.0378365183185449,-0.800635966649699,0.213461235787012,1,0,1,1,0
0,0,-0.577908295628033,0.528005363169408,-1.76819283363897,0,0,1,0,1
3,3,-0.151170357410899,-0.259669903694142,0.871791340973756,0,1,0,1,0
1,2,1.24591969541143,-0.118350178360072,-0.283103082247437,1,1,1,0,0
10,2,0.280556768679436,0.73970562564948,-0.976908226215056,1,0,0,0,1
0,2,0.351443874520096,1.06128447152057,0.985676603073868,0,0,1,0,1
0,1,-0.256153785402069,1.71966941281127,-1.21124055666054,0,1,1,1,0
11,5,0.764261903082317,1.06667828813477,0.610899209156371,1,1,1,0,1
0,0,0.98787714078889,0.411289035200158,-0.680475167741374,1,1,0,0,0
0,2,-0.537717179510884,-0.609222999509056,1.52797091508774,0,1,1,1,1
0,3,1.51950699911121,1.32980566378181,0.648833354712933,0,1,0,0,0
0,0,-0.993669254983619,0.754829929375528,0.107721688779204,0,1,1,1,0
3,1,1.1433150288261,-1.06020519736167,-1.70281550366571,0,1,1,1,0
1,1,-0.689106371411145,-1.60523019554085,2.53873977656948,1,1,1,0,0
4,1,1.57493172962469,-0.279130111669904,1.71141802293326,1,1,1,0,0
0,0,-0.0785818989888478,-0.946728787380752,0.758187958540969,1,1,1,0,0
0,0,-0.134971868965537,0.926294080517178,0.594839776689936,1,1,1,1,0
0,0,-0.683613419247805,-0.582336909703296,-0.00908838407430854,1,1,0,1,0
1,1,-0.41374550434871,-1.07551873619646,-1.0864868401739,1,1,0,0,0
2,4,-0.204014192311658,-0.764797093627682,0.716503817336265,0,0,1,1,0
1,0,-0.292617631722023,-2.80060387897751,0.266935410136588,0,1,1,0,0
0,0,-1.27680226843939,-1.42005997851387,1.56356969448461,1,1,1,0,1
3,0,-0.446827935590503,-1.17497539390531,-0.268125626182309,1,1,0,1,0
1,2,1.26810234737452,0.916601940661033,0.249877895341234,0,1,1,0,0
2,0,0.744565730788876,2.54764450691256,1.52602376468467,0,1,0,0,0
4,4,0.405844853799255,-1.53964356330473,1.55808255083333,0,0,1,1,0
2,0,0.125396773629872,0.0563028690057326,0.0891489612426538,1,1,0,0,0
1,0,0.200153846123353,1.45933619549718,0.990239842208523,1,0,0,0,1
1,0,1.63525257719327,-0.379903889911915,-2.19344797330097,0,1,1,0,0
3,0,0.412753742256765,0.140309105855834,0.869805336046067,1,0,0,0,0
5,1,0.256957061158068,0.721696453295375,-0.622826012726335,1,0,1,1,0
2,3,1.07735960929152,0.587634856505008,-0.155317143368267,0,1,1,0,0
0,0,0.186041618575414,0.761493563707373,-0.553592963546948,1,0,0,0,0
0,2,-1.46578237998576,-1.81350632671106,2.11884663822396,0,0,1,1,1
2,2,0.301561834021458,0.0198170317288893,-0.856352570800494,0,0,1,1,0
5,8,0.370093589915311,-1.90499019639323,-0.796590315748879,0,1,0,1,0
2,1,0.95667332914417,0.280162949316542,1.61786513895649,0,1,1,0,1
4,0,0.747576253437184,1.6172917089529,0.743310197163465,1,0,1,1,0
4,2,-0.257043286379853,1.14334576279304,-0.184941225646359,1,1,0,0,0
0,0,-1.34052039617552,0.238994065572089,0.946698204540848,0,1,0,0,0
4,4,0.954636237266689,-0.781968107492701,0.54383383931666,0,0,1,1,0
13,4,0.377061538850401,0.444623808553703,0.659437466649535,1,0,0,1,1
2,1,0.624565023518711,-2.90621250854178,-0.908570045113198,0,1,1,1,0
2,7,0.560873658652254,2.31655434325879,0.0581052903696483,0,0,1,1,0
2,2,-0.507324994348473,0.0663262826880569,-0.442403451332728,1,1,0,1,0
0,1,-1.01792759859354,-0.0842964447116609,-0.90755067943867,0,1,1,0,0
2,1,1.51799975121662,1.68064935033758,0.0953030937043472,1,1,0,1,0
1,1,0.760376239949236,0.00794096452780189,-1.56383074075302,0,1,0,1,0
0,1,1.28827051848294,2.21506229239412,-0.685514127375757,1,0,0,0,0
0,0,2.57460400406718,0.560152952429116,0.357503763650066,1,1,1,0,0
1,0,0.542779756157379,0.0987039084217101,-1.00833821548076,1,1,0,0,0
2,2,0.725623804903412,0.124090512124766,0.686624149736837,1,0,0,0,0
5,6,-1.6903004452068,1.57004327300438,-1.20789743365726,0,1,1,0,1
3,2,-0.206983318238999,-1.09749821934441,-1.18273534513746,0,1,1,1,0
1,1,-0.780160526385585,-0.76855424621854,1.11469175388804,0,0,1,1,1
0,0,-1.30397980361726,-0.235040047151311,0.628354590256425,0,1,1,1,0
1,1,0.297728719815525,1.59098394332489,-0.061242025900546,1,1,1,0,0
3,0,-3.31091122024192,-0.295738412031346,-0.186868843817814,1,0,0,1,0
0,0,-1.56741582618688,-0.677611655381948,-1.44809028727606,0,0,1,0,0
0,0,0.612983896636964,0.571296740975573,-1.43552027829168,0,0,1,0,0
1,1,0.737216008738301,0.271003050413376,-2.22854469620624,1,0,0,0,0
1,1,-0.402717873847435,-0.977295664594256,-0.794061619358091,0,0,1,1,0
5,0,-0.216061097025571,1.18589459015167,-1.04216485564623,0,1,1,1,1
0,1,-0.636208747064544,1.45606215210137,-1.09613870725666,1,1,0,0,0
1,0,0.404109930804013,-0.729053517062626,-0.175802900837181,0,0,1,0,0
0,1,-2.28111248327477,0.340686729440737,0.578010857357661,0,1,1,0,0
1,1,0.322114208439486,0.333264390275585,0.0735421335228178,0,0,1,0,1
2,0,-0.634308528731367,-0.882826985212062,-2.21059103859669,1,1,0,0,0
0,0,-0.628890995679149,-1.45200169171229,0.643879461042412,0,1,0,0,0
1,2,-1.1160911407327,-2.7600509684504,-0.259314121928449,1,1,1,0,0
2,1,-0.633776525493824,0.614023309565694,-0.0470371931423078,0,0,0,0,0
5,3,-0.407675513679956,0.861192298329402,0.186504065481195,0,1,1,1,0
0,2,-2.02959699047288,-0.960318211235858,-0.333774753329315,1,0,0,0,0
0,0,-2.36231011167873,0.297534763296659,-1.32197707659168,0,1,1,0,0
0,2,0.410544436743055,0.554534989101062,1.05983679216064,1,1,0,0,0
0,0,-0.333785518427818,0.335046177192024,-0.496468497452322,1,0,1,0,0
0,0,0.989821931143897,-1.90800574009127,-0.330029997627053,0,1,1,1,0
1,5,-0.358907120683991,-1.08621213968637,0.82907328943889,0,1,0,1,0
6,3,0.824878401630609,-1.36914522747779,-0.110639947776382,1,1,0,1,0
3,2,-0.947945919291894,-1.37648743361442,0.126830929799962,1,1,1,0,1
2,2,-1.15908215729127,-0.945299309353707,-0.894290251478649,0,0,1,1,1
8,1,-1.63069167247862,1.13345436805349,-0.731866134933786,1,1,0,1,1
0,1,0.365036938887324,0.513662328119535,0.919903460698782,0,0,0,1,0
0,4,-0.536706932148344,0.550043619186585,0.850330559945631,0,1,0,1,0
7,5,-0.678640577077662,-0.00873295513112917,-0.334134283124179,0,0,1,0,0
1,3,0.736899042967194,0.00907052621553061,-0.733365388185949,0,1,1,0,1
0,1,0.28573971046088,-2.23778015208908,0.289704461834463,1,0,0,0,0
1,1,1.83881819428346,-1.25781576085265,0.517796549448261,1,0,0,1,0
2,3,0.392083261299736,0.382384918756641,0.254478077822283,0,1,0,0,0
1,3,-0.7709675132604,0.399553712898803,-0.84340763845211,0,1,0,0,0
1,1,-0.40744973995646,-0.394315527422445,-0.285292936050629,0,0,0,1,0
4,6,-0.599566664889869,0.122647811412209,0.938774144519454,1,1,0,1,0
0,0,-0.235895432072308,-0.747939655279112,0.575826113758854,1,0,0,0,0
2,1,0.867873864204998,0.198402234156117,0.889266916486295,0,0,0,0,0
0,2,-0.870345086154103,0.446366242518594,0.322996065124663,0,0,0,0,0
2,3,-0.634350227861166,-0.137820408073572,1.15627062347946,1,1,1,0,0
3,4,-0.891404030157852,0.33075798623376,1.35568582621598,1,0,0,0,0
4,1,0.965729459641546,-0.712570268732366,0.505870389662526,0,1,0,0,0
6,8,-0.151823119268863,-0.165771090293915,-0.31720538870456,1,1,1,1,0
0,0,-0.0673731023962703,-1.12981678144711,1.12973283151824,1,1,0,0,0
6,2,0.990936408055863,0.505748499191832,-0.921295664460676,0,1,1,1,0
0,1,0.0323116085802859,0.383120935573277,-0.645222184724344,0,1,1,1,0
0,0,0.297533694727188,2.68907647703613,0.660994976062581,1,1,0,0,0
1,0,-0.307485956638025,0.918659338624975,0.65744963977194,1,0,1,1,0
2,5,-1.0947539551378,-0.231629857762088,-1.88264999300332,0,0,1,1,1
7,7,-0.931135584879755,1.6672155327653,0.597140340355196,1,0,0,0,0
2,1,0.465961225066501,-1.22719503730709,1.21186215641099,0,1,1,1,0
2,1,-1.1042657439216,0.0481500200692633,-0.789581177437464,1,1,0,0,1
1,0,1.50463628836541,-1.05119313282585,-1.31377294178421,0,0,0,0,0
1,0,-0.544348545398976,0.177427892716993,0.217022975605761,0,0,1,0,1
1,1,-1.67335457396292,-1.84476660180922,-1.24044955255932,1,1,1,0,0
0,0,-1.75031916326879,-0.038928368244747,0.202155194383019,1,1,0,0,1
3,5,0.47228367237472,1.65568064315558,-0.271001015146557,0,0,1,0,0
2,0,2.00100346091503,0.332061894334411,1.62711744444442,1,0,1,0,0
3,3,1.2837081352858,-0.354137859287162,-0.226800326617723,0,0,1,0,1
3,2,-1.29991193650606,0.803059745198666,-0.873068462765969,0,0,1,1,0
2,0,2.68484277051134,-0.920006211413985,1.44679082205358,1,0,1,1,0
9,2,2.16799121553603,-0.326721726349948,0.261364374560535,0,1,1,1,0
3,1,0.450331523473136,-0.566445920429234,-0.976172111174908,1,1,1,0,0
1,0,0.0409280819503866,-0.332319046206166,0.415848629471625,0,0,1,0,0
5,3,-0.788628718300276,0.647115875580187,0.552082704338954,0,1,1,0,0
4,1,0.054956116550371,-1.09938936154303,-0.507403135407478,0,0,0,0,0
2,2,0.0431817667083885,0.753683929954038,2.57357386194735,1,1,0,0,0
1,0,-1.33952403209066,1.64510145839326,1.41810926410195,0,1,1,0,0
0,0,-0.656617873628241,0.224097248235291,-0.980358834406892,1,1,0,0,1
5,3,-0.841882353656094,1.51436764191001,0.124929211499667,1,1,1,1,1
1,0,-1.14175294613662,-0.739942953514376,-0.758915477569493,0,0,0,0,1
0,1,2.22137625101515,0.387829478022987,0.694912613492021,1,1,1,0,0
0,0,0.592898761788644,-0.128867484396729,-1.07120358273703,0,1,1,0,0
1,1,-0.3323414070227,0.24635833760263,0.63497278437249,0,0,1,0,0
1,0,-1.14389847234682,-0.280022047540407,1.36564295043678,0,1,1,0,0
11,4,0.618275996065781,1.63006736852471,1.92631327230556,0,0,1,1,0
0,2,0.383325156328529,-0.495515356103601,0.896649820703072,0,0,0,1,0
0,2,1.16594741014388,0.0701505546942769,1.11144255119495,0,1,1,0,0
0,4,-1.05456110202027,0.925067270226179,-0.304273453712832,0,1,1,0,0
2,1,-2.05264486187269,-2.74934158380832,0.104783537548812,0,0,1,1,0
0,2,1.66380228306859,-0.476767236995723,-0.155292343293759,1,0,0,1,0
5,3,-2.19962231444931,1.81865589239935,0.827283065819577,1,1,0,0,0
3,3,-0.550831093203717,-0.0671108770228365,-1.08922762033784,0,1,1,0,0
5,3,-2.73630375840549,1.37049158710067,0.00381008343245445,1,0,1,1,0
4,2,-0.247459018208495,0.0540512094777642,-0.22211043140442,0,0,0,0,0
1,0,-0.411314748865548,-0.799716566200024,-1.14416363062623,1,0,0,0,0
0,0,-0.356915586539719,1.57188063588191,0.291396800156628,0,0,0,0,0
1,1,0.409704990901222,-0.50570706018436,2.0702781461682,0,0,0,1,1
5,3,0.12791980891566,1.2498717227886,-1.07804677676488,0,0,1,0,0
0,1,1.04710625430239,1.13645747595416,0.516784057774436,0,0,1,0,0
1,7,-0.145562397079927,-0.262831700714078,1.53696029223982,1,1,0,1,0
1,3,-0.0721123274426233,0.493112036968111,-0.254400957228878,1,1,0,0,0
8,2,-0.914335779118087,1.03032355279174,-1.4520667030474,0,0,0,1,0
2,0,0.00903084116605582,-1.69499590364283,-0.252875914822117,1,1,1,1,0
0,1,-0.147648209780415,-0.502559867215496,0.542085516726583,1,0,0,1,0
1,1,0.436054564830876,-0.287723460114453,0.264773796634051,0,1,0,1,0
3,2,-0.110958947349523,1.41665157057282,-0.354112461444677,0,1,0,0,1
1,1,-1.61117740401128,-2.43874015845572,0.631089531957742,1,0,0,0,0
1,1,0.77391725639354,0.563450968316806,1.20158448030999,1,0,0,1,0
3,1,0.26077441818164,-0.722313078772227,-0.810574274339479,1,1,1,0,1
1,0,0.145326416984108,0.909477778709998,0.101264704254725,1,1,0,0,0
4,2,-0.0527848629790569,0.234899865759047,-1.35210651091462,0,1,0,0,1
1,0,0.417918655378292,0.156786193400252,-1.91349343183316,1,1,1,0,0
10,1,-0.0416623078633891,-0.330810288479461,-0.862158555464083,1,0,1,1,0
2,1,0.835216407151405,-2.0647643169982,-0.0128504468899372,0,0,1,0,0
1,0,-1.46855415768229,-0.0354960726190918,1.07888598866212,1,0,0,1,0
0,1,-0.0560198989550933,-0.322676234312355,-2.1134855901415,1,1,1,0,1
1,0,0.0528074186104842,0.302496736221616,0.167995200941751,0,1,1,1,0
4,1,-0.317869220226323,-0.169736520167409,0.42094007419116,1,1,0,1,0
2,8,-1.60105123736228,0.290250001506917,0.349753198609002,1,1,0,1,0
6,0,1.6392636872625,-0.678334831124782,-1.00656494358619,0,0,1,0,0
17,2,1.48268261015252,0.574311368786915,0.241690091912383,0,1,1,1,1
1,0,-1.98497088876561,0.718807349883155,0.652238368848855,0,1,1,0,0
1,3,-1.55392617330545,0.509525557043941,0.366758718122909,1,0,0,1,0
3,3,0.697439970612875,-0.359366774739717,1.94660567042281,1,0,0,0,0
11,6,1.96758466111329,1.44096780874562,-0.389312508654767,1,0,1,0,0
1,1,1.20961626424774,-0.190793634052304,-0.0532568994427437,1,0,1,0,0
0,3,0.780501596075139,0.629802467143803,-0.225767484165978,1,1,0,1,0
0,1,-0.501947195149636,-0.0702426666362867,0.357569030874696,0,1,1,0,1
2,0,-0.192990772084555,0.787357690369611,0.109453836940336,1,1,1,0,0
1,2,2.28909273449864,-0.279015527514528,1.08092584747317,1,1,0,1,1
3,2,-1.68086832782181,2.26708115729861,1.44344218242848,0,0,1,1,1
2,2,0.255698548311218,-0.917657105625312,0.107563416508292,0,1,1,0,0
1,0,-1.31283351628746,-1.35028062642816,0.0147869002572445,0,0,1,0,0
0,3,1.24288054042723,0.046104729028878,1.42814787286093,0,1,0,1,0
7,3,1.12404394849406,1.1302972235072,0.19859286681623,1,1,0,1,0
3,1,2.4184109448756,0.257954560456626,0.398052220814689,0,0,0,1,0
6,2,-0.649435746446233,0.982434813454205,-0.0805892079556422,0,0,1,0,0
0,1,-0.679388246261332,0.00602393777214652,-0.692149249011384,1,1,0,1,0
2,8,-2.17813346387957,-2.17648363038074,0.0575533926740755,0,1,0,0,0
3,1,-0.0468248862319726,1.29766463299134,0.197775539184453,1,1,1,1,0
1,2,-1.36565936804567,0.295187525582378,2.5671502695382,1,0,0,0,0
0,0,0.983388443654882,0.102964857557236,-0.801957966129561,0,0,0,0,0
1,6,-1.50186558070416,1.36624518094505,2.82225269440795,0,0,1,0,1
0,2,-0.823629304454692,1.94394965593096,1.07366808021264,1,1,0,0,0
1,0,-0.0200261833682238,-0.668725961573676,-0.476605633484688,0,0,0,0,1
0,1,-0.828395731849446,0.518694899030024,1.98049574476771,1,1,1,1,0
0,0,-1.05125625062013,-0.0364348981190668,-1.23471443762602,1,0,0,1,0
0,0,0.58433102043125,0.746390804882006,1.08912950170045,1,1,0,0,0
2,1,-0.417802201893793,0.0404692718983406,-0.986709608819672,0,1,0,1,0
2,2,0.763064820091305,-0.325644411927434,2.53002385711238,1,1,1,0,0
14,0,1.76037014970767,0.402959156711987,-0.0359211634339673,0,0,1,0,0
5,1,1.74930675325254,1.27233485403438,-0.229066942310009,0,0,0,0,0
3,1,-0.416009056957035,-0.120728079157787,0.86096340436173,1,1,1,0,0
7,2,1.68946850970871,1.23066596384181,-0.749978352850895,0,1,0,1,1
1,1,-2.94274980540964,0.891874629630737,1.3670788794411,0,0,1,0,0
0,3,-1.266143454921,0.00841038178708129,1.19929327114535,0,1,0,1,0
0,0,-0.800409716384041,0.0496142636625204,1.01680998925192,0,0,1,0,0
4,3,0.47917763790814,0.573313595785564,0.996142227211291,0,1,0,0,0
1,1,1.00996029692545,0.743606737160031,0.60847221541386,1,1,1,0,0
0,1,0.293123461478455,-0.733758040525212,-0.0346990067416139,1,1,1,1,0
3,4,0.591951368015375,0.85631172786773,-1.31598931665199,0,0,0,0,0
1,1,-0.284201839381112,0.584050266681604,-0.750154091627358,0,0,0,0,1
18,3,1.16407253190487,0.924148413721189,0.148503856583551,0,0,1,1,0
3,1,-1.24085788083344,0.829364088332684,-0.330181692256114,1,1,0,0,1
0,1,-0.156045485385272,0.21025492420575,0.212804822370443,0,1,1,0,0
1,2,-1.19964177355525,-1.61036610894839,-0.495288835095188,0,1,1,1,0
3,0,0.492135086824168,0.267472422635917,-0.565396502590551,0,1,1,0,0
2,3,-1.35326020409684,1.02779003288477,-1.29755612806516,1,0,1,1,0
0,9,-0.913784480292944,0.607765950466697,0.958449485975909,0,1,0,0,1
3,3,-0.0298935149088246,-0.991171883262532,0.330493280115417,1,1,0,0,0
0,1,0.119783738181074,0.85210426801534,0.903846925094968,1,1,0,0,0
1,0,-0.724557744767426,0.639550577778062,-1.71011854160958,0,1,0,1,0
1,1,0.407881462032648,0.359129460586799,-1.47380815884372,0,0,0,1,0
1,0,-0.072625651883045,0.940874767381747,0.59770312730714,1,1,1,0,0
4,2,0.511509204610845,0.776062569444667,-0.363103219629781,1,0,1,0,0
9,1,1.56551305870979,1.28748662939472,0.599530840525619,1,0,1,0,1
3,4,0.147918498491,1.02586270598271,1.16263907166048,0,1,1,1,0
4,2,-0.216580823072876,0.233004940757855,-0.398420333527386,0,0,1,1,1
0,0,0.267820858782298,1.5987608490923,-1.67443130530324,0,1,1,0,0
3,3,-2.81602013810235,0.223906610404212,-1.45491968897124,0,1,1,1,0
5,2,-0.0167041833438668,0.068284187329636,0.523803033127829,0,1,1,0,0
0,6,-1.18162813558343,1.12277256981178,-0.121701255000526,0,1,0,0,0
5,0,0.834847956090459,-0.0198130369780932,-0.297910273665929,1,1,0,0,0
1,1,1.75693841224878,-0.429309903073322,0.00951426707287075,1,1,0,0,0
0,3,-0.791323486134429,0.99923057636526,1.50669118975004,0,1,1,0,0
1,4,-0.493089869195688,1.00640680423771,1.10231985794533,0,1,0,0,1
2,1,-0.0108461950329105,-1.37807892631414,0.820531013150675,0,1,1,1,1
1,0,-0.614838472728289,0.0921037864718254,0.5981300266074,1,1,0,1,1
1,0,2.54551611148654,-1.48938105112589,1.05629686745219,0,0,0,0,0
1,2,0.485319662931441,0.32760049416325,1.0401326640669,1,1,1,1,0
0,0,0.782211189871976,1.04168665925141,-1.4882264038649,0,0,1,0,0
1,0,0.611585932174564,-1.1955140408193,-1.90346601815505,0,0,0,0,0
1,1,0.70618640914802,-1.67801172297637,0.332697790271825,1,1,1,1,0
0,0,-0.369911907929272,-0.281286355180279,0.287633156206666,0,1,0,1,0
0,0,0.320990683149451,-1.35530441976083,1.065640703207,0,1,1,0,0
5,0,1.29586955121846,0.487750647528669,-1.2073878929526,1,0,1,1,0
0,0,0.0902815031956456,-1.86600433294348,-0.197955723655223,0,0,0,0,1
0,0,0.988848503891804,0.396924579052134,2.4959090924159,0,1,1,0,0
2,0,1.4834953110493,-0.350953290876979,0.831215788939609,1,0,1,0,0
1,0,-0.60256040720247,0.220994249986742,0.327170340355951,1,0,0,0,0
5,9,-0.570325095225167,-1.01346635776757,0.260173456827548,1,1,1,1,0
0,3,2.09288302879248,0.330991360543226,0.388733898368455,0,1,0,1,0
4,2,-0.551488887177171,1.12448477021835,0.857237032042307,1,1,0,0,0
0,3,-1.25561020378337,1.29185689920288,0.701391953332632,1,1,1,0,0
0,0,-2.1528456779645,-0.208100952500302,0.323276731558769,1,1,1,1,1
1,3,0.111564321298679,0.473177685614931,-1.20427282902187,0,1,1,0,1
6,2,-1.36049030048068,0.33781563249705,0.442579109847914,1,0,0,0,1
9,2,-0.201332759394148,0.814959989541128,-0.306787378181549,0,0,1,1,0
9,4,0.831256617309092,0.761927946535535,-1.1492504649,1,1,1,1,0
4,1,0.285723222072863,0.696748955775265,-0.292310781234566,1,0,1,0,0
2,2,1.97949338400183,0.6376418850472,-0.20500796614089,1,0,0,0,0
2,2,-0.30922592784057,0.80101445815014,-0.658114328938989,0,0,0,0,1
0,0,-0.653677599013642,-0.0509821783016854,-1.37223127283654,0,1,1,1,0
2,0,-1.18054950032171,0.208897055154779,-0.996286825241622,0,0,1,1,0
0,1,-0.482531117941768,-1.81647665010403,1.17311025972541,0,1,1,0,1
2,3,-0.240719134587407,0.0236080015053515,-0.181615529931749,0,1,0,1,1
3,2,0.521897468290883,-1.24245238273294,-0.663368320456311,0,1,1,0,0
0,0,0.584283064683102,-0.010568494278704,0.292964668440969,0,1,0,1,0
0,1,-1.56360200351918,-1.56338705244757,-0.956714301031337,1,0,0,0,0
2,0,0.534876549486829,-0.674418731282058,-0.137307335754179,0,0,1,1,0
0,1,0.385811984584461,0.624832459351277,-0.848569557578319,1,0,0,1,0
3,3,-0.652691335757624,-0.347312339771524,1.6068567833638,1,1,0,0,1
0,0,-2.37798342577961,0.168520755045192,1.99203123294657,0,1,0,0,0
0,0,0.406739380060415,-1.55922427220635,-0.258780980029664,0,1,0,1,0
2,0,2.25256020820343,-0.455165216459403,-0.450422979108296,0,1,1,0,0
0,0,-0.335625836133254,0.673009324732013,-0.0532849327484409,0,0,0,1,1
1,1,0.49427667787641,-1.50384698174092,1.48205235258498,1,1,1,1,0
4,1,-2.19566249064413,1.43193574951853,-1.75108615341919,0,0,1,0,1
0,1,-2.4235039640021,0.167301676125233,0.0611420411928977,1,1,1,0,0
2,2,0.400952317389024,-0.10035728149644,-1.11995690922225,0,1,0,0,0
2,0,1.22425933742179,-0.818921586731297,0.0220279844948273,1,0,0,1,1
0,1,0.212378312807566,-1.38549087432381,0.126942949192902,1,1,1,0,0
0,1,1.59736428190874,-1.98060567468217,0.92250335331961,0,1,0,0,0
1,2,-0.687028037840553,0.404032169339252,-0.582165704646101,0,1,0,0,0
3,0,0.146164233170005,-0.694592840388956,0.68581269994847,0,1,1,1,0
2,0,1.35489081000746,-0.845945409855992,-0.0578840347907695,1,0,1,0,0
11,1,1.75187005492268,-0.606817772772917,-0.321379786144086,1,1,0,1,0
1,0,0.61945327813315,1.12683687306086,1.33999870338781,1,1,0,0,1
3,2,1.01062708826667,-1.03947675366648,0.0958423482012008,1,1,0,0,0
1,0,-0.895877764092684,0.0911677536873399,-1.23071098036482,1,1,0,0,0
2,0,-1.26654879782778,-1.35062035877354,0.160555928098414,1,1,1,0,1
1,1,0.418534257714671,0.180293892753849,-0.134902916944078,0,1,1,0,0
3,1,0.515548880213884,0.757479472361912,-0.788591649990502,1,0,0,0,0
0,0,0.994521302685991,0.561147029873151,2.0409165964941,1,1,0,0,0
3,1,-0.31117195185688,0.0821559587426743,0.349258004998751,0,0,1,0,1
0,0,1.06455578121555,0.110429526148778,-1.85412349332637,0,1,0,0,0
1,1,0.563286350952527,-0.0708817953824188,-0.996642582959491,1,1,1,1,0
0,1,0.407911652576128,0.925838250991766,1.01214016388556,0,0,0,0,0
0,0,-0.220836077241105,-0.245494768586976,0.288003836430991,0,1,1,0,0
1,0,-0.704769030819264,-0.0864479242723187,0.261903598935041,1,1,0,0,0
3,3,-0.684505410237873,1.08113399037418,1.50497024043835,1,1,1,1,1
0,0,0.418477050516136,0.787715922011451,0.0688137434330303,0,1,0,1,0
9,5,0.14256705070936,1.18132086010175,-0.443465181981984,1,1,1,0,0
0,5,-1.08355375895067,2.26013642646302,1.00992362662653,0,1,0,1,0
3,0,1.54667272692914,-0.264161405400681,-0.0658442136266474,0,1,1,1,0
2,0,-0.126445437468708,-0.278067270535872,-0.664291054939996,0,0,0,1,0
0,0,-0.434541419747045,0.92905404490347,-1.99536691058488,1,1,1,0,1
0,0,-0.856421815358293,-0.786799280050638,-0.193191153900782,0,0,1,0,0
1,1,-1.18982400044178,-0.512919561272987,-0.971596609243722,0,1,0,0,0
1,0,-0.111945384832544,2.13723865941245,-0.158805544683127,1,0,1,0,0
2,0,0.198191111658126,0.390055328275831,-0.177255925356654,0,1,1,1,0
1,0,-0.938259386338373,-0.663665373009902,-0.702390807317067,0,1,0,1,0
2,0,0.085112541391996,0.78434976023958,0.282843168616689,1,1,0,1,0
0,0,-0.200586225509708,0.582959847594728,-0.0389442941756765,0,0,1,0,1
0,1,0.881266585417495,-1.3420774771454,0.31101908656837,0,1,0,0,0
2,4,1.0588017601765,-0.130282195065596,-0.350594989269735,1,0,1,1,0
0,1,-0.339452525386901,-1.54550211199807,1.035597596997,1,1,1,0,0
3,1,1.5605860424203,-1.49608610315806,0.682230857554198,1,1,0,0,0
1,3,-0.62461780192739,-0.736515961421495,0.801932143115483,0,1,1,1,0
1,0,-0.376518094091217,-0.725526816832416,-0.296187008633901,1,1,0,0,0
3,0,0.938815680234151,3.10839881280537,0.863701651647663,1,0,1,0,0
1,2,0.72290349009312,1.89404439286385,2.35027736244223,1,0,0,0,0
0,0,1.0564369489039,-1.19712369573251,2.13065422190612,1,1,0,1,0
0,1,-0.832144671558086,-1.13145566564133,1.03042842029586,1,1,0,0,0
2,1,0.00152339785555754,-1.71066872657972,-0.0144253112241859,1,0,0,0,0
1,1,0.514734604582744,-1.10633255873883,-0.297555659997017,1,0,0,1,0
2,0,0.745582041928709,-0.387082672368092,0.0960021255603194,0,1,1,0,1
1,1,-0.164020661263943,-0.437164587247513,-0.497500957855254,1,1,0,1,0
0,0,-0.289770042195861,-1.38884824130059,1.10216457184733,1,0,0,0,0
3,5,1.05872070688396,0.0354446411654955,1.05189426195061,0,1,0,0,1
0,0,1.15609210549748,-0.669012918739614,0.13494713287579,1,0,1,1,0
6,3,0.98865496821167,-0.258895207427854,-0.782289381132598,0,0,1,1,0
0,2,0.201401782103105,-0.958793147757968,-0.663907870889051,0,1,0,0,0
2,2,0.433939913262989,1.38085504880108,0.537273197904316,1,0,1,1,0
3,1,-1.25825744800792,0.230994127836521,1.26679231176742,0,0,0,0,0
0,0,-1.13472786811302,0.113095917478589,0.432045635577416,1,1,0,0,0
0,0,-1.87090014766122,-0.776833433524837,-0.787106140347457,0,1,1,1,0
2,0,-0.190091936340158,-0.837569371895181,-0.635315296217958,1,0,0,0,0
1,0,1.19567650840826,-0.377699605718176,0.0662728432046418,1,0,0,0,1
5,4,-0.844242606604164,0.572520157571837,0.402732275092295,1,1,0,1,0
1,2,-0.355172332996056,0.821444530278396,-0.678076380538035,1,1,0,0,0
5,2,-0.837763529466999,-0.601916430975123,0.749322530434984,1,0,0,1,1
0,1,0.475689523210608,0.496748743968855,0.707631777651138,0,1,0,1,0
3,0,-0.583225622751283,-0.451199243641355,-0.738083712120751,0,1,1,0,0
6,4,0.0652756578074251,0.97082059211565,-1.36934707884584,0,0,1,1,0
6,2,1.52216598108808,-1.30547166105056,0.569868056091489,0,1,0,0,1
2,8,-0.352812492683892,0.010945784553528,-0.0254882534589074,0,1,1,1,0
1,0,0.54785298324622,1.61906436757694,0.21840088311953,1,0,1,0,0
0,1,-0.825308498815594,0.357435561405154,-0.269125470277945,1,1,0,0,0
0,0,-0.2722807749598,-0.322734965323332,-1.00004203197185,0,1,1,0,1
0,1,-1.98093563912763,0.580795481186284,1.7728578572004,0,1,0,0,1
0,8,-0.547297557782216,-0.984103774719188,1.31415882647988,0,1,1,0,1
0,4,1.5666451473335,0.201893312697491,0.930643500231553,0,1,0,0,0
1,0,-0.00494965235661832,-2.72918952930567,0.8768230400143,1,1,0,0,0
0,10,-0.191149846149312,2.13866049334429,1.11418321829437,0,1,0,1,0
1,3,-1.80591444949875,0.0362288430519046,-1.61326891602313,1,0,1,1,1
2,1,1.11538633071321,-1.0249438516809,-0.480738283427998,0,0,1,0,0
2,1,-0.845065535899646,0.121947103619265,-0.823171838226564,1,0,1,1,0
0,0,-1.69425763659727,-0.454755942219905,-1.44389538575402,1,1,1,1,1
7,1,-0.261087103378557,-0.544733782149295,-1.27720192312026,1,0,1,1,1
1,1,0.38206117037693,-0.120670812903411,1.94238025624813,1,1,0,0,0
0,2,-1.58342753812474,0.770703390210253,-0.782793845077136,0,1,0,1,0
8,0,0.284875976044415,-1.22662033506844,-0.601251709416415,1,1,1,0,1
5,0,1.03353387766538,-0.723578643432497,-1.05026133254447,1,0,0,1,0
3,8,-0.639220622930289,1.40614430971653,-1.20976992119192,0,0,0,0,0
4,1,-0.692388435330975,-0.175385179657688,0.376671378037582,1,1,1,0,0
2,3,0.592888231497752,-0.0522031206504722,0.940502023353269,0,0,0,1,1
1,0,0.61592701359411,-0.958890693289403,0.161106759113921,0,1,0,0,0
0,1,-1.2193651617018,-0.145216975597343,-0.382459752348482,1,1,0,0,0
1,0,-0.990550745288588,0.132817007511075,1.17455860588838,1,0,1,1,0
0,1,-1.02471790499316,-0.210195349208695,-0.216519502819453,0,1,0,0,0
1,1,-0.912491026962567,0.953897878467714,-0.62268773327888,0,1,1,0,1
0,2,0.14229564226694,-0.409742425471556,-1.3454568097761,0,1,1,0,0
0,0,-0.232162200010209,-1.46067296766558,0.195822263401787,1,1,1,0,0
7,1,1.15104741289171,1.05416188004662,0.362630522942974,1,0,1,1,0
1,7,-0.624154725701332,-0.895836711105146,0.302072875153803,0,1,1,0,0
6,0,-0.46709029947906,0.709117890267456,-2.31572805117607,1,1,0,0,0
2,0,-0.0464638017405878,0.507527959664072,-0.338799671984052,0,0,1,1,1
0,0,0.450825126083784,-0.559212419607301,-0.813365985307493,0,0,0,0,0
0,0,0.605874229792338,-1.37410410332128,1.2256166552988,1,0,0,0,0
4,1,0.699745644766466,-0.44584374498795,-0.740656266692151,0,1,0,0,0
2,2,-0.186610014148358,1.77550355274155,-0.282352730764051,0,0,1,0,0
1,1,-0.503145510496249,1.13364238123138,-0.933647756776326,0,1,1,0,1
3,3,-1.18293325166108,-0.896843507677899,0.398658973818692,1,1,0,1,0
4,3,-0.0677754832507183,0.716939299058774,-0.761344212762842,0,1,1,1,0
0,0,-0.416194485152605,0.129352572892161,1.88697794062777,1,1,1,0,0
1,2,-1.19136157396636,0.861044471191543,-0.577851719669609,0,0,1,1,0
2,1,0.677002097342423,-0.50281379241939,0.279066573491394,1,1,1,1,0
3,3,-0.94258486792406,-0.968284605854368,0.0733884261738913,1,0,0,0,0
1,0,0.300612324944467,0.61224652963499,-0.124545856937612,0,0,1,1,0
2,0,0.91110748172611,0.47839079485613,0.59303710405321,0,1,0,1,1
2,1,-0.612234449322917,-0.32158369424438,-0.17190322742435,1,0,1,0,0
3,8,0.69996381544511,1.71844433994529,1.35790608484174,0,1,1,1,0
0,1,-0.823224173318352,-0.306549441541263,-0.0505746994130988,1,1,0,0,0
2,1,0.264675255317347,0.223125478659953,-0.484904056792045,1,0,0,0,0
3,2,-1.7072270517212,2.08918923889234,-1.39384444010378,1,1,0,1,0
4,3,-0.486213399099386,1.28916600952182,-0.822747687031457,1,1,0,0,0
9,7,-0.67126910255229,0.498364857132491,-0.609257729811848,0,1,1,0,1
2,3,-0.359690188470882,0.219670904627811,-1.41994464378178,1,1,1,0,1
2,1,-0.814620491580263,1.40151683533018,0.322195788466959,1,1,1,0,1
1,1,0.383055743947942,0.681371431321932,0.55887581602483,0,1,0,1,0
0,2,-0.4408081811439,-0.221503736141238,1.54607029327369,0,1,1,0,0
3,1,-0.0360796566439716,1.37861901142726,-1.52489224851472,1,0,1,1,0
2,4,-0.0313789000863679,0.740234914881161,1.69322460833619,1,1,1,0,0
0,0,1.41594296566975,0.026310846959838,-0.418121416029642,1,0,1,0,0
2,0,0.939796170154364,0.815008876946715,-1.59977728354943,0,0,1,0,0
2,0,0.0457585318129973,-0.0665544405001965,-1.34542611372718,1,1,0,0,0
1,2,-1.78532973539802,-1.02204605695924,-0.183207488646776,0,0,1,1,0
4,7,0.416887847902556,-0.234371048113422,0.252284581391201,0,0,0,0,1
0,1,0.728890230140171,-0.0624787404386519,-0.154933922244026,0,0,1,1,0
0,1,0.824706795698805,0.185487122176693,2.20445922769534,0,0,0,0,0
4,1,1.65807961257995,0.473913345341081,0.639624262127256,1,0,0,0,0
0,2,-1.06189850448667,0.119650706016306,-0.195351834739948,1,1,1,0,0
2,1,-0.955397719818488,-0.639066399833515,-0.15613811378202,1,1,0,1,0
3,2,-2.00485354198358,-1.64159942562091,-1.2647677065046,1,1,0,0,0
1,1,-0.627297848440402,1.21596422141981,-0.168083133155219,1,1,0,1,1
0,0,1.27446816585064,0.121772885595735,0.659227157999017,0,0,0,0,0
1,3,-0.17638879218165,0.864197596644818,-1.25668976457909,0,1,1,0,1
1,3,-0.733945450649482,-0.22505385015587,0.109298147080119,0,1,0,1,0
0,0,-0.244637347226725,-0.970710381859143,1.01455024892745,1,0,0,0,0
0,0,0.171289637961977,-0.105986446109483,1.1990891174111,0,0,1,0,1
7,3,0.417091158891349,-0.164692046797454,0.65554812719903,0,0,1,1,0
1,0,2.18918387208714,-1.20453045949012,-0.883189121757445,0,1,0,0,0
8,2,0.320512674265625,0.0513261508142413,0.594496114401022,1,1,1,1,0
1,3,-1.77785117608805,1.84985001486688,-0.306942739740105,0,1,0,1,0
1,0,-0.72015411385551,-0.128660643966844,-0.379097674608596,1,1,0,0,0
0,3,0.189038084184663,0.495516033737196,-0.428999935791063,0,1,1,0,0
6,6,0.536308717886828,0.432416253837869,1.8350608164228,0,0,0,0,0
2,1,-0.98466408110742,0.0969445421476203,-0.509965537137185,0,0,0,1,1
3,3,-0.610601416671141,0.468981474380135,0.0134889522097776,1,0,0,1,0
0,0,-0.424870749957286,-1.74568830964596,0.968838013921723,0,0,0,0,1
0,2,1.67438744098007,1.5301218157439,0.319014240627721,0,1,1,0,0
1,2,-0.330031716126817,-0.481907798673484,0.777149599513363,1,1,0,1,0
2,0,-0.250949336412826,0.539192518580596,-0.776742744759212,1,1,1,1,0
0,0,0.965358359474007,1.44851250981539,-0.144905872097387,1,1,1,1,0
6,3,-2.24755066244516,-1.22993710829329,0.410687074227068,1,0,1,0,0
0,0,1.64255189582833,-1.09453410000943,0.492152334816737,0,0,1,0,0
5,3,0.413803562938509,-0.950800570067951,-0.706798105867038,0,1,0,1,1
2,1,-0.143698488729295,-1.1371769344215,-0.989362862088238,1,0,0,1,1
0,0,0.946668528415407,0.141269225589234,-1.04574464968946,0,0,0,0,0
2,4,-0.401448940866976,1.85491991070592,1.90601120301621,0,1,0,1,0
0,1,0.606421638374114,0.812361226779591,0.188790395715806,0,1,0,0,0
0,2,-1.80576210559434,-0.637403090600134,0.605220426786445,0,1,1,1,0
0,0,-0.247634352008004,-1.36605954854224,-0.0330907541557917,0,1,1,0,0
0,0,-0.348629864519372,0.143974302815059,-2.09468060479049,1,1,0,1,0
2,0,0.34870924676144,0.832967623027218,0.141461423375024,0,1,1,1,0
5,7,1.93149017512187,0.233525878048283,0.0405948811012102,1,1,1,0,1
3,1,1.19878377753428,-0.513056749457277,-0.570701982225076,1,0,1,0,0
2,1,0.292123991756835,1.03329087592538,0.163172558021201,0,0,0,0,0
0,0,1.26560510932534,-0.342715110645688,0.0958911310425844,1,0,0,0,0
2,6,-0.287445757008615,2.32567963248253,-1.95622523883498,1,1,1,0,0
4,3,-0.211517481611432,0.196795753198235,-1.19664428647704,0,1,0,1,0
1,0,1.0734755284719,-0.631670593928116,0.203474296261513,0,0,1,0,0
1,0,1.15827044774557,0.459447908482025,-1.16270262907617,1,1,1,0,0
3,7,-1.84214356352363,1.31711988242165,0.726022615129743,1,0,0,1,0
1,2,-0.703841165726905,0.0843729044673097,-0.248065484818616,0,0,1,0,1
1,1,-0.0250934345692399,1.85822742618484,0.786958925559207,1,1,1,0,0
7,1,-0.74881540099082,-0.701547648407793,-0.844167721898827,1,1,0,1,0
2,1,0.603299857940848,-1.03627806482483,-1.43229412799919,1,0,0,0,0
3,0,-0.828659167066755,-0.122037272296532,-0.443872966648815,1,0,1,1,0
2,1,0.244471987738478,-1.07141784578951,0.11668871118026,0,1,1,1,0
5,1,1.35170653989305,2.14646915963885,-1.32869192040069,0,1,0,0,0
1,0,1.00803945648194,-0.162075882607659,0.40719320221255,0,0,1,0,0
5,3,0.20195035357413,-0.194089497917582,-0.913359825682332,1,1,1,1,0
1,3,-1.30713879396781,-1.6281524313357,-0.171787300358374,0,1,0,0,0
4,4,-0.632677062796412,0.26335496363758,-0.335387978330844,0,0,1,1,0
1,1,1.18281429872382,-0.700743650257443,-0.709354784456852,1,1,1,0,0
0,0,-1.29733594523393,0.073204287607544,-0.445148721731655,1,0,0,1,0
2,2,1.14695649922816,1.0371541678056,-1.62394323809413,1,1,1,1,1
1,1,2.04264251007128,0.530685692878298,0.627212592740668,0,0,1,0,0
1,2,2.03846118860277,-0.643454113096792,-0.908197118131184,0,1,1,1,1
0,2,-1.57109080581571,1.65840287398465,0.573523065338855,0,0,1,0,0
4,2,-2.64793076313574,2.34088394397605,-0.952260643786754,0,1,1,1,0
1,0,1.54476527339259,-0.403076460261593,1.00138695805152,0,0,1,1,0
0,0,-0.858396891976395,-0.253766598192764,-0.195230504275789,0,1,1,0,0
0,0,2.70753763301521,-0.00111681688811063,0.639689724044444,0,1,1,0,0
3,0,0.691018111037462,0.111256080985534,0.551360079392159,0,1,1,1,0
0,0,-1.2487730872691,-0.751807546033206,-0.806430602110166,1,1,1,0,0
1,0,0.0421911660030559,0.309800532468826,2.6873680948214,0,1,0,0,0
1,1,0.711602399400041,-1.11813419747494,-0.226903711073907,1,1,0,0,0
0,0,0.476058326524798,-1.15292778750421,2.047319802865,1,1,0,0,0
2,0,0.190322603535372,-1.12613840130943,-0.937277343921527,1,1,1,0,0
1,0,1.28581098202642,-0.506625580785242,-0.452255708024339,1,1,0,1,0
0,0,-0.211171128210429,-1.78602001002117,-0.70705603674423,1,1,0,0,0
5,3,-0.429871935546398,-0.448843523007038,0.529426279372132,0,1,1,0,0
1,2,0.756842477479028,0.170900993074183,-0.995360069232219,1,0,1,0,0
8,6,-0.779716174341193,-0.625691111005378,0.280733601533538,0,0,0,0,1
0,3,-0.267262310276107,0.405034671544352,2.69922255603454,0,1,0,1,1
1,3,1.29993158516568,2.05769959462109,1.75037541344802,1,0,0,0,0
3,1,0.743184225108081,-0.447141320580725,0.445117489741296,0,0,0,1,0
1,0,0.516777882889055,0.517624719904382,1.73319863528942,1,1,1,0,0
1,0,-0.46067863699364,-0.333006365136997,-0.569851623588196,0,0,1,0,0
10,3,-0.000351870774866663,-0.0646889574957238,-0.877834374854298,1,1,1,1,0
2,0,0.765442611292012,-1.50942776274709,0.167508410787536,1,1,1,1,0
0,1,0.883138375323637,0.785970679037705,-0.0772464646489791,1,0,1,0,0
2,1,-0.513846782752128,-0.314572963785788,1.5725613395925,0,1,1,1,1
2,0,1.54624552591211,1.37835719132634,-0.74914023063098,1,0,0,1,0
0,1,-1.31413791153569,-0.596207540300014,0.22924152008867,1,0,1,0,0
2,1,0.722367813165048,0.516282795595523,0.0287417524002119,0,0,1,1,1
2,0,1.82671956789497,1.0514731079819,-0.385834202109911,0,0,1,1,0
0,1,-0.65281096884763,-0.262038690822531,-0.479336238914018,1,1,1,1,0
0,0,-0.745642004042877,0.00715402730464163,-0.829547403635894,1,0,1,0,1
2,1,1.20421345575403,-1.13120673087123,-1.02483441714552,1,1,1,1,0
3,2,0.526816673264546,0.994356086294962,-0.277649163885459,0,1,0,1,0
1,0,-0.146343731371424,-0.510030472360873,-0.119307804588595,1,1,0,1,0
0,1,-1.40053513377826,-1.42563485521117,-0.110443808070975,1,0,1,1,0
2,1,-0.162259690227921,-1.83598829691434,0.213146400215741,0,1,1,1,0
8,5,0.709551434967939,1.38326546330367,2.08935453065824,1,1,1,1,1
1,2,0.976739576288283,2.74481799288422,-0.767114270912387,0,1,0,0,0
0,0,0.646299742147487,2.08315156549453,0.357826700307189,0,1,0,0,1
4,0,0.870257352151298,0.495414475969405,-0.777842460816702,1,1,0,0,1
3,2,-0.312780971707444,-0.826165872106578,0.108562239232761,0,1,0,0,0
2,0,0.86872253525708,-0.738020180863551,0.903870471273199,0,0,1,1,1
0,0,-0.76990769520047,0.928334229455918,1.6348748339541,0,1,1,0,0
1,1,-0.408552525499681,-0.875616095095955,0.498110511268275,0,1,1,0,0
11,2,1.97237642385972,-0.91205551328215,1.27131872520478,1,1,0,1,0
0,1,1.07620209484523,0.673217668364985,1.96303749711255,0,0,0,1,0
0,0,0.642208281026871,0.0998087198758658,-2.19844754446789,0,0,0,0,0
1,2,-0.207592134031543,-0.260027518729844,-0.018229848838759,0,1,0,0,0
0,2,-1.47106498213943,-0.0437321151413793,2.04131086949925,0,0,1,1,0
0,2,-0.633215796791867,-0.150660422940066,-1.1592621417795,0,1,0,1,0
5,1,2.87391065118475,-2.8703879940381,-2.04153889950918,1,0,1,0,0
4,7,0.520896804419143,-0.838249434168619,1.35683460157211,0,0,0,1,1
1,4,-0.271784317671641,-1.52278613457726,1.4709830308267,0,1,0,1,0
2,0,1.15405795097492,0.565674340719374,-1.44474482345978,0,0,0,0,0
0,0,0.0581283940249731,0.627312473102406,2.1049471480757,1,0,0,1,0
0,0,-0.579221875333583,0.455158747150053,0.60530817342455,0,0,1,0,0
0,0,-0.937780784940981,-0.241299665195089,0.53486534367884,1,0,1,1,1
0,1,-0.157760565819347,-0.808700992194472,0.99749033038447,1,1,1,1,0
4,1,-0.206403561056566,-0.59281265825942,-0.104214586024613,0,0,1,0,0
0,0,-0.577553317147628,-2.48241585390925,0.123768020692076,1,1,1,0,0
7,1,1.09821342048529,1.47003192633759,-1.59122476191078,1,0,1,0,0
1,0,0.0745948844505225,-1.29195886587891,0.823821250362024,1,1,1,0,0
0,2,-0.510643867297006,-0.668382701545889,2.1795324256171,1,1,0,1,0
5,3,-0.426044007983561,-0.423062009685385,-1.07185920161829,0,1,0,1,1
1,2,-0.0953560355329337,-0.258612602695794,-0.0580014899496027,1,0,1,0,0
2,0,-1.11326744767268,-0.0543600656770155,-0.711204670911006,0,0,1,0,0
0,0,-0.608733005183962,1.55868978970486,-1.89957293478112,1,1,1,0,0
1,3,-0.889648936456251,1.09223379964014,-0.400822437800333,0,0,1,1,0
1,3,-0.986170540129697,0.927802169830219,0.431370916909768,0,1,1,0,1
1,0,0.480723346216285,0.939103656306787,-0.516665118785408,1,1,0,0,0
1,2,-0.649876196514745,-2.31414976934224,-1.20770021114685,1,1,1,1,0
1,0,1.53610974215327,0.000338557834222684,-2.30944552947823,0,0,1,0,0
3,1,1.17905864108906,-0.514721983341923,-1.64693461122809,1,1,0,1,0
0,0,-0.1905809190778,0.379512649388173,1.25896810645452,1,1,0,0,0
3,3,-1.72298539604192,-0.815074794271672,-0.217111880368665,1,1,0,1,1
1,0,0.703929669678932,-1.09208751241212,-0.472219459755284,1,1,0,1,0
0,2,-1.96288984946526,1.71228277151816,-1.07007602391819,0,1,0,0,0
1,4,-0.866260934845163,1.1840502731271,1.6425849682173,1,1,1,0,1
5,0,0.368811553794104,1.12991216996344,-0.306434122827105,1,1,1,1,0
0,3,0.265259852379268,0.143314392361813,-0.328514619645624,0,1,1,0,0
1,3,-0.283806052904595,1.03763478096463,-1.02115605826996,0,1,1,1,0
3,1,-1.0615853087411,-0.110712401745549,0.331232467036054,1,1,0,0,0
0,0,-0.0924457394968605,-1.01273839052987,0.0229817039940595,1,1,1,0,0
8,2,1.44561755610035,-0.452894456339871,0.22605794534269,0,1,0,0,0
0,0,0.735112188926201,0.201410789209659,0.798005514784922,0,1,1,1,0
7,4,0.893184430513492,0.315460043943474,-2.09806371350841,0,1,0,0,0
6,2,0.458574045428788,-0.551660785553301,-1.09967956032988,1,0,0,0,0
0,0,0.360718713687225,0.501264021635526,-0.583719245588964,1,0,1,1,0
1,3,0.806344243803638,0.678901080989739,1.25097753583681,1,1,0,0,0
8,5,1.80172161610281,-0.667750029229924,-0.483950193556092,1,1,0,0,1
1,1,-0.748221793275879,-0.495674627264292,-0.373807289183075,0,0,1,0,0
3,3,-0.0430015573517643,-1.69611906607868,-0.919180987492491,1,0,0,0,0
4,1,0.205389731274827,1.34220451191292,0.313567713467506,1,1,0,0,0
0,2,3.3558849431699,-1.04994750550483,0.607569967479115,0,1,0,0,0
5,4,-0.252415349622669,0.566413986526095,-0.558721738546691,0,0,1,0,0
8,4,0.899538485125046,1.06457356382221,0.717452839422932,1,1,1,1,0
2,4,0.0648915958820954,1.24188002092656,0.958751949937585,1,0,0,0,0
4,1,0.182694032614801,-0.0601518223581441,1.26496528868384,1,1,1,1,1
1,1,-0.240052218498846,-0.741215705409445,1.05884046468019,0,0,1,1,1
0,1,-0.178303173507147,-1.37668940549547,0.842398534662071,0,1,0,0,0
9,3,0.329369813000974,-0.146593002111351,-0.769706320972037,0,0,0,1,1
1,0,1.33480790485541,1.10140661726523,0.34700434937988,0,0,1,0,0
3,3,-0.184534168717239,-2.43678258735704,0.625849578148064,1,1,0,1,0
2,3,-1.97577445681336,-1.68779845422146,0.449631961426058,0,1,0,1,1
0,1,-0.92104409397353,-1.17960792581409,-0.07693194731979,0,0,1,1,0
3,1,0.662281105514073,1.77746335478332,-0.608285719043772,1,1,1,0,0
0,1,-2.09714998787055,-1.33636258734158,0.591321693774912,1,1,1,0,0
3,4,-0.800580231172116,-1.04534005990989,-1.16732798569409,0,0,0,0,0
1,4,-0.347960903122107,0.25411734455148,0.900564437689003,1,0,0,0,1
4,2,-0.295867232229113,0.513491169012474,0.709753095074894,1,0,0,0,0
2,0,0.874014483448947,1.17567756072493,0.882773634854571,0,1,1,0,0
1,2,1.23562594729569,-1.18313063190699,0.218345007283207,0,1,0,0,1
0,0,-1.61371267208502,-1.84067131509129,-1.08438438237117,0,0,0,1,0
2,1,0.0356126692172739,1.15262823558921,0.489515009319818,0,0,1,0,1
1,3,0.17981310887758,1.34234504889516,-0.47306468304642,1,0,0,0,0
7,2,-0.408704833122767,-0.615643282370181,0.190346018241733,0,1,0,0,1
9,4,1.82768369770579,1.64804652425586,0.861493745835128,1,1,0,1,1
8,1,0.0226077539099362,-0.556294132353708,-0.336711292466097,1,0,1,0,1
1,3,-0.0829315961948414,0.185988910035215,1.53307496137519,1,1,0,1,0
1,2,-0.606888316310687,1.73631575288605,1.03350071322235,1,0,1,1,0
1,1,-0.321285756764427,0.705379343184906,1.09239205162212,0,0,0,0,1
4,0,0.707977606277648,1.29537223558086,-0.799913176238934,0,0,1,0,1
6,8,-1.27461468783001,0.0932757550523293,0.653113235283009,0,1,0,1,1
1,1,-0.257066176489854,1.31260697106379,-0.586817480034214,1,1,1,1,0
4,3,0.476300435733825,0.264986552494552,0.253307914346328,1,1,0,1,1
0,2,-0.380674957130158,0.987452445915009,0.119410472034238,0,1,1,0,0
7,8,-0.782661212503179,-0.898298724361272,1.16581618368623,1,1,1,1,1
1,0,-1.52462708528852,-0.0527742252269976,-2.33215583835793,1,0,0,0,0
1,0,0.277726114244022,-0.0959994195927448,0.636816471668569,0,0,0,0,1
0,0,0.0394118489332847,-0.552313868301581,0.512146002709914,1,1,1,0,0
3,1,0.156137456168792,-0.368498900209549,1.09497817198511,1,0,0,0,1
1,0,-0.971109218624875,-1.79238305599403,-0.339887935555613,0,0,1,0,0
1,0,0.388149768027438,0.312005437868521,-1.01115332072121,0,0,1,0,0
0,0,0.526986333192588,-2.09837829389051,-1.64283530130891,0,1,0,1,0
2,0,-0.00331772716993636,-1.06659618821668,1.04649746027816,1,0,0,0,0
5,0,1.69310240911122,0.0712064611053231,-1.56784218198663,1,1,0,0,1
7,2,-0.0151311227493395,0.28400235697264,0.14398706861484,1,0,0,1,1
4,5,-0.409688879508416,1.23924848081295,-0.492332341558815,1,1,0,0,1
2,0,-1.31087193490804,-0.13756826827546,-1.30813524253003,1,0,0,1,1
6,1,-2.56826193425433,-0.764040483600527,-0.455616588015341,0,0,1,0,0
4,3,-0.888159696099141,0.930989399949207,1.49368134296853,1,0,0,1,0
3,0,1.33435018843346,0.112116812425369,-1.36851754661657,1,0,1,1,0
3,2,0.722350214902062,-1.246958564061,0.489706623588073,0,1,0,0,0
1,1,0.541807516672508,-1.76380195798886,-0.711105397064479,0,1,0,1,0
0,1,-1.15351364139949,1.13900131429294,1.1955115622578,1,1,1,1,1
6,3,1.4034670419408,0.0150576859978364,-0.464163700102499,1,1,1,0,0
0,1,1.10959207133377,-0.0277942843057801,0.0546483002878807,0,1,0,0,0
4,3,0.506707724538625,-0.668606055897753,0.478935861387092,1,1,0,1,1
0,12,-0.610476875574241,-2.24922800200787,1.0488529514228,0,0,0,0,0
1,1,-0.965056752486459,-0.850479858394423,-1.56751799344183,1,1,1,1,0
4,2,0.693683030249613,1.28132898510637,-0.248365418715502,0,0,0,0,0
1,0,3.26108735518837,-0.89774611152187,-2.1252923031721,0,1,0,0,1
0,0,0.370237131466944,-0.0944704858018192,-0.861918310086652,0,1,1,1,0
0,4,-0.399536647869031,0.569584998525689,0.77037310777615,0,1,0,0,0
0,0,-0.219060267876828,-2.09216185083939,1.02277220899214,1,0,0,0,0
0,3,0.309895168487149,-1.13365966202816,0.571252071215651,0,1,1,1,0
1,0,-1.22564393219222,0.979790801267409,0.602544147643269,0,0,1,1,0
1,0,-0.957745713663171,-0.549107706174081,0.359931610124807,0,1,1,0,0
0,0,-0.141322324457679,-0.0734720761137904,-0.938532093965753,0,0,1,0,0
0,0,-2.14510827040904,-0.558927285485768,-1.21853265507632,1,0,1,1,0
2,1,1.46564864930251,-1.20000381604901,-0.799448031108393,0,0,0,1,0
4,0,0.768172658198336,-0.0437296866290559,-0.18169008541291,1,1,1,0,1
1,0,0.269633491894134,-0.24592424705512,0.253233861317286,0,0,1,0,0
2,0,-0.0506901167801118,-1.00317487525213,-0.587140840010166,0,1,1,0,0
12,3,0.197449217201098,1.03545689191245,-0.234612228522016,1,1,0,1,1
0,0,-1.29331624841387,0.140310147282584,0.922400580900537,0,1,1,1,0
3,1,-0.147976065750412,-0.281798830354599,-1.28443821317675,1,1,1,0,0
0,0,0.786299254417609,-0.650896454968588,-1.30510164384971,0,1,1,1,0
3,1,0.461789601110012,0.856665975670631,-1.47581004952925,0,1,0,0,0
0,1,-0.92577542761518,-1.97960537971439,-0.656027892531956,1,1,1,0,0
2,1,-1.15486556445953,-1.95046433766714,-0.952870699116414,0,1,1,1,0
1,4,-0.571894454167608,0.865897678567985,1.6386846170441,1,0,1,0,0
2,2,-1.44411212275431,-0.656798517504405,0.879426147138371,1,1,0,1,0
3,2,-0.376182904561682,0.697783195538794,1.57860740267855,1,1,0,0,0
0,0,1.6297318560685,-1.15429859309853,-0.324962800946224,0,1,0,0,0
3,0,-1.05807736561208,0.649443693960403,-0.888462701554029,0,0,0,1,1
3,2,0.87441153985609,-0.471311180977454,0.476076137767967,0,0,1,1,0
1,0,0.199286715535093,-0.584956906014034,-0.72422800139118,0,1,1,0,1
9,4,-0.0401193856744139,2.12943079436456,0.624385621198947,1,0,0,1,1
0,0,0.696745900608594,-0.900748601073779,-0.481203540699676,0,0,1,1,0
0,1,0.0367504159372978,1.20195928987289,0.473979509263996,0,1,0,0,0
4,2,-0.675019289652052,0.470467416689062,2.74603988824855,1,0,1,0,0
0,0,-0.70695454043884,-0.666635000767402,-0.751551963469771,1,1,1,1,0
3,5,-2.3820026941059,0.742339827704675,-0.871643417315633,1,0,0,1,0
2,0,-0.054996454084011,0.606888707833788,-0.980845572241916,1,1,1,0,1
3,0,-0.11348388686108,0.112259238365393,0.211117102984656,1,1,0,0,1
3,2,-1.29537854904479,-0.958180328081838,-0.312610230197881,0,0,1,0,0
2,3,0.503951162006638,-1.02170665089383,1.16754367242345,0,0,1,1,0
0,1,0.0243676763999216,1.33616051154503,1.62096661444757,1,1,0,0,0
2,1,1.05511252235005,1.11685837889357,0.293698402411884,1,0,0,1,0
4,5,0.771982378249395,0.195037960069815,2.05840391758469,1,1,1,0,0
1,0,-0.269787939450303,-0.0503828677676867,1.0906746437473,0,1,1,1,1
3,5,1.69271845408691,1.16224326357487,-0.984294393283867,0,1,0,0,0
3,3,-0.333830544952775,-0.551051247496016,-0.702715507868661,0,1,0,1,1
0,1,-0.822356043400667,0.665418481798026,0.839831714452534,0,1,1,0,0
1,1,-1.81372360916352,1.00867604784047,-1.12437284246645,0,1,0,0,0
5,0,1.21123327010844,0.265825939616367,-0.245001684692217,0,1,0,0,0
1,1,-0.76113566448093,-1.56955351271766,-0.350388784752414,1,0,0,1,0
0,0,1.75497701639223,-0.29324258287553,0.560730373929822,0,1,1,0,0
26,6,1.4570124185321,-0.377742870965457,-0.58578846561795,1,1,1,1,1
0,2,-1.93016975331352,-0.909230121618638,-0.0682303053206956,0,1,0,0,0
1,1,-1.49657742091442,-0.117663499485015,0.382138954272092,1,1,0,1,1
0,0,0.552706863940029,0.0989047183230583,1.07085593321322,1,1,1,1,1
0,1,-0.892975650968532,0.862527412407904,-0.692714421046334,0,0,1,1,0
4,1,0.998140482024059,1.06015049106387,0.654275676225291,0,1,1,0,0
6,1,1.60950077685461,-0.545473593171627,-0.634789072219579,1,0,1,1,0
4,1,0.499949445918629,0.187814193837298,1.04826295166685,0,0,1,1,0
2,0,-0.724502250829059,-0.374712017835749,0.581355149028976,1,1,1,0,0
0,0,-1.02434492727305,-1.27704540299269,1.69169596092544,0,1,1,0,0
2,1,0.61609719916992,0.0672158478411092,0.0726464134769537,1,1,0,1,0
0,1,-0.00807826270347723,-1.05277984077179,-0.782904530648261,0,1,1,1,0
1,1,0.437098450094648,1.14111248699431,1.00966629886169,0,1,1,1,1
1,0,0.220466261652473,2.00968088478628,0.484247346257083,0,1,1,0,0
0,0,-1.15625060476187,-1.42926020539369,-0.000224926021817096,0,1,1,0,0
2,2,-0.0849897930338969,0.145458693880448,0.849857944244697,0,0,1,0,0
3,4,1.25690626497272,-0.693964010110025,-1.6177178149606,0,0,1,0,1
5,0,-0.408448050713056,-0.18635941481963,-0.807429557828648,1,1,1,1,0
4,0,1.37236343881206,-1.58955974893364,-1.50752909761774,1,0,0,0,0
8,0,-0.145872439184755,0.19346620646226,-0.508042489002111,1,1,1,0,1
2,1,0.760665650541484,0.713675335875774,-0.160470191226081,0,0,0,1,0
1,1,0.390689218476427,-0.555911878065903,-1.24915253531637,1,1,1,1,0
1,0,1.12899419794808,-0.432001904937941,0.310071408857322,1,1,0,0,0
7,0,0.667675279753659,-0.18720226685136,-1.90258052729663,1,0,1,1,0
1,0,0.297157858529724,-0.435657545345387,-0.208481098949144,1,1,1,0,0
4,6,-0.83648636052154,0.0809269567905197,-1.83263140333526,0,1,1,1,0
2,1,-1.03224011224938,-2.0003803632216,-0.450585695718558,1,1,1,0,1
1,1,0.657034167781462,-0.913273784894113,-0.536294024777363,0,1,0,1,0
4,3,-0.121065132535808,1.12072840966372,1.54263457201333,0,1,0,0,0
26,1,1.81642517711158,0.803580342264562,0.00223400789106477,1,0,1,1,1
2,0,-0.0601784271329621,1.06746400678268,-1.2242125341321,1,1,0,0,0
7,3,-0.355310679230467,0.0567150536643878,-1.67519436926455,1,1,0,1,0
8,7,-0.732278629612841,-0.0960570226223153,1.00176536294485,1,1,1,0,0
1,1,-0.848129950267758,0.554010693191874,1.17359128353741,1,0,0,1,1
0,1,-1.21709979790514,-0.206723100003339,1.12316953795831,1,1,0,0,0
1,2,-1.11614131292286,0.0969981354422962,-0.295128216834973,1,1,0,0,0
0,2,0.0882861604529333,0.313211206790887,1.16240083691188,1,0,1,0,0
0,2,-1.62448988091756,-0.201190517126928,1.21723013138192,1,1,0,0,0
1,2,-1.25210771478834,0.337933902553219,-0.0748293627704638,1,1,0,1,1
3,2,0.632069737048954,0.182743563059332,0.637225177107552,0,0,0,0,0
3,2,0.793895942032552,-1.16147490416258,-1.14887483417254,1,1,0,0,0
16,2,2.1290627157871,-0.312022617390317,-0.735322429953778,1,1,0,1,1
4,1,0.0114509657121867,0.404933236105803,1.05204588575503,1,1,1,0,0
1,1,-1.57357236860145,1.33563438885937,0.092735023789154,1,1,1,1,0
2,1,-0.74159233275755,-1.11250606294777,-0.608272781130324,0,0,1,0,0
1,0,-0.695172875869636,-1.77034417241186,-1.24701155667148,1,1,0,1,1
1,0,0.185754526081573,-0.939665546815143,0.0458312868596201,1,1,1,0,0
0,0,1.14681719787317,-0.766193563573697,-0.133894207160274,0,0,0,0,0
1,2,-0.84355182982381,-0.399217246119948,-0.183872166459529,1,1,1,0,0
0,0,-0.132201616368516,-1.87904541345325,0.58182725380794,0,1,1,1,0
0,0,0.772911110693477,0.610431801073558,1.1231089402933,0,0,0,0,0
0,0,0.403169150149291,-1.09557056357866,-1.22354380365974,0,1,0,1,0
0,0,0.736791831170356,0.287026728887058,0.531823686208737,0,1,0,0,0
1,2,-0.199795882506591,-0.348329813446076,-0.315117400369929,1,1,1,1,0
5,0,0.410946710413137,0.523437640290548,-0.452598063692895,0,1,1,0,1
1,1,0.733066785913681,-0.835426290794925,1.10183354485956,0,0,1,0,0
5,0,1.14378084028366,-1.40899833001924,1.42014703985682,1,0,1,0,0
0,0,0.245632678161044,-0.584117061406937,-1.00329225501951,1,1,1,1,0
0,0,0.147248343921935,1.08174684594476,-0.118532749691282,0,0,0,0,0
1,1,0.330023219448879,1.11544478987054,-0.426143079095967,1,1,1,1,1
1,0,1.00775998107167,-2.36312452061962,0.982195997770633,0,1,1,0,0
1,1,-0.00124706195576637,0.0129654895309012,0.0753308716310274,0,0,1,0,0
5,3,0.608602691662537,0.254162571696469,-0.140606027025193,1,1,1,1,0
4,1,0.684004742650055,1.07310229880701,0.504468534560196,1,0,0,0,0
1,1,0.602028959578525,-0.646403434008414,-0.915950862676624,1,0,1,0,0
2,5,1.0838943587068,1.86652984059749,-0.852661374276694,0,1,0,1,0
3,0,1.34895282184123,-0.0246077461566364,0.213520941284213,1,0,1,0,0
3,0,-0.591775493865457,0.404533704697036,-2.1124870160331,1,0,1,0,1
6,1,0.764955113223954,-0.498892532882158,1.39202381600656,0,0,1,0,0
6,4,1.59979240633786,-0.0484098007575004,-0.458796309907605,1,0,1,1,0
1,0,0.398186049653024,-1.68651582841058,0.0489625639141892,1,0,0,1,1
3,7,-0.732564504905769,-0.597350165699616,0.213406159556287,0,1,0,0,0
4,1,0.907301733060304,1.21260134135782,0.147706084287372,1,0,0,1,0
1,1,-0.788900334834229,-0.839748130714837,-2.11064082500464,0,1,0,0,1
3,1,-0.802148884755407,-1.30219778748785,-0.631615346964489,1,0,1,1,0
4,4,-0.281247954734339,-0.104632489351015,-0.505631040109009,0,1,0,1,0
3,1,0.648188852255837,-1.5645023416427,-0.632603238235788,0,0,0,1,1
1,0,-0.0372055718898444,-1.77797337723717,0.8254186648528,1,0,1,1,0
1,1,-0.489362221229714,-0.672372816970741,1.18390991778731,1,0,0,0,0
6,2,0.0965559575374519,0.461027271244031,-0.78711506766914,1,0,0,1,0
11,2,-0.0387299616351726,-0.746662709242523,-0.301415712463154,1,1,1,0,1
1,1,0.0953218417592568,-1.17229031794696,-0.859403833767441,0,1,1,0,0
1,2,-0.509304561306628,1.13031370562531,0.229227041619691,1,0,0,0,0
0,0,-1.06632168596256,0.360624884881076,-1.46589756559742,1,1,0,0,1
0,2,-1.1166031545741,0.608297548737045,0.923276835155332,0,1,0,0,0
5,4,0.349033291453711,-0.951907147731016,-0.0420497631587336,0,0,1,0,0
2,2,1.39619616206115,0.318080383291984,0.610430471529443,1,0,1,0,1
7,4,-1.099218075825,0.39665443091616,0.406844975418671,1,1,1,1,0
1,2,-0.619602020692432,-0.0253323777829389,0.152588912261219,0,1,1,0,0
0,0,0.787991887759805,-1.86613740233252,0.216501356077463,1,1,0,0,0
0,1,-0.236192515148372,0.592534790395669,0.264933735507565,0,1,0,0,0
4,4,0.377251777515247,1.85644118363953,1.46791702831421,1,1,1,0,0
0,1,-0.310192843463354,-0.63290795349836,-0.146314543345132,0,1,0,1,0
1,3,0.0526355691874959,1.00372678017573,0.54265979194751,0,1,1,0,0
2,3,1.1810374785841,-0.608451844343505,0.100122250593602,0,1,0,1,0
3,2,0.920853783382651,-1.386051907629,-0.16223981799731,0,1,1,0,1
0,0,-0.68466417313084,0.463528960832777,-0.221547807970247,1,1,0,1,1
2,2,-0.736758759083887,0.550648795884896,-1.59126112557855,0,0,0,1,0
2,1,-0.909323438135079,0.169548422072495,2.12686575947473,0,0,1,1,1
3,4,1.50277994836839,1.06851603768593,1.57300560934251,0,0,0,0,0
5,0,0.875338845835123,1.34721071649247,0.0181871754092764,1,1,0,1,0
0,2,-2.07471686890769,-1.21685207684078,-0.928245551104664,0,1,1,0,0
1,1,1.90959480864174,1.03192131319294,0.958090889861853,0,1,1,0,0
5,1,1.44073854906357,1.31389887367476,-0.999298605763731,0,1,1,0,0
3,2,-1.5762686087965,-0.466758140753167,0.59732621263653,0,1,1,0,0
3,17,-1.4049984141414,1.77134805987585,1.58772053999591,1,1,0,1,1
9,2,-0.276321135905366,1.80082013690409,1.52813464991388,1,0,1,1,0
2,0,-0.478526663637378,1.70971865433896,-0.65325405317557,1,0,0,1,0
0,0,-1.02891781364844,-0.323912534753889,0.532965368622294,0,0,1,0,0
0,2,1.49854550564696,-0.59396757340051,0.840192242047684,0,1,0,0,0
2,1,-1.09379964650727,-0.757226173271549,-0.95524310562345,1,1,0,0,0
2,0,0.46821356278743,0.161826482269934,-0.0128900275650122,1,0,1,0,1
3,3,0.9427512709066,1.14937108027581,0.572042906960842,0,1,0,0,0
3,1,-0.174539335664711,-1.1258547341587,0.847036006862298,1,1,1,1,0
1,2,0.265531156987838,-0.346634039660622,0.0767947929808372,1,1,1,0,0
0,2,0.0811036677665332,2.43130432745465,-0.771578988275695,0,0,0,1,0
1,0,-0.127100278901292,0.601263852632183,-0.773664191306547,0,0,1,0,1
0,1,0.891793638869467,2.59612484089367,-2.10857593804166,1,1,1,0,0
3,2,-1.32538514228314,0.141326677986372,0.308238116877767,0,1,1,1,0
1,1,-0.833360678815049,-0.589600123787332,-0.411192118316647,1,0,0,1,1
5,0,0.485833182003048,-0.982776837604304,-1.99553155858109,0,1,1,1,0
4,0,0.812244639508463,0.107134072135181,-0.28783998681749,1,1,1,0,0
16,0,-1.63307292806542,2.14658035793634,-1.85604828254688,1,0,1,0,0
0,2,0.222329110798811,-0.980741583521963,-0.527395213206007,0,1,0,1,0
0,0,-0.520199227709798,-0.577201880665645,0.0364693400392621,1,0,1,0,0
0,0,-0.847173156719636,-0.0823102623516459,0.146236853836809,0,0,1,1,0
2,0,0.785261040192816,0.455528920476405,-0.476356964253697,1,1,0,0,0
0,0,-1.53391777129932,-1.15103992784279,-0.0629577964734672,1,1,0,0,0
5,1,-0.571343018317899,-1.46510515804597,-1.70284028281957,1,0,1,1,0
1,1,-1.57210576360847,-0.604625419804196,0.321487297323297,1,1,1,0,1
3,6,0.971069053469938,3.0157402061326,0.471099992959068,1,1,0,0,0
0,1,-0.897653664790029,0.967031380802056,-0.914455970214916,0,1,1,0,0
5,9,-0.57753225212181,0.615764185774701,-0.881972637683721,0,1,0,1,0
2,1,-0.530466797074232,-0.403318106296755,-0.618728376395865,0,1,0,1,0
2,1,0.507568056387886,-0.734882968726026,0.224453054936973,1,1,1,0,1
1,2,-0.39654168161171,-0.163236581494272,-0.481618440970197,0,0,1,1,0
0,1,1.01147553398909,-0.54724022513498,0.49935606583309,0,1,1,0,0
1,0,-0.818713267252258,1.76568751845047,0.530461221409882,0,1,1,1,1
1,4,-1.1322386582847,0.50911420893681,1.60374224782459,0,1,0,1,0
1,0,1.14486834431798,1.80139717586659,-0.481647854655956,1,0,0,0,0
1,0,-1.02756930377928,-0.79995437990208,-0.227584504625925,1,1,0,1,0
0,0,-0.449026923103948,-0.962131213405877,0.499614023367072,1,0,1,1,1
0,3,1.59460026900935,-1.76449511595598,0.072525044387736,0,1,0,0,0
3,4,-1.02768572582903,0.654141307582851,-1.68191696575502,1,1,0,0,0
1,1,1.17373491227221,0.377555595944218,1.62726622430835,1,1,0,0,0
0,1,-0.497438597903129,0.944692421180153,1.47175680247915,0,0,0,0,0
1,4,0.00316261455847203,0.340197689234872,0.83840446944737,0,0,0,0,0
2,0,0.352574906026228,0.63372206886147,-1.58310984251414,0,0,1,0,1
0,1,-0.589700426528918,-0.448876056964962,-0.351790958087824,0,0,0,1,0
3,0,1.16269387252318,-0.892180046657395,-0.946469453460065,1,1,0,0,1
4,0,0.835484115469338,0.776743710807253,1.2903924761665,1,0,0,1,1
6,5,-0.228434093523569,0.141867557715121,1.39012518980702,0,1,0,1,0
5,3,-0.0259055512883862,-0.551091894925544,-1.6260778164332,0,1,1,1,0
5,2,0.00990253099923447,-0.415366236145987,0.85433212678039,0,0,1,0,1
3,3,-0.110525894193392,0.569798610787786,-0.486252654151597,0,1,0,1,0
0,0,-0.733140255335533,-0.437075708603709,0.656961219848021,0,0,0,0,0
12,2,-1.29600086473621,0.752191345837533,1.13509468337969,1,1,1,0,0
0,1,-0.782696928150621,-1.3254189482374,-0.223658794886255,0,1,1,0,0
0,2,0.67700652921836,0.050705765831555,0.908867510668464,0,1,0,0,1
1,2,0.478685102664567,0.0112697049000535,0.363073544521047,0,1,0,1,0
0,1,-0.194135909964713,-1.42532465091145,-0.620947745312455,0,1,0,1,0
1,0,-1.00884268163333,-0.873457619383515,0.272679880625438,1,0,1,0,0
0,3,0.316462844424318,-0.568745667838774,0.650372808463346,0,1,0,0,0
0,0,-0.129025887711068,-1.03461674832623,-0.879553088835502,0,1,1,0,0
1,2,0.571821128119342,0.575811437367074,0.166354279069264,0,0,1,1,0
1,4,1.19053349245746,-0.862800407789413,0.552587187671496,0,1,0,1,1
2,1,-0.149143178038669,-0.552896568640731,2.07483550732915,1,1,1,0,0
2,1,-1.23418233453289,0.139579428181372,-1.31346708268603,1,0,0,1,0
1,0,-0.754440732586013,-1.03330484192526,1.17573681903758,0,1,0,0,0
0,0,-1.72562386670677,-1.67044049786495,0.947450283956736,1,1,0,1,1
1,0,1.3963565606625,-1.48772086577344,-1.36681812030721,1,1,0,0,0
0,3,-1.62073320894759,-0.633616038188724,-0.722251361504316,1,1,0,0,0
2,3,-2.53467768913119,0.826439718052956,-0.639439393082982,0,0,1,0,0
1,1,0.00305691095181376,0.507218566673213,1.00937710607902,0,0,1,0,0
2,3,0.528068597961544,0.0494619694846498,-0.883786777125096,0,1,0,1,0
0,5,-0.525197929214635,-0.137038672380234,-0.688725027423727,0,1,1,0,1
0,2,0.0853960343554734,0.526991139916864,0.21278774463511,0,0,0,1,0
7,0,-0.695995426469347,-0.541507664848631,0.960798073325172,0,1,1,0,1
1,2,0.487513193546505,0.284078837077274,-1.21146813627811,0,1,1,1,0
3,1,1.00647080045189,-0.78688575949305,-0.546146393614689,1,1,1,1,0
2,0,-0.155750844347789,-0.327448469013476,-0.320524207222422,1,1,1,1,1
3,1,-0.539782523773888,-2.35986772345747,2.2604650357725,1,0,0,0,0
0,3,-0.639596758471479,-0.269852734922053,-1.61667916270895,1,1,0,1,0
1,2,0.528166420854147,-0.259503605609751,1.66227367994031,1,0,0,0,0
0,2,-0.590446252087791,-0.0034421216007389,2.48453862986879,0,1,1,0,0
3,2,-0.630802455385033,1.38336822184354,-1.2073404193823,0,1,0,0,1
0,0,-0.000285550464938989,-0.571514297691771,1.80784860777599,0,1,0,1,0
0,0,0.112641709653713,-0.417473849181965,-0.66965013056154,0,1,0,0,1
1,3,0.612677104624361,0.07604306519588,0.196194783871975,1,1,0,1,1
2,3,1.11013677261739,-0.00972739972835116,0.147994999172757,0,0,0,0,0
1,0,0.0417364035008037,-1.00446612663524,-1.80189224803473,1,1,1,0,0
6,0,0.0243454833804506,0.0422556355565342,-1.04519081873691,1,0,1,0,1
0,1,0.852300716296433,-0.300120363340615,-1.84790439072931,0,1,0,0,0
0,0,-0.0320293585762192,-0.0508347109714486,-0.433881501276139,1,1,0,0,0
3,2,-0.739248518210668,-0.416071392202365,-2.50859863755749,1,1,1,0,0
0,0,0.9762718836827,0.155816649984153,1.04093844072565,1,1,0,0,1
0,3,-0.810228690381559,-1.07166692184882,-1.37406217764656,0,1,1,0,0
4,0,0.178516963558837,-1.01430530967684,-1.32538527439014,0,0,1,0,1
0,3,0.206135282017941,0.537120462015762,1.56024519109381,0,1,0,0,0
1,0,0.0570656376003289,0.307556472206409,-0.233340847020488,0,0,1,1,0
3,4,-2.61698144486262,-0.522467433774394,-0.386221270744427,1,1,1,1,1
4,0,0.121709049932159,0.615517104123786,1.17153847890412,1,0,1,1,0
0,1,-0.482981396139182,-0.0537906281507112,-0.254275983013447,0,1,1,0,1
3,2,0.396350239059822,-0.296122828024146,-1.36992408339999,0,1,1,0,0
1,3,-0.320692060478816,0.117173662914434,0.227023426002892,0,0,0,0,1
2,1,-0.551506614729331,0.600141630816877,-0.0971490017367391,1,1,0,1,1
7,1,-0.315362211304542,-0.537521919051094,0.0593087982486233,1,1,1,1,0
1,1,1.30085815599527,0.827484928725086,-1.32623301046024,0,1,1,0,1
0,0,0.550870376460404,-1.46374703864758,0.573039235931152,1,0,1,0,0
9,2,1.0020566207857,0.436027814736473,-0.468224008510634,1,1,1,0,1
6,3,0.395632283917292,0.218467541769304,0.948975318011687,1,1,0,1,0
6,2,1.7099025456151,1.91276138309127,-1.40951334171535,0,1,0,0,0
6,0,1.63210341759665,2.12190103761174,1.50780724908242,1,1,1,1,0
1,3,0.595722512228066,-0.0341729763521037,-0.739923397845924,0,1,0,0,0
3,1,0.0548877255698886,-0.16826356542879,-0.150274182324905,0,1,1,1,0
1,0,0.785036899846703,-0.498405733025862,-0.819796826204434,0,0,1,0,0
3,1,0.383210006142177,-0.152691966313901,-1.10449299793716,1,1,1,0,1
0,2,1.47990767608308,0.480475217658067,0.545667111757345,0,1,0,1,0
5,0,1.59583773775226,0.036932973307232,0.322960556282503,0,0,1,1,1
3,2,0.455155446771625,-0.656107801096588,-1.02619987659278,0,1,1,0,0
1,0,-0.535761097491303,0.288624914035815,1.83785335538909,1,1,0,1,0
7,8,-0.444324296036887,1.01403909005203,0.582427434160609,1,0,1,1,0
0,2,-0.37999250515011,-0.770982454164599,0.775320281412362,0,0,1,0,0
1,0,1.24125778523901,-1.57403791531877,-0.0562971770819839,1,1,1,0,0
1,0,0.678388948701002,-1.10852923337917,1.15362569329706,1,1,1,0,1
0,1,-1.4898042034149,-0.73538201037579,-1.10165089185288,1,0,1,0,0
2,2,2.41642456821692,0.0698169222121782,0.788250567755185,1,0,1,0,0
3,2,-0.0827758867588546,0.253319467499899,-0.450126448175007,0,0,1,1,0
3,1,-0.316630900536769,-0.170888394651691,0.696720310989574,1,1,1,0,1
5,4,-1.21796885646964,-1.01970549943736,0.42083204391827,0,1,1,1,0
0,0,1.06732159053174,-0.223253866746968,-0.917017596615812,0,1,1,1,1
13,3,0.37108869822886,-1.01034714263206,-0.271695894879212,0,0,1,0,1
8,11,0.71140507815805,-0.65186457370029,0.141605128672719,1,1,1,1,1
0,0,-0.24316498484203,-0.903598729956945,2.22911767110998,1,0,1,1,0
3,1,-0.17122924171291,0.312416770873735,1.28321758016898,0,1,0,0,0
1,2,0.189842492928975,-0.218866195330099,-0.785642930984,0,0,1,1,0
3,1,-0.183179932196158,0.540777268218443,-2.17574617007206,0,0,1,0,0
2,0,0.788376635345292,-1.53502729888507,-0.613631033258107,0,1,1,1,0
2,4,-0.951540365321088,-0.375315247422604,0.0281261651657239,0,1,0,1,0
1,1,0.50988989801882,-0.189570302768805,-1.10016472220124,1,0,0,0,0
0,0,-0.826222443131591,-0.686494185536339,0.153842724905804,0,0,1,1,1
4,1,-1.36841935723176,-0.168976601861886,0.454443560909012,0,0,0,0,0
2,1,-0.428311180927143,1.17884880289348,0.869878975019535,1,0,0,1,1
2,0,1.28759240349315,-0.180536244090056,-0.79310411781955,1,1,1,0,0
1,0,-0.0166142300780123,-1.27289824032867,-0.134281090720242,1,1,1,1,1
1,8,2.07602694206942,-0.326960286100959,-1.10995920877183,0,1,0,0,0
7,2,-0.775274105983233,1.58295113103466,-0.318792603373888,1,0,1,0,0
2,1,0.427628486657859,-0.855906739944677,1.31983728944604,1,0,1,1,1
1,1,0.232262064642117,0.741712045879641,-0.434224183165779,0,1,1,1,0
7,3,1.40916083938331,1.19171027155057,-2.08103888352661,1,1,1,0,0
2,0,0.999303549598436,-0.780735375466985,-0.708787079905367,1,1,1,0,1
2,0,-0.258332508820761,-1.11508143336372,-0.0482214596965529,1,0,1,0,0
4,2,-0.801235926433158,1.13077497749367,-1.5419146224448,0,0,1,1,0
0,2,-1.91748131716894,0.0305189623473321,0.425998972935655,0,1,1,1,1
2,1,-0.484810857550844,0.0751230591922152,-0.10262672080545,0,1,1,0,1
7,0,0.368535212084804,-2.31108417173279,-1.34653479831836,1,0,1,1,0
3,1,-0.712951167953655,0.56674314486199,1.74900804035787,1,1,0,0,0
1,0,1.26926233684684,-1.00059812070137,2.2475753022729,1,0,1,0,0
1,0,0.410607692318794,0.97747966011845,-0.374128056597561,0,0,0,1,0
2,3,0.565519942504204,-1.90969360105946,0.322314056678747,1,0,1,0,0
0,0,-0.0162612170426925,-1.3048847406429,0.542132024818551,1,0,0,0,0
0,0,-0.837018485885769,-0.722655921973764,-0.363050094826752,1,1,1,0,0
0,0,-0.713808494161482,-1.40399425161468,-1.86043100011563,1,0,1,1,0
3,0,0.129289051505239,0.329903839317191,1.00579554689783,0,0,0,0,0
6,0,-0.542674185720386,0.831582122252981,1.18094705055933,1,0,1,1,0
2,2,0.528285491215261,0.529119355292245,0.404467830725608,0,1,1,0,1
4,0,0.772235833820111,-0.270160182657466,-1.62913491143771,0,0,1,0,1
2,2,-1.71584648049622,-1.18336590069011,-0.749600075006092,0,0,1,1,1
2,1,2.54385737410447,-0.935003835705004,1.38344995450906,1,1,1,0,1
0,0,0.900679791669089,-0.627819022958699,-2.47387828389294,0,1,0,1,0
1,4,-1.28237810311363,-0.137056854537857,-1.83159122182541,1,1,1,1,0
4,2,-0.628308636222714,0.825441711726064,-0.231218886005234,1,1,1,0,0
5,0,1.08808733128194,-1.16214140925769,-0.0417577576254031,0,0,1,1,0
2,1,-1.50772028958707,0.00929843592739723,-1.25149518969484,1,0,1,0,1
0,1,-1.61013150724168,-0.00620437276559384,0.0638787809554674,1,1,1,0,0
5,3,1.67217101726944,0.899329175388181,0.341775910780895,0,0,0,0,0
1,1,-0.0684074679332475,-1.34934665686333,1.75182193961244,0,1,0,1,1
1,1,-0.184478501919645,0.815173567322627,-0.488910531322418,1,0,0,0,1
2,1,1.5907439635797,2.68551747309614,-0.168776166886271,1,1,0,0,1
1,0,0.481916311493694,0.673683434229655,1.36431693640405,1,1,1,0,0
5,0,2.34024055682518,-0.662353503402487,0.289304637709583,1,1,1,0,1
0,1,-0.16720162245567,0.146280348355688,0.645524877809542,1,0,1,0,0
5,2,1.23775364011227,0.292367187811108,-0.71841648763448,1,1,0,0,0
1,1,-0.217685996841039,-1.17320469804345,-0.0688920378115226,1,1,0,0,0
2,3,1.68248433742842,1.75073777495275,-1.83807182487735,0,1,0,0,0
5,1,1.25459620385187,-0.5773238077771,-1.42317828300605,1,0,0,1,0
7,3,-0.804024930794454,3.01557971438415,1.25052345476404,1,0,1,0,1
1,2,1.23495585515517,0.946629927291319,-0.486194624046692,1,0,0,0,1
2,1,0.430591331835926,-0.5384106027942,-0.28948459462886,0,1,1,1,0
0,0,-1.52344780033575,-0.493273124221538,0.567482719391251,1,0,0,1,1
0,4,-1.01208715956434,0.146464420802817,-0.321338488602484,1,1,0,0,0
3,4,0.0227080570687562,-0.536686350149967,0.241503139279004,0,0,0,1,0
2,2,-0.277881547049695,1.33667859745125,0.856913777108697,0,0,0,0,0
1,1,-0.571220721051255,-0.918758491120252,-2.10713344622064,1,1,1,0,0
10,7,0.0809999719405592,-0.228846407194364,-1.09731077475832,1,0,1,1,1
0,0,1.04953172957131,-1.73654493358034,1.25843497424464,0,1,0,0,0
0,1,0.836128041214361,1.26634465432487,-0.861374797108229,1,1,0,0,0
1,1,0.36664347691254,-0.406926956057689,0.325816858611373,0,1,1,1,0
1,2,-0.41850155478097,0.484267077309287,2.07684170183868,1,1,0,0,0
1,1,-0.306918301591503,-0.0172314038461761,0.344977837452617,0,0,0,1,0
2,6,0.867933377249677,1.00232156707962,0.334850151479309,0,1,1,1,0
0,0,0.679464738716562,0.992579094772366,0.476646082829435,0,1,0,0,1
2,2,0.66540238326267,0.805377329571361,0.543104174714462,0,1,0,0,0
4,1,-0.346251170237233,-0.746422811932856,0.641909723942184,0,1,0,0,1
2,0,0.473451167831584,-0.858231087505391,0.249319062104438,0,1,0,0,0
2,2,-0.889893821788651,-0.19733352879304,0.838033176016857,0,0,0,0,0
0,0,0.30868465179889,-0.290043210798191,1.71625866380335,1,1,1,0,0
2,0,1.44414224065181,-2.34609325574922,0.041680840745045,0,0,0,1,0
0,2,-0.833600260433731,0.526583670779118,0.747388769912963,0,1,0,1,0
2,2,0.460401108905993,0.780579318740032,0.306407812169833,0,1,1,0,0
3,0,0.0785368572457089,-0.572562378558078,0.779864904062927,1,1,1,0,0
2,1,-1.67890755614529,0.982004515697808,-0.450821589514678,0,0,1,0,0
4,5,1.05639414926536,0.52072495546095,-0.436716500892574,1,1,0,0,0
2,8,0.617947333697137,2.3242162018893,0.879170813352218,0,1,1,1,1
0,0,0.758808491151143,-0.232149362264772,0.387834328263206,1,1,1,0,0
1,0,-0.148175163858317,-0.180593760898086,-1.42812629362255,1,1,1,1,1
8,4,1.32586960743571,-0.0360022898356131,1.55064125018446,1,0,1,1,0
5,5,-0.0408713990876475,0.481295815002149,0.663340755242454,1,1,1,0,0
0,0,-0.902674459107471,-0.445473179768805,0.6510748993964,0,0,1,0,0
1,6,0.565252693045588,1.66370781588997,1.76491719966003,0,1,0,0,0
3,4,-0.889000670189432,0.0526780552740456,0.115485542705022,1,1,1,1,0
2,0,-0.450754512973557,-0.854571476717738,-0.444487421929595,1,0,0,1,1
2,4,0.45371377749901,-1.65052673466492,1.62886077831341,0,1,0,0,0
1,0,-1.39316019825472,0.385049533668757,-1.61028434649642,1,1,1,1,0
10,1,0.896340203311121,0.384056776777191,-0.341872595923614,1,0,0,1,1
3,1,-0.157513186770964,-0.277913196110127,-0.00898267375978549,0,0,1,1,0
0,0,0.979446195586037,-1.08176277560868,0.577646486839897,0,0,0,0,0
2,1,0.907795966367975,1.0303859428649,0.974134583194892,1,0,0,0,0
0,1,1.6498916419192,0.4364696020497,-0.55758387970812,1,1,1,1,0
3,0,1.90737850067666,-0.247033414767063,-1.74180861420247,0,1,1,0,0
1,2,-0.234423575675081,-1.01158780154214,0.649294571308231,0,1,0,0,0
0,1,0.776334852358748,0.207349472842452,-0.232961842161962,0,1,0,1,0
2,1,1.21698636632188,-0.659568920012979,0.768195588091086,1,0,0,1,0
3,0,-0.469015276640351,-0.254175094602071,-0.0543045761479631,1,1,0,0,0
0,0,-0.683306856401636,0.157587390548731,-1.70810113106961,0,0,1,0,0
0,1,-0.438619782752791,1.13063191742975,-0.602431007612848,0,1,0,1,0
1,0,1.13145933668756,0.0952854338872474,0.448090094294663,0,0,0,1,0
1,0,0.0481048181315514,-1.35368931938062,0.134131947299469,1,1,1,0,0
3,1,1.36711792844254,0.652180586615383,-0.790616186252655,1,0,0,0,0
3,1,0.906804250944341,1.48002122286038,2.0510516933204,1,1,0,1,0
0,0,-0.504788134299601,0.395982895999344,-0.0324631261670145,0,1,1,0,1
13,1,1.91146567531889,-1.21701797293803,0.285614109857316,0,1,0,0,0
1,2,-1.58739062820663,0.440164880540275,0.936960957314461,1,1,0,0,0
1,1,-2.17304577497127,-1.6935899492723,-0.111804771265374,1,1,1,0,1
4,1,0.438425055474095,-0.063206239454749,-0.218606759783164,1,1,1,1,1
0,3,0.632828749546813,-1.81150945046773,0.632081131667949,1,1,0,1,0
5,1,1.58306425148779,-0.220158167416258,-0.079981715818904,0,1,1,1,0
16,1,2.31342752915753,1.04856382381434,0.183984836808799,1,0,1,0,1
0,2,-0.176565801712992,-1.16783397130008,0.277408459903283,1,0,0,1,1
0,1,-1.87444694102876,0.544850146000715,-0.632170446342162,1,1,1,1,0
5,2,1.07667945670197,0.384588382658861,-0.407595307676736,0,0,1,1,1
4,1,0.337528718850507,-0.139349968591968,-2.2125356527614,1,0,1,0,1
3,0,0.257619314304535,-0.44904960062674,1.24637000773518,1,0,1,0,0
4,4,0.101701758888425,-1.1627504486377,1.34223990315004,0,1,1,1,0
2,1,-0.228671051828179,0.124112997289724,0.733843609027555,0,1,1,1,0
3,3,0.357826453162142,-0.209109308511162,0.232629018784474,0,1,0,0,0
0,0,-2.25754105868789,0.241214131118428,0.105458787377374,0,0,1,0,0
0,0,0.583275584807667,0.204098009162038,-0.544393294779394,0,0,1,1,0
4,3,0.725409792113251,-1.85619615537927,0.048922694443325,1,1,1,0,0
5,6,1.45293024960711,-0.238380955516144,-0.518935601012047,1,0,0,0,0
0,0,1.96546385980524,-0.340518678793972,-0.974792049936769,0,1,0,1,0
1,0,-1.01569325718648,-0.80149963528867,0.843039511719813,0,1,0,0,0
1,4,1.63519189063491,0.370630709965522,0.33876104916639,0,1,0,0,0
1,3,-0.56473213702186,-1.22973751574355,0.178902062198958,0,1,1,1,0
2,1,-0.573615282583172,-0.309328179914917,-1.22050650637267,1,0,1,1,0
5,8,-0.931682444304127,0.901243374083987,-0.47025887438434,0,1,0,1,1
1,1,-1.66446467332767,1.65065840245421,-0.54569801866052,0,1,0,0,1
2,0,-0.413575752031325,-0.622150921893863,-0.0381731545983241,1,1,0,0,1
2,0,2.0699647464195,-0.232214076266714,-1.08176329783418,0,0,1,0,0
0,1,0.181384079130436,-0.576723456983093,2.92088232781199,0,0,0,0,0
0,2,0.703273929123357,1.24582783370169,2.45563970705477,1,1,1,1,1
5,5,-0.0444550395574744,0.112049924388234,-0.431664667406656,1,1,1,1,0
2,4,0.759974634497407,0.0651693070998058,-1.17238107501583,1,1,0,0,0
2,0,0.579609611788232,1.75621171534488,-0.514890945418988,0,1,0,0,0
1,1,0.371806228188287,0.143574075625305,0.299088906175818,0,1,1,0,0
0,0,0.28489211907768,-0.63440303522127,0.124914864969231,0,0,1,1,1
3,1,-0.0227083387979809,-1.08729776515104,0.166043533910912,1,1,0,0,0
1,0,0.176532655361837,0.15195391932568,1.53752275775988,1,1,1,0,0
6,3,0.935127231934198,-0.707003336791042,-0.320142433308319,1,1,0,1,0
1,2,0.314643853631929,0.554556843942,1.42119164073879,1,0,1,1,0
0,0,-0.146248989331779,-1.03148860814976,0.926972667717181,0,1,0,1,1
0,1,-2.24942338174764,-0.825763323742627,-1.02723361571061,1,1,0,0,0
1,2,-0.908197037307415,-1.54745015998502,-1.39463663433683,0,1,1,1,1
1,1,2.08222286779016,-1.56862095321542,-0.430126912871974,0,1,0,0,0
4,0,-0.322426066763613,0.0351083725115276,-1.79026592770904,0,0,0,0,1
5,4,-1.18613132511576,0.314509949433537,-1.37332597431841,0,0,0,1,1
0,0,0.939121269016695,0.149146010678031,0.235892385727611,1,1,1,0,0
2,3,-0.259938944846536,1.69626718215597,-0.728896257368035,1,1,1,1,0
0,1,0.0404353328177071,0.626590275474697,-0.00131055435783259,0,0,1,0,1
3,0,-0.193522261502997,-1.79344908704032,-1.64733246053663,1,0,1,0,0
2,3,0.884737034523055,-0.0511415652255121,-0.142666208383802,0,1,1,0,1
8,2,-1.6288641105082,-0.221468573616872,0.443824261626136,1,1,0,0,0
6,4,-0.762620435793604,0.561308108450928,0.113931267180751,1,1,0,1,0
1,1,-1.25318388657166,-0.729404130162116,-0.376284409961818,1,0,0,0,0
0,0,2.79726620281335,0.8314199217785,0.0405593797656686,1,1,1,0,0
22,1,3.15535956289815,-0.121867689001748,0.356239443649615,0,1,1,0,0
1,1,0.980394140536265,-0.221791397296774,-1.00154142738384,1,1,1,0,0
3,1,0.805098966201402,-0.555133710615387,1.27969999021819,0,1,1,0,1
0,0,-1.01643499483721,0.469863986514156,-1.28933135424982,0,1,0,0,0
3,0,-0.254424633395773,-0.671085099454833,-0.00139995788492021,1,0,1,0,0
2,1,0.317581362345686,-0.0901550427919498,1.66462130262607,1,1,1,0,0
5,2,-1.12618250651124,0.0296892311262783,0.673288651639143,1,1,0,1,1
1,1,-2.50312429459041,-0.455665919897362,0.0877875974058165,0,1,1,1,0
2,1,0.141647328588262,2.3762545004714,-0.212032228074168,0,1,1,0,1
1,2,-0.112629068491055,-0.553157555263692,-0.43782011326875,1,1,1,0,0
1,1,0.953695586032688,-0.52294462006775,-0.499575586598539,0,1,1,0,0
0,0,-1.02304940200748,1.14472790976817,0.24738942299756,0,0,0,1,0
0,3,-0.739367962496801,-1.15835608453269,0.28139374862973,0,1,0,0,0
0,0,0.238259918436446,0.838105088591605,1.50476486416128,0,1,0,1,1
4,7,-0.460752048139851,1.38271098409844,0.137856533026626,0,1,0,1,1
1,0,0.325983643582585,-0.0133861694868386,1.45381591453348,1,1,1,0,0
1,2,-0.446532259399961,0.854114544794566,0.616917780300495,0,0,1,0,0
0,0,0.949655730148878,1.33845460886149,-0.660114813141629,0,1,1,0,1
0,0,-0.11265309239086,0.46753096983618,-0.617300028987194,0,1,1,0,0
3,4,-0.967432946774412,0.468927566021863,0.926685210058969,1,0,0,0,1
0,0,-1.36910900579976,-0.584070198711947,-1.19054509938574,1,1,0,0,1
6,2,-0.758552122526127,0.624278676002622,-0.766595345595574,1,0,1,0,1
4,3,-1.21514122530723,-0.883284888756057,0.938044118763866,0,1,1,1,1
1,2,-1.72173419880491,-0.684938859467872,0.622657031815195,1,1,0,1,0
3,0,-0.613845145418229,-1.13936816268821,-0.344543605045915,0,0,0,1,1
3,2,-0.628377870286919,-0.072231754918231,0.604958852627056,0,0,1,1,0
0,0,2.07045701461637,0.728942513034462,0.584624560323979,1,1,1,0,0
5,2,2.13045228824159,-1.62211800434415,-2.35876476324209,0,0,0,1,1
4,6,0.0295591381438617,1.11409969731763,-0.534483062892036,1,1,1,0,0
1,0,-1.56426788639594,-0.896347908899556,2.22372377711959,1,1,1,0,0
1,2,-0.491984757086562,0.0817207792746159,0.0785517879093815,0,0,0,0,0
9,6,0.605095775854975,1.44545987000856,-1.13265275688461,0,1,0,0,1
3,1,-0.929389275984414,1.20042939063415,-0.629078618649422,0,0,0,1,0
3,1,0.325161757996958,-0.349453146713232,0.954496212630453,1,0,1,0,1
2,2,-1.54785875806278,2.76297697770004,0.914129524197647,1,0,0,1,0
3,1,-0.359921613103723,-1.26183871317035,-0.173915558071548,1,0,0,0,0
0,1,0.537463699865599,-0.154273756613537,2.26025438762077,0,1,1,1,1
0,0,0.567376477754655,1.27859842026541,0.768483916809928,0,1,1,0,0
3,4,-2.29780470496475,-0.496817861947383,1.47472124622513,1,1,0,0,0
0,0,0.113695418700702,-0.0189526195726321,1.04762546023106,0,1,0,0,0
0,1,2.71115501042826,-0.185417853503332,0.706909083324262,0,0,1,0,1
2,1,1.53726132671291,0.0834373146847114,-1.00664068804921,1,1,1,1,0
3,0,-0.685327196105049,-0.122236811436307,1.17099494695304,1,0,1,0,1
1,1,0.582753308040614,0.138297533429895,0.127926751242012,0,1,0,1,0
1,2,0.0905654648579373,-0.973146598098002,1.08018463896615,1,0,1,1,0
1,0,-0.956465472346405,0.251056425996666,-0.256057110597116,1,0,0,1,0
1,2,-0.553944442123017,-0.120991463088697,-0.958420454447265,0,1,0,0,0
2,12,-2.30160427334243,0.321148227969672,-0.0400534741804162,1,1,0,1,0
4,4,-1.30422360432005,0.141041965333267,-1.53296785401468,1,1,1,1,0
7,14,-1.46223759653451,-0.456834030994713,1.08635119949905,1,1,0,1,0
2,2,-0.541126333248174,-0.503575185238602,-0.0436045321653985,0,0,0,0,1
8,0,1.20333104436775,-1.09261961017698,0.753919127417385,1,0,1,1,0
2,1,-1.50726563017735,1.41360035904583,-0.477987701902141,0,1,0,0,0
0,0,-1.86064545743916,0.190567771141386,-0.0868052710012444,0,0,0,0,0
7,1,-0.716387757863879,-0.325465261504136,-1.4602791691059,0,0,1,1,1
0,2,1.27900733377098,0.164522789593781,-3.17590423214717,0,1,1,0,0
4,3,-0.0557728960335157,0.00465687575663122,0.104859836593036,1,1,1,1,1
0,0,-1.39035918741083,0.225291777254364,-0.90063832098777,1,0,1,0,0
7,7,0.653999176837938,1.5642226456542,-0.703505674074095,1,1,1,0,1
0,1,0.647280192460604,0.0287357376485373,1.84682874970114,0,1,1,1,0
1,5,1.74470113806396,-1.84417659717471,0.671888660287706,0,0,1,1,0
0,0,0.969223773683337,-0.642419865872603,-1.8927190103979,1,1,1,0,1
6,1,-0.390606499758612,1.37938435229284,-0.0600067217911557,0,0,1,1,0
5,1,3.70020526925314,0.303776480577488,0.326440530018682,0,1,0,0,0
2,0,-0.129946623686113,0.0410978424535944,-0.267679890166226,0,1,1,0,1
3,3,-0.150991422842405,-0.79012085623348,1.56586851842619,0,1,0,0,0
1,10,-0.260926302297475,1.66133684911082,3.2066642110453,1,0,0,0,0
0,3,-1.16927680057351,0.100735152975048,0.365043146582225,0,0,0,0,0
2,0,1.33910270644551,-0.979763158945775,-0.439772770270078,1,1,1,0,0
6,4,-0.0416781150370355,1.00181857651914,-1.23838818077963,1,1,0,0,1
0,0,-0.248226075809566,0.233885764263451,0.307471459676802,0,0,1,0,0
1,4,-0.617341777247608,-0.337764829019222,0.872226009007255,0,0,0,1,0
0,0,-1.27613710865788,-1.19712359206699,1.47253226871317,1,0,1,1,1
2,1,0.84299779810609,-0.590009853648497,0.601405002467154,0,0,1,1,0
0,6,-1.70175135551646,1.16752635463172,1.07690153352855,0,0,0,0,0
0,0,-1.11125037663144,1.91515922600868,0.865887169060606,0,1,1,1,0
10,4,0.151110285842295,-0.506514721890495,-0.792643333118874,1,0,0,1,1
1,2,1.4897284783492,0.932873423661559,0.0349548622678474,0,1,1,0,1
0,0,-0.473653338145997,0.194756961969484,-1.57256336103212,1,0,1,0,0
0,0,-0.436763271767779,-0.444444000529566,-1.27576909329325,0,1,0,0,1
4,2,1.36934976463792,0.281110613275221,-1.03753419573723,1,1,1,0,1
2,0,0.311881515173139,-0.616531454493301,0.215301466854848,0,0,1,1,0
1,1,1.38434695547717,1.89987752199675,0.144793326469054,1,0,1,0,0
2,1,-0.160074199748353,0.687891290246361,0.0386340192480806,0,1,1,0,1
8,2,0.324007352419809,2.32291728943647,2.17329830002677,0,0,1,1,0
0,0,0.980745915087957,1.14220944573361,-0.321127592574149,1,1,1,0,1
3,5,0.122380182792013,-1.90647117263009,-0.4487109118905,0,1,1,1,0
1,3,0.23188751062366,0.393057902405108,-1.58348429789555,0,1,0,0,0
3,0,0.623159558181049,0.766822997757676,0.125589077230002,1,0,1,1,0
0,2,-1.54592003318471,-1.55683265455179,0.556593193184473,0,0,0,0,0
0,1,-0.985403387769013,0.168038254349545,0.702108360336265,0,1,1,0,0
1,1,-0.938224073129354,-0.0391020860169024,-0.276329735381505,0,1,1,1,0
2,0,1.85226099003822,0.191068173453612,-1.37898821107471,1,1,0,0,0
0,0,0.581215883685622,-0.430134972264966,0.299634686544423,0,0,1,1,0
3,2,-0.313718574868775,0.912087527446793,0.153106312106326,1,0,0,0,0
4,2,-1.25337155383831,0.717193268880107,-1.40200187725565,1,0,0,1,0
4,4,-0.0854306611872772,-0.510995722997426,-1.90844852849043,0,1,0,0,1
4,3,1.47431119539899,-0.808867863233468,0.774172055169256,0,1,1,1,0
2,5,-0.376852886696576,0.466871130281773,-0.0904795492169282,0,1,0,0,0
0,1,0.172966306048504,0.00955487290448181,-1.28887279220213,0,0,1,0,0
0,1,-0.372818721522158,0.628196781581151,-0.0863462783687998,1,1,1,0,0
1,0,-0.0619786779214141,-1.51102234411412,0.880715099266436,1,1,0,0,0
4,1,-1.40253675693925,1.22172125244575,-0.264259584320535,1,1,0,0,1
0,0,0.503616749725961,-0.595086213104855,-0.0097807655750345,1,1,1,0,0
2,2,0.0630530621804623,-0.675154205993246,-1.05506937172679,0,0,0,1,0
2,1,-2.1227825742222,0.632933345784022,-0.0364494349277786,1,1,0,0,0
14,5,0.677484819017355,-0.608587390375268,-0.251383445990452,1,1,1,1,0
3,7,0.740432048433103,0.375687869534735,-0.267189171537043,0,1,0,1,0
2,4,-0.561441877096021,1.20199777740111,0.286241424924279,1,0,0,1,1
3,2,1.26254913922305,-1.02938925734061,0.196579546176064,0,1,0,0,0
2,1,-0.800837704934678,0.152720454960553,0.422468561034791,0,1,1,1,0
2,1,0.269661584187908,0.336043192224135,-1.23504514456225,0,1,0,1,0
5,0,-0.644920550465303,-1.29962320269167,0.452371316717484,1,1,1,0,1
1,0,0.824325643595811,0.725540369926573,-2.00205966837129,1,1,1,0,1
0,2,0.0294351785294143,0.441837437491022,-0.515814206101868,0,1,1,1,1
0,1,0.059850035902192,1.53078829274362,0.258842321498614,0,0,0,0,0
1,1,-0.754802430597583,-0.0132709912136095,-0.962602574624646,1,1,0,1,1
2,0,-1.64386950046365,0.619116644872242,-2.30663321574139,1,1,0,1,0
0,0,-0.806884486987455,-0.979504250316567,-1.39559720532788,0,1,1,0,0
17,12,0.742236684534357,1.16663544253296,0.378306105705279,0,0,0,1,0
0,1,0.72666076696463,-1.06668866559989,0.356694885947973,0,0,0,1,0
4,2,-0.0290344083362185,-0.448190770953002,0.719512314682686,1,1,0,1,0
2,0,-1.16742893902921,-1.43444351381565,-0.859361687337749,1,0,1,1,0
1,2,-0.535153513928456,-1.44908441501994,1.13949772933361,1,1,1,1,0
5,3,-0.262610235818278,-0.151508265436865,1.84077405004674,0,0,0,1,0
2,1,-0.727022682597456,-0.456384237777896,0.807060746266501,1,1,1,1,0
3,5,-1.0865223991423,0.923430847305559,0.932595121847798,0,1,0,1,1
2,0,1.32069058096801,-0.671019130886416,1.00116254851584,1,1,0,1,0
6,2,0.73286767000627,-1.17880943563876,0.268544387598123,1,1,1,0,1
0,0,1.69797942080417,0.229303648835173,1.70220036511023,1,1,1,0,1
2,4,-0.425725408322445,-0.0702458550318911,1.95822514906441,1,1,1,0,0
8,2,0.753366604721722,0.640911233755665,-0.228187308916607,1,0,1,0,1
2,3,-0.694371795873015,0.704669596404038,-0.426008149604041,0,1,1,0,0
1,0,1.15497439520203,-0.0565390421218704,0.877892238495919,0,1,1,0,0
0,0,-0.0503112904510394,-1.62966438597781,1.12533692356438,1,0,0,1,0
2,2,1.84937186253755,-0.0768436697115374,-2.42742472784547,1,0,0,1,0
7,1,0.767885275648961,-0.741784974523748,0.391681352357561,1,0,1,1,0
0,2,0.384676969307903,1.2683322727776,-0.134358798229374,0,1,0,1,0
0,2,-0.865293662421126,-0.9560736991599,-0.172173388368917,0,0,0,0,1
5,4,0.640985481030255,-0.876618496242893,1.99542333711277,0,0,1,1,1
2,3,0.801708464433451,0.787948604858475,0.539108957333347,0,0,0,1,1
15,5,-2.24033777929203,-0.812669760248008,-0.672705064562014,1,1,1,1,1
0,1,-2.14512502903763,-0.292192246072147,0.284010881421777,0,0,0,0,0
4,0,0.503454849351202,0.620472955592053,0.0598094055564386,1,0,0,0,0
2,0,0.285342459228954,-1.2364271868395,-0.570538257427578,1,0,0,1,0
2,0,1.32177819805676,0.612052963121063,0.234715789830088,0,0,1,1,0
0,0,-1.16816185472343,2.23957763166152,-2.28037922277197,0,0,1,0,0
1,1,-0.230318497698259,0.523481265031274,0.789016766251731,0,0,0,1,0
0,0,0.283702105409162,0.422524617197714,-0.308027277655026,0,0,1,1,1
2,4,-0.421781594929448,1.89744016648586,0.512656241327773,0,0,0,1,1
3,1,0.158434679873573,1.86894734125485,-0.332226859594858,1,1,1,1,0
0,0,0.55680816660778,1.22721449497371,-0.572475232602556,1,0,0,1,0
1,0,-0.233010558538583,-0.0709638438807039,0.426409014485819,0,1,1,0,0
6,0,1.43806317824317,0.790860723206038,1.64395891934443,1,0,0,0,0
0,0,0.916336620701086,0.738124910037331,-0.52216770847428,0,1,0,0,0
3,0,-0.516297394733192,0.0333611743085293,-0.0643936833591079,1,1,0,1,1
0,1,-1.62500444464538,-2.01844435550045,-0.464488815400862,1,1,0,1,1
0,1,-1.48648111897347,-0.0966476856329253,2.27044710418502,0,0,1,1,0
0,5,0.947851091718829,0.524040490949085,0.814950970476612,0,1,1,1,0
10,7,-0.0804768876924106,1.98348721175854,-0.43507504809247,1,1,1,0,0
0,0,0.760178609048552,1.32892136797223,-1.45470841276719,1,0,0,0,0
7,2,0.166101267945726,-1.12175888033041,-0.860213505992897,0,0,1,1,0
0,0,-0.0839526542616962,-2.36524838746506,-0.0317165633434149,1,1,1,0,0
1,2,-0.807702273195835,0.901649266324762,-1.00165156030486,1,1,1,0,0
6,3,-1.8021561942022,0.899885348521848,-1.6384134776062,0,1,1,0,0
1,1,-0.422743865251839,0.324820756477408,-1.11733549984972,0,0,0,1,0
0,1,-2.90438614188309,-0.104820053294249,-0.59162001516,1,1,1,0,1
1,1,-0.373091438904697,-0.0945507292213605,-0.318067687377491,1,1,1,0,0
7,5,0.315505196611054,-0.336457103103564,-0.507657572096133,0,0,1,0,1
0,2,-2.40287297739982,0.508359984835356,-1.44114767872565,1,0,0,0,0
1,1,2.1050603817091,0.281616922920164,0.811306974517879,0,1,1,0,1
1,1,1.53803601385843,0.436342697402132,-0.284397939525506,1,1,0,0,1
0,1,0.460865320807878,0.455294980922661,-0.301580219257041,0,1,0,0,0
0,1,-1.17515321707237,0.562390032425768,-0.328987365747165,1,1,0,0,0
1,2,0.792722164264431,-1.13267958585748,-0.128922567691334,0,0,1,0,0
3,1,0.444791485268727,-0.922111538126078,-2.77669836742409,1,0,1,0,0
4,1,0.62710167436315,-0.300735113550872,-0.0155808421343493,0,0,0,0,0
3,2,-2.10507253455902,1.73917143268794,0.703650034272344,0,0,0,0,1
3,4,0.310389191568393,1.90760280005857,1.05858925712944,0,1,1,0,0
7,1,0.984578076872081,1.40521205648784,-0.7766533937005,0,0,1,1,0
2,1,1.11713779501347,0.553268704503962,0.514347032133082,1,1,1,0,0
2,4,-0.540253193602885,-0.0251334888865663,1.01921138314107,0,1,1,0,1
5,2,-0.416809618803707,1.66142007807089,-0.463084822141936,1,0,1,0,0
6,4,-0.796125875136574,1.76606449962717,-0.873558378552526,1,1,1,0,0
3,4,-0.627761995600465,-0.0994012634478647,0.526161718464152,0,1,1,1,0
8,3,0.389182190731063,0.671407316827068,-0.763510499923204,0,0,1,1,1
1,0,-0.141695907635989,-0.172833034106046,0.682334305971258,0,0,0,1,0
1,4,0.665335660516048,1.25732775489546,0.912078814466289,1,1,1,0,0
1,0,-1.37670982234157,-0.582037015545268,-1.50458636840709,1,0,1,1,1
1,1,1.55342121386959,-1.35779605189473,0.835094901209312,0,0,1,0,0
0,0,2.03652215465749,-1.58616216565775,0.431608354693696,0,1,1,0,0
4,1,-0.0373452554585979,-0.422346954157596,0.426329858049774,1,1,0,1,0
1,1,-1.06992815548712,-0.431457911101251,0.473425127048314,0,1,0,1,0
1,3,-0.295459602735285,-0.579436428734907,-1.08090294767836,0,1,0,1,0
1,2,-0.327535602866156,-0.772037564826569,-0.513698291694075,0,0,0,1,0
0,0,0.207839476797114,-0.316989327198468,0.357590646525864,0,1,0,1,0
2,1,1.30486372983562,0.505646474510218,1.93688403384961,0,0,0,0,1
2,0,0.316112222526495,-0.55151577359355,-0.127341827906201,0,1,1,1,0
0,1,-0.95684266715474,-0.293401038914238,-0.158335986005063,1,1,0,0,0
3,2,0.379015823451265,-0.85506365439009,0.35360511245665,1,0,0,1,0
0,0,-0.570569526113571,-1.48792576463508,-0.313577398847415,1,1,0,0,0
7,2,-0.167400957735375,0.219863389045318,-0.545937961172421,0,0,0,1,0
1,2,-0.596829475367457,-0.394615010605138,0.839873583344633,0,0,0,0,0
0,0,-1.10652380121434,-0.673522139908607,-0.999137706931758,0,0,1,0,0
2,3,-0.371030062080603,0.44807341521057,0.675680949297261,1,0,0,0,0
5,6,-0.612835635174707,-1.29042868416149,-0.70135897773973,1,1,0,0,1
1,0,0.0743665326479444,-1.23031990178228,1.38867681076269,1,0,1,0,1
6,6,0.756088455821385,1.23470665245692,0.214011173965551,0,0,1,0,0
4,4,0.585370109706181,1.1756134760459,-0.41243449131574,0,0,1,0,1
0,3,-1.49817941871916,0.944191706277388,0.896913454620791,0,1,1,0,0
1,3,0.609155336818207,0.894481922630469,-1.15501464527667,0,1,0,1,0
1,1,1.64172376575457,1.61663705401733,0.124834237600519,1,1,1,0,0
1,0,1.94637666787426,-0.796725947665121,0.433831708577367,0,0,1,0,0
4,1,-0.930827420352817,0.887790578304012,-0.599496096630186,1,1,1,0,0
7,2,-0.0812751338397108,0.774853256559532,-0.620040947045668,0,0,0,1,0
1,1,1.57284739122918,0.0116812073744705,-0.017966060594777,1,0,0,0,0
2,1,-1.78660885839631,-1.30449376995867,-0.880990952376552,1,0,0,0,0
0,1,0.586888174568048,-0.225639692159943,-0.0110350295420477,1,1,1,1,1
0,0,0.573161589674053,0.923131066415656,0.371348223803486,1,1,1,1,0
2,0,-1.29931703172952,0.882796537326129,0.427136131581483,1,0,1,0,0
0,0,-0.26427858259137,-1.03620158978036,-1.90396097953624,0,1,1,0,0
3,0,-1.04317904831786,0.489722507698512,1.42454614708758,1,0,0,0,0
1,1,1.23817121132833,-0.323689649040177,0.854226777380093,1,1,0,1,0
0,2,-0.626099056614862,-0.677057617046682,0.0648345922422527,0,1,0,0,1
5,4,-0.180590835857212,0.474127770079903,-1.52769584000424,1,1,0,1,0
0,2,-0.264865373435496,-1.02183839101784,0.537320239629153,1,1,0,1,0
1,0,-0.337979655766816,0.537670758327759,1.39133314928344,0,1,1,0,1
5,4,-0.268529868525067,-1.21997094065202,0.978921337432092,0,0,0,0,0
5,0,2.63910241281046,-0.720749283569396,0.102061796634205,1,0,1,0,1
3,3,1.09553305071621,1.24030139830009,0.127280862209523,0,1,1,0,0
4,0,-0.166864464410902,-1.8880528571365,-0.562325192869999,0,1,1,1,0
3,1,1.47482372040469,0.673838469144003,-2.46460132577813,1,1,1,0,0
2,1,0.97010489558563,1.33448629454914,-0.228628398920171,0,1,0,0,1
1,0,-0.718897467339914,0.816159004207047,-0.00640375415620432,0,1,0,0,0
0,1,2.00122451344882,2.3893439660061,-0.287847441759651,1,1,0,0,0
0,1,0.184867679066808,0.932907973380798,-2.28253802486619,1,0,0,0,0
2,0,1.75014228240415,-0.742023879459051,-0.0190823556077564,1,0,0,0,0
1,1,0.031130239236884,-0.680623335694038,-1.15089340431761,1,1,1,1,1
2,0,0.717371576907004,-0.470902082157396,0.0972941168781661,1,0,1,0,1
3,0,0.198189611694072,1.4294923577636,-0.921380581671039,1,0,1,1,1
0,0,-0.564253497426191,1.00291640291759,-1.78492613631297,0,1,0,1,0
0,3,0.0270371146792984,-0.0828141270211933,-0.710525578784137,0,1,1,1,0
3,1,2.39689634491718,0.433206132082693,1.87477027273236,0,1,1,0,0
2,0,2.29886391927341,1.70289556607308,-1.57679169878805,0,1,0,1,1
0,0,-0.642806943831702,0.855717559801746,-1.09455244227919,0,1,1,1,0
1,0,-0.238214137939156,0.328853680999164,-2.65199360059372,1,1,0,0,0
5,1,1.75754513071122,-1.14303317198486,0.143491179327539,1,1,0,0,0
0,1,1.39271764500914,0.940224347577733,0.00430428100758969,1,1,1,0,0
1,0,1.38088703565624,-1.66350488347218,-0.53979133994528,0,1,1,0,0
7,0,0.528765433574662,-1.0317224559624,-0.43966343437049,1,1,0,0,0
2,9,1.70939706925134,-0.55870327753332,-0.900334728301849,0,1,1,1,1
1,0,0.505062878531781,0.0627857474858867,-0.02485146295498,0,1,0,1,1
0,0,-0.470663253890651,0.444080095693947,1.11163053670784,0,0,1,0,0
1,0,-0.679998384251991,0.179388625102233,-0.125952180548383,0,1,1,0,0
1,0,-0.742405788365967,-0.347013905527719,1.83984471014992,0,1,0,0,0
2,3,-0.366498974605296,0.42705645402502,1.67881309159387,0,0,0,1,0
6,3,-0.0512053892896133,1.27401754095611,1.05369866876389,1,0,1,0,0
3,2,0.175738540159008,1.72866753163558,2.2115041593954,1,1,1,0,1
21,3,1.37250687742667,-0.0612259603246921,0.00686216091405971,0,0,0,1,1
1,2,-1.00381162837924,1.55659157936952,-0.712029814918684,0,0,0,0,0
2,1,1.65405986431993,-1.14681340780975,1.16307032528897,1,1,1,0,0
0,4,0.738463770554736,-0.889017304585154,-0.0284992168779657,0,1,0,1,0
2,0,0.545890077505416,-1.03974087457834,1.38072554656399,1,1,0,0,0
2,2,0.462201446885352,1.00206386851111,0.253686085607669,0,1,0,0,0
0,0,-0.639977853620537,-1.84523754478354,-0.686333942440435,0,0,0,0,0
0,1,0.311934113999181,-0.301568816451249,-1.10178813982796,1,1,0,1,0
0,0,-0.247239797329959,0.101888303690559,-0.134740510883957,0,1,1,0,1
3,2,0.536567792504877,1.89419794229007,-1.1753093031208,1,1,0,1,0
0,0,-1.0095213067656,-0.129371843917482,-2.00679607085464,1,0,0,0,0
1,1,-1.66983002880691,-0.341696258813285,-0.442368948335812,0,1,1,1,0
1,1,-0.224509432553999,2.39670342473839,1.06489561232108,0,0,1,0,1
2,3,-0.567972437354239,-0.619484411886445,0.423700617348835,0,0,1,0,0
1,0,-0.254166367941238,0.815866228229135,-0.255643213071449,0,0,1,1,0
6,0,-0.25526026906447,-0.0139773075012775,0.222435308662587,1,0,1,1,0
2,2,0.0472941102585866,-0.369626228776589,-0.571631318466894,0,0,0,0,0
3,0,-0.459773019672117,-0.336365631570356,-1.01423984669532,1,1,0,0,1
5,3,1.73867128117006,1.24345269553352,-1.09961780072739,0,0,0,0,0
0,1,-0.125209658289952,-0.266564872443592,0.00417990629964242,0,1,1,0,0
0,0,2.07867243952375,-0.408067112821984,-0.0285300728572813,0,1,1,1,0
0,0,0.0691602823470178,-0.0937669274307893,0.27800366091833,1,0,1,0,0
2,0,0.855543745732548,-2.0063150631393,1.00793174432717,0,0,1,0,0
0,0,0.47056030384859,-0.80240925453007,-1.08744815821327,1,0,1,0,0
1,0,-1.52817624523028,0.280013951547577,0.0402245971486186,1,0,1,0,0
4,6,1.46353523432171,0.709323100156146,-0.689079613149945,1,1,0,0,0
0,0,-1.03034793902856,0.249000895322248,0.0823781880226809,1,1,0,0,0
3,3,-0.584625706945712,-0.148096162784996,-0.891430645750215,0,1,0,0,1
5,1,0.916052967662716,-0.930299461756096,-0.471911482172699,0,1,1,1,1
1,0,0.2896587290558,1.49094622037477,0.387652202697884,1,1,1,0,0
0,0,-1.13420595123315,-0.356255861008893,0.566071206707555,1,0,0,0,1
2,2,1.57909059987932,0.369100264625625,-0.292113650943138,1,1,0,1,0
1,1,0.0109821509068359,-0.725434866647587,-0.611746200071909,1,1,1,0,1
0,1,1.17937655037292,-0.675843747027339,0.919102114528569,0,1,1,1,0
3,0,0.54415902455574,0.553242232958857,0.197396691661181,1,1,1,0,0
1,2,-0.811322252625838,0.34556143638636,-0.129111495106593,1,1,1,0,0
1,2,1.53833842312201,-1.09413449739488,0.00550944311353651,0,0,0,0,0
2,0,2.56409857492438,-0.625396422740999,0.380900532023424,0,1,1,0,0
0,1,-0.498478613443634,-0.554019443077159,0.258810002474241,1,1,1,1,1
5,1,1.18354115293987,-1.22681089155858,-0.0523214669140052,1,0,1,1,1
0,0,-1.4208845856419,-0.176906166479253,-0.81153906271501,1,1,1,1,0
0,0,1.26991472849876,-2.57201465635867,1.90558623947215,0,1,0,0,0
0,1,-0.0757024835546315,0.412879816465278,-0.614686056616742,1,1,0,1,0
3,0,1.65958365562217,-0.66294070008473,-0.662022005558904,0,1,1,1,0
1,3,-1.01340828952589,1.19343118325199,0.981715446573231,0,0,0,0,1
1,0,0.0871912704801374,-0.507168246316095,-0.227544945170427,1,0,0,0,0
0,0,-0.950651884396329,1.07555325345727,-0.52017815182853,0,1,1,0,0
6,4,-1.60439491967319,0.427546682120793,0.774937451661857,0,1,1,1,1
3,2,0.161430938308416,-0.00880030179475994,-0.981538837140426,1,1,0,0,0
4,0,0.650381969696838,-1.36434580899045,-1.04691614116433,1,0,1,1,1
0,0,-0.754319309756771,0.0824350047034466,0.319282034140946,1,1,0,0,0
1,0,-1.30417839175353,-0.829079410053344,1.33618642079504,1,1,0,0,0
1,0,0.728448550483824,1.56971723208273,0.00232413403557026,0,0,1,0,1
6,2,-0.239965419294948,-0.838522301639611,1.5641096167845,0,1,1,0,1
2,0,0.528482721081258,-0.650399097139829,1.27967173986551,1,0,0,0,0
3,2,1.1462339555129,-0.0237667303884694,0.317843056172499,0,1,1,0,1
2,1,-0.212139869977559,-0.652548125070912,0.0686512369059906,1,0,0,0,0
5,5,-0.736028178349392,-0.472958377987019,-1.22212350195943,0,1,0,0,1
0,0,-0.925566054181852,-0.433754443664621,-0.307919013089913,1,1,1,0,0
3,4,1.56993967274275,1.89873203010523,1.47376819693713,0,1,0,0,0
3,1,-0.84262653195024,0.529593728908091,1.0972820343609,1,1,0,1,0
2,1,-0.064912750247801,-0.26499897320855,-0.129513590785776,1,0,1,1,0
1,1,0.21357829290077,0.968130812429785,-0.159887759482052,0,1,0,0,0
2,2,-0.0293210012228974,0.573039921949296,2.23768784017446,1,0,1,0,1
1,0,0.794280128239779,1.02761284188655,-0.0226976485734671,0,1,1,0,0
0,1,0.481421925571895,0.291634847408945,-0.20392479908294,0,0,1,0,0
1,1,2.70186494586035,-0.657539628843745,0.924902218628515,0,1,1,1,0
1,3,0.356459283065009,0.530856998413151,1.24853234921366,0,1,1,1,0
0,0,-3.09593453393795,-1.38590962382813,-0.515649482336023,1,0,0,1,0
3,1,-1.83788599219601,0.0390971012759997,0.750784500145507,0,1,1,0,0
0,0,-0.700547243935265,0.271200157812855,-0.715799951151692,1,0,0,0,0
2,1,1.59107524048863,-1.38833264477589,-0.836577651604043,1,1,1,0,0
4,1,1.41437901981241,-0.0135236775103411,-2.25060261833423,1,0,1,1,0
0,1,-0.991178847517736,-0.132609616366252,-1.43842036095387,0,1,1,1,0
1,2,-1.0144645767282,0.151994930070075,-0.664873920896671,0,0,1,0,1
3,1,0.0895707115850484,-0.687116973316583,-0.308041689825995,0,1,1,1,1
0,0,-1.71822947232678,0.630145020038533,-0.175688327113887,0,1,1,0,0
0,1,-0.731741123327667,0.0403264109740303,-0.260579055385677,0,0,1,0,0
2,5,-1.11609596435739,-1.42830138537596,0.39326764545434,1,0,1,0,0
8,8,1.04831094966428,0.0166550754849822,0.007014885231065,0,1,1,1,0
3,1,0.229104227451963,1.34012970443051,-0.255986021351888,1,0,1,0,0
1,1,-0.978912240379286,-0.596771766156115,-0.833138327971497,1,1,0,0,0
2,0,0.67839776041087,-1.74840164084399,-1.45634901474519,0,0,1,0,1
2,1,-0.0303844894242838,0.202780415776201,-0.771608569187946,1,1,1,0,0
1,1,-1.19589537733092,0.16952284952713,-0.51058894321745,1,0,0,1,0
1,0,0.538511279005091,-0.119855229857676,-1.4807921704439,0,0,1,0,0
9,2,1.04539639518371,0.70556414635077,0.11037741585397,1,1,1,1,0
1,2,0.289448850432638,-0.313053160885846,0.793821144246349,1,0,0,1,0
3,0,0.968235609248816,1.05827705531692,-1.14377484262642,0,0,1,0,0
0,0,-0.366397431436103,-1.42591090438854,0.985961362284652,0,1,0,0,1
0,0,-0.802353929972528,-1.19226372163991,-1.21135561551627,0,0,1,0,1
24,1,1.47167796501175,1.53913863253497,-0.693803051244575,1,1,1,1,1
1,1,-1.10403948528317,-0.0271537453026512,0.864580526113696,0,0,0,0,0
4,3,1.03723344911218,0.447351944439261,-0.558830131298668,0,0,1,0,1
2,2,0.388688733588166,0.36650210065116,0.486400322232757,0,0,1,0,0
3,1,2.21561757728459,-1.73991856541012,0.267909185422467,1,0,0,1,0
1,6,0.551956702556887,0.178351613306334,0.293358779972609,0,1,0,1,0
0,3,-0.546534580528596,-0.204304035356192,1.11399160475641,1,1,0,1,0
0,0,-0.279748599843297,-3.09769762866338,0.943503316945547,1,1,1,0,0
3,2,0.0665704191058039,0.0175531353947516,-0.496769490915841,0,0,0,0,0
0,3,-0.762506897833872,1.02915035854473,-0.73600199294865,0,1,0,0,0
1,1,-0.0854018199495698,1.51017197835246,0.805181777535825,0,0,0,1,0
0,0,-0.706528817414987,0.251623494082964,0.824323489346895,0,1,0,0,0
1,1,0.927849317406741,1.02225640414729,-0.785142207768599,0,1,1,0,0
3,1,1.08191040017038,-1.59320431722227,0.0251598147478338,1,1,0,0,0
1,5,0.997425602447515,0.261874168697213,1.66806366483465,0,1,0,1,0
0,1,-0.289250580965309,-1.41776819530493,-0.634905088494166,0,0,1,1,0
5,0,1.15188542206626,-1.04697320342091,-1.37408223057632,1,1,0,0,1
1,0,-0.575596674900143,-0.443553799117952,-2.52130948900489,1,0,0,1,1
1,0,1.45249450185389,-1.74445433702027,-0.062957929238169,1,1,1,0,0
1,0,0.123380121481499,0.0182917211049095,1.30297897096808,0,0,1,0,0
6,1,0.277821966232852,0.854578580478901,0.152429581431392,0,0,1,1,0
2,1,0.796029595611634,0.635153017574209,-0.449615821627113,0,1,1,0,0
7,0,0.0125989278504459,1.13533984908515,-1.99545437909738,1,1,1,0,0
1,1,0.968806723527952,-0.735155969001317,-1.13951328525249,1,1,1,0,0
1,2,-0.867315147363838,-0.266692965820155,-0.28797134416436,0,1,1,0,1
4,2,-0.909004589278851,-0.674182878905049,0.355333431390331,1,1,0,0,0
0,0,0.307430434208221,0.482958000813832,-0.730904068232792,1,1,1,0,0
3,2,-1.12430200985027,0.742311171541812,1.76810887871384,1,1,1,1,1
0,0,-0.787592299487215,-0.187780316394455,0.504481495071567,0,1,0,1,1
0,0,0.819356179553072,-0.79681929182378,-0.0450710407637738,0,1,0,0,0
1,1,-0.185136315343772,1.25299718953461,-0.0102237447897459,0,0,1,0,0
3,1,-1.0694053839699,0.518492190343385,-1.31046548976927,0,1,0,1,1
1,0,2.31908899613285,-1.90970386681672,1.51721012241341,1,0,0,0,0
2,2,0.854191563563063,-0.564676131276045,0.442754068419231,0,1,1,1,1
5,1,0.0105984713203612,0.94823770118713,-2.21934912595192,0,0,0,1,0
5,1,0.385065536580512,0.167689632943933,0.0718787957216334,1,0,1,0,1
1,0,-0.183951600349371,0.51536975185687,1.60524176479761,1,0,1,0,0
1,2,-0.562420817247684,-0.0661457232561111,0.99277581302895,1,1,1,0,0
0,0,-1.08737661151597,0.583354651978283,-1.35204638664709,0,1,1,1,0
1,0,-2.21196115501999,-0.879570794137237,-0.242175522140643,0,1,0,0,0
2,4,-0.000846172225467275,0.0921722930342609,1.40282445767164,0,1,1,0,0
6,3,-0.470794058147421,-0.969565022096992,0.792602084764628,1,0,1,1,0
2,1,0.104947984520171,0.740984667997301,-0.417368838947377,1,1,1,0,1
11,3,0.872559449077752,1.95955405305274,0.0690543819339365,1,0,0,1,1
0,0,0.467523610624051,-0.230020636788512,0.360074883601606,1,0,0,0,1
0,0,0.388326493798052,1.26339372312459,-1.13905645735533,0,1,1,0,0
2,1,0.997884185248421,1.42264327578466,-0.711309980154982,1,1,0,1,0
3,7,-1.69165666846969,-1.67512224888375,0.955614339326586,0,1,1,0,0
0,0,0.631536673824345,0.714626449430819,-1.13766414236531,0,1,1,0,0
2,2,0.226399509034494,0.160286556899037,-2.13406172287496,0,1,1,1,0
5,5,-0.136936052972415,-0.82296564703763,1.63188120053756,1,0,0,1,0
2,2,0.324032194246605,-1.45782758030973,-0.497215996957618,0,0,0,0,0
0,1,0.533648664147003,0.111369698801963,-0.211586554840551,0,1,1,0,0
0,0,-1.77159126309231,-2.83062362857968,0.0591859122595833,1,0,1,1,1
4,0,0.758984512687813,-1.33207398670641,-1.14267419522389,1,1,1,0,1
3,0,0.358025018486802,1.38883010214043,-0.694549498058438,1,0,0,0,0
1,0,-0.448348855786343,-0.45901354124737,-0.23426034972923,0,0,1,0,0
1,4,-1.07164493318663,-0.25363338140758,0.2228536571527,0,0,1,0,1
1,0,-0.0137108361251016,-0.361699492440854,1.21708858838059,1,0,1,0,1
1,0,0.707450259187576,-1.02725114930281,2.14106447632211,0,1,0,0,0
0,0,-0.262218302790063,-0.178477953486724,0.142097835627424,1,1,1,0,0
2,2,-1.10109838980217,0.125011512876463,2.32551974285395,1,1,1,0,0
1,1,0.922439609382737,2.32927665283465,-0.462439738862194,1,1,1,1,0
2,1,0.954954342981748,-2.2095954928137,-1.50037152814042,1,0,0,0,0
2,2,0.225752396611391,0.00898340577019296,0.832103917735703,0,0,0,1,0
0,3,-0.044189192470735,1.00598951091672,1.13042508313218,0,1,0,0,0
1,0,-0.247361745056259,0.876917472930961,-0.601481823419799,1,1,0,0,0
5,12,0.13850051931771,2.58542429864967,0.344951030399179,0,1,1,0,0
0,8,-0.84496751548584,1.22332903117411,-0.613848178531115,1,1,1,0,0
9,4,-1.86605548907691,0.532567943208937,1.36731772668455,1,0,0,1,0
1,7,-0.606285236702192,0.397200841715501,-0.586535303332341,0,1,1,0,1
3,1,-0.652470261646635,-0.799184292549658,0.13970357758053,0,0,0,0,0
2,3,0.8300204690112,-2.13307731861383,0.758088549413452,0,1,0,0,0
1,1,0.809740690346311,0.240783859425062,0.712263300659719,0,1,1,1,0
2,3,-1.06664139922169,1.3850791856277,-0.0395007720200423,0,0,1,1,0
1,2,2.54369211722471,-0.252166993444403,-0.663429063509724,0,1,0,1,0
2,1,0.0773308639620316,0.108920427678592,1.12732719708321,1,1,1,0,0
3,5,0.106671146673444,2.34742894916818,-0.685765622182959,0,1,1,1,1
0,1,-0.842171627710829,-0.0270370711749783,0.779142472406213,0,1,0,0,0
2,0,-0.0148387524039915,0.192369856513042,-0.211501600213437,1,1,1,0,0
0,1,0.576981105783113,-1.7163887409808,-0.150595062162284,0,1,0,0,0
12,1,1.31811602961439,0.528170593972248,-0.216021641747587,1,1,1,1,0
3,1,0.375708920361171,0.0795650186635107,0.0400908718081231,0,1,1,1,0
6,3,1.0393307578319,-0.534876832065099,-0.226332513734801,1,1,1,0,1
0,0,-1.1889861305942,1.11783120103769,0.0320615671625365,0,1,1,0,0
0,4,-0.179799846656898,1.18070973931903,1.13714719390897,0,1,0,0,0
1,2,0.47339303883926,1.26023452235926,0.258156723386474,1,1,1,0,0
7,4,0.664435651575283,1.41920665828874,1.22876354969937,1,1,1,0,0
2,0,-0.338536205358052,0.662784859867766,-0.908282989964852,1,1,0,0,1
2,1,-0.953383318367199,-0.141258415125026,0.535446015864935,1,1,0,1,0
1,1,-0.636039530784235,1.89538599317423,-0.564906329846214,0,0,1,0,1
2,1,0.444658278543637,0.50351549817675,0.594244437813363,0,0,1,0,0
1,0,-0.22633116231749,-1.68087564581271,0.570389860846742,1,1,1,0,0
3,1,-1.14267107337712,0.337221523736183,-0.121056623033388,1,1,0,0,0
0,0,0.146821261294472,0.504282929255358,1.11346229637421,0,1,1,0,1
1,3,-0.894501266539619,-0.446288084234314,0.856995015746486,1,0,0,0,1
1,0,-2.35384131857125,-0.849619555168334,-0.596270822311479,0,0,1,1,1
0,1,0.528422009104852,-0.173891692294888,1.8225954909618,1,0,1,1,1
11,0,-0.350194316057631,1.31001265919348,-1.07403464097911,1,1,0,0,1
3,0,0.596780713732981,0.561641484734378,-0.398526025507221,1,1,0,0,1
0,0,0.00541207162964335,-0.418682502577024,0.786748267233643,1,1,0,1,0
0,0,0.514608312383284,0.108758675217156,0.0118131266500602,0,0,1,0,1
2,2,1.59845747399247,-1.03156343369469,-3.22759655948112,1,1,0,1,0
6,0,1.46146581960669,-0.492760337454571,0.143186143143738,1,0,0,1,0
2,7,-1.79672918526717,-1.1934662709663,0.309898036422568,1,1,0,1,0
9,3,1.95553973672719,-0.0201505836544831,0.11463026834712,0,1,1,0,1
4,0,-1.26464193501271,0.280287757155336,-0.851512039368024,1,0,0,1,0
1,0,0.143245305116373,-0.549139444985012,-0.380276952370313,1,1,0,0,0
0,0,-0.634270043547963,-0.829324618953812,0.178130887257764,0,1,0,1,0
8,8,1.22358512778716,-0.284689367517495,-0.152436296046804,0,1,0,1,0
1,1,-0.647830077000221,-1.07589434678135,-0.113270038727394,1,1,1,0,0
0,0,-1.80413576871649,-1.97782936538223,0.785985632469879,0,0,0,1,1
1,1,-0.38749345175946,0.899265164724654,0.577526332561752,0,0,1,0,0
3,5,-0.940251696443019,2.30508925144544,0.907953499017072,0,1,0,1,0
2,1,0.175539248728039,-1.0404606658175,-1.22242921944402,0,0,1,0,0
1,0,-0.546046605210227,-0.549669060848901,-0.292752047706922,1,1,1,1,0
1,3,-1.39317030656826,1.17968503830959,1.06289986613031,0,0,1,0,0
3,2,-0.764036728279282,-0.963990249901481,0.340371598359087,1,0,0,1,1
1,0,-0.28614683610894,-0.27331373033682,0.719987697594888,0,1,1,0,0
4,1,-0.492701139102935,-1.37049137048213,-0.207132200075262,1,1,1,0,0
3,2,0.0036681196371454,1.0389326579402,0.608527553546514,0,1,0,1,1
1,4,-0.731015614262083,1.92217491621375,-1.15128284392259,0,1,1,0,0
6,3,0.291416052957117,-0.55523923989938,-1.21078860339477,1,1,1,1,0
2,0,-1.13176672387691,-0.977360197059055,-2.58421545006885,1,0,1,1,1
1,0,-1.31911402858762,0.929818922630446,0.038878962177364,1,0,1,1,0
4,0,0.228463689678596,0.324154526979648,0.66723358101953,1,0,1,1,0
2,1,1.31109122338493,-0.359635930994546,1.16085870426184,1,1,0,0,1
2,0,3.3872460759967,0.846127738254628,0.126198507522579,1,0,0,0,0
6,1,0.903792877247596,-1.7397656682208,-2.68227392206098,0,1,0,0,1
3,2,-1.78382781097926,0.775637245970458,-0.486090059150129,1,0,0,1,1
8,1,1.32756876981402,0.293723156279146,-0.768655736313452,1,1,0,0,0
2,6,-0.597980310126888,0.855527561059182,-0.658737248463782,1,1,0,1,0
1,1,0.422110024360931,-0.0205687690152734,2.10148228120612,1,0,1,1,0
0,4,-1.07610840193698,-0.20645629076078,-0.863752299593167,0,1,1,0,0
0,1,1.06777674755225,-1.04213863095044,0.0913166588843235,1,1,1,0,0
7,0,0.921171344522483,1.09174387086743,-0.258150450808395,1,1,1,0,1
5,1,1.27127846441477,0.321753596551358,-1.83126384043615,1,1,0,0,0
0,0,0.3372826535867,0.0861578175511397,0.535062133298367,1,1,1,0,1
1,3,0.214935607572885,-0.590409323742482,0.280486240523368,0,1,1,0,0
1,0,1.01108744954709,-0.909171338371762,0.739845866011886,0,1,0,1,0
4,4,0.148380261901217,-0.679769986526828,2.68178786281828,1,1,0,1,1
6,3,0.169111344290125,-0.456914046571888,-0.723923752313285,1,0,0,0,0
3,2,-1.39928663131606,-0.803697925211523,-1.86364750574241,0,0,1,0,1
3,2,-0.645089447551202,-0.212323789524204,0.923395983321517,0,1,1,0,0
3,1,0.766428054854312,-1.7078429830594,-0.367503170275527,1,1,1,1,0
0,2,-0.0777683773062955,0.717324484012789,-0.239432437816241,0,1,1,0,1
6,2,1.8617507695649,0.0813580455789774,-0.440820584069197,0,0,0,1,0
0,2,1.16754526139247,1.71404505807728,2.59444801897915,0,1,1,0,0
1,2,-0.444259214185552,1.97061790733767,1.03071058639768,0,0,1,1,0
3,2,0.0904629527275305,1.73758491145023,-0.952247292198699,1,0,1,0,0
2,0,-0.683167438672196,0.045186760458802,-1.1862740086795,1,1,0,0,0
0,0,-1.6076828214382,0.382733947155818,-1.74764668591504,1,1,1,0,0
0,0,-1.18165582462003,-1.44069752770737,1.51615050651291,1,0,0,1,0
1,1,0.955121470809971,-1.05060778629685,0.551350837109878,0,1,0,1,0
0,0,-1.98647363225573,-1.09925581739031,0.764350337354958,0,1,1,0,0
0,2,-1.22313731273017,0.998856954002731,-1.077968900282,0,1,0,1,0
4,7,-0.462451467612834,1.38320279620901,-1.64329596995818,1,1,0,0,1
0,0,-0.732089168016378,2.08130832209449,-0.242079210672036,0,1,1,0,0
1,7,-0.0627604433424473,-0.962973009973232,0.785738011629973,1,1,0,1,0
5,3,-0.610221466862869,0.713798348583226,0.437977006245479,0,0,1,0,0
3,1,1.51401261035642,0.491810768854709,-0.0347664027813534,0,0,1,0,0
2,7,-0.941507872169669,0.605197072431062,-0.246288004545825,1,1,1,1,0
1,2,-0.810285658487446,-2.77142800103291,-0.131168863332369,0,0,0,0,0
5,0,0.244028217997666,-0.538768723906325,-0.974046648257078,0,0,1,1,0
0,0,1.1829234568276,-0.369892708870265,-0.321426944252548,1,1,0,0,0
3,2,-1.22765275601878,1.65601772014499,0.950872903494963,0,0,0,1,1
0,1,1.49022349211918,-0.943882069204652,1.39816771743419,0,1,0,1,0
0,0,0.833231660371296,-0.38372079043664,-0.672828871397823,1,1,1,0,1
4,0,-1.16410872675586,-1.11111123855729,-0.968687297579555,0,0,1,1,0
1,0,-0.0191649139362265,0.0218617539360344,-1.27119674116744,1,1,0,1,0
0,0,0.565634293234117,-0.55153972292584,1.24881493980245,1,0,1,1,0
5,2,0.482003356162569,1.11933341123209,0.200227600751507,1,1,0,0,1
1,1,0.594577801535406,-1.60935948719363,-0.410842807203996,1,1,0,0,0
2,2,-0.557333465024217,0.565573977856035,0.278825753532869,1,1,1,1,0
4,2,-0.572399788749408,-0.0946849451922131,1.43315782548855,0,0,1,0,0
1,3,-0.241202217929016,-0.980763442313801,0.323119047503185,0,1,0,1,0
3,4,-0.425175664998641,1.05830120339039,-1.45648910977079,0,0,1,1,1
1,0,0.00923177907804034,0.479270239762028,-0.415838634239375,1,1,1,1,0
1,2,0.742490765964712,-0.234062520909547,0.406084106460487,1,0,1,1,0
1,2,-1.67006331996871,-2.30373361593481,0.112021042342618,1,1,0,0,0
2,4,-1.48368331361389,0.30458111739564,-2.19271293528289,1,1,1,0,0
11,0,-1.9436572499647,0.120183382853449,1.34901744876038,0,0,1,0,0
2,0,0.365826765838001,0.210002070251397,-1.79416091657514,0,1,0,0,0
4,3,-0.268382635506141,-0.203039147889789,-1.55024720241736,0,1,1,1,0
3,0,-0.303702519004144,-0.12810485745349,0.215563455538736,1,1,0,1,0
0,1,-1.07362696374153,0.63485679406236,0.250045035567913,1,1,1,0,0
2,1,1.07726123407358,1.84817821532503,0.20960015844876,1,0,0,0,0
2,2,0.765931675873415,-0.656013969369387,-1.50841728474768,1,1,1,1,1
1,1,-1.80951764324325,0.830535477291747,0.912797210043853,1,1,0,0,0
4,0,-0.328751695072908,1.86669763564957,-0.339687226288536,1,1,1,1,0
1,0,-0.742983924548389,-1.4319094514725,0.485219492299092,0,1,1,0,0
1,1,-0.0450061621560841,0.268155243139936,-0.772923655543767,0,1,1,1,0
4,2,0.812108535307352,-0.456023925474494,-0.512448402377081,1,1,1,1,1
2,1,-0.453977071683517,-0.535437797877011,1.37615316519765,1,0,0,0,1
3,0,1.49910412329398,-0.940823421367669,-0.427097375626814,1,1,1,0,0
2,1,-0.532052519676799,-1.57668208319001,-1.05990918139175,1,1,1,0,0
3,0,-0.146294883220898,0.780227894562412,-0.118359073494725,0,1,1,0,0
3,0,2.61933286065136,-0.204454202717242,-0.514652063270829,0,0,0,0,0
0,1,0.641492753802936,0.824092577759238,-0.793344592886538,0,1,1,1,0
0,1,1.53966065290233,-0.413438489872772,-0.617318049858362,0,1,1,0,0
0,0,1.37189200577068,-0.365001645636136,0.436307710726877,1,0,0,0,0
0,0,1.21627970749696,-0.859655505209137,1.80715622781033,0,0,1,1,0
2,1,-0.65914059255757,-1.28616102502729,-1.47681974548765,0,1,1,1,0
1,2,-1.23541970606104,-1.31122064867001,0.773758092261659,1,0,1,0,0
0,1,-0.702025524838787,-0.100231257015263,1.06250138954785,0,1,0,0,0
0,0,0.826518224656471,0.264752044378066,0.174682237086452,1,1,1,0,0
11,4,-0.85751678444922,0.17479774610287,-0.455225618980755,1,0,1,1,0
1,0,0.244576444422938,0.116309159888961,0.976498774921549,0,0,1,0,0
4,1,0.0156290696897267,0.409198903980051,-0.65922220634375,1,0,1,1,0
1,0,-0.0419701188900743,-1.55569819802107,0.981854821777002,1,1,0,0,1
4,1,0.982867039847924,-1.40043785196192,-0.850273362210273,0,1,1,1,0
2,2,-0.0405836408313111,-1.4943168048456,0.542058086396689,0,0,1,1,1
2,3,1.07967646981483,-0.125778524888516,-0.718900884679312,0,1,1,1,0
2,2,-0.768306182789888,0.947806114899693,0.112450832995343,0,1,0,1,0
1,1,0.05376369638288,-0.395507505007431,1.29611066654368,0,1,1,0,0
7,5,-0.159692400147603,2.07398233643072,-0.206071317903153,0,0,1,1,1
2,0,0.303772748752749,-0.325010843028621,-0.19972153344055,0,1,1,0,0
2,0,-1.32671603294945,1.52110516611773,1.69411345927118,0,0,0,0,1
2,4,-0.461634315548677,0.690266927925377,-1.08830949670183,0,1,0,1,1
2,4,-0.00450183546760272,2.29635832937586,1.16200818484223,1,0,1,0,0
6,10,0.0650818194313784,1.66508912503555,-1.2132845483594,1,1,1,1,0
5,2,-0.363466791282549,0.00191109280850461,0.173192798940541,1,1,1,1,0
1,0,-0.453542134268233,-0.386552795298265,0.211758989229512,0,1,0,0,0
0,0,0.393003660585537,-0.145091160148845,0.912885298935507,0,1,0,0,0
0,0,0.683456189140413,0.679900824996257,-0.723220882383375,0,1,0,0,0
2,6,-0.879520991225687,-0.622703071170762,0.295873583809692,0,1,1,0,1
0,1,0.112055715914974,0.214918178381097,2.08759221621688,0,0,1,0,0
1,1,-0.311304288210253,-2.78955775151556,0.585883334323728,0,1,1,0,1
0,0,-0.660141457138165,0.764647742530274,-0.161944086126551,0,0,1,0,0
1,0,-2.03738997628709,0.278270665041661,0.227901364923508,0,1,1,0,0
2,3,1.41747887376966,-0.428743695363555,0.126724384620909,0,1,1,0,0
2,1,0.69499898458913,-0.0456819204622633,1.06345596543234,0,1,0,0,0
0,0,2.2023413924108,1.31831610030278,0.574916585489585,0,0,0,0,0
29,14,2.53218719849446,2.05395659181669,0.0982462370118674,1,1,0,1,0
0,2,0.244078204094105,1.0445167525779,1.30736076513452,1,1,1,0,0
2,0,0.820178222476839,-0.596388853287018,-1.20885254914477,0,0,1,0,0
3,2,-0.893113055241896,-1.22665769975311,1.4242209191828,0,1,0,0,0
1,0,0.435232646702106,-0.359196685508949,-0.119307719149113,0,1,0,0,0
1,3,0.0819440667143608,2.16517071787328,0.285616994600649,0,1,1,0,0
0,0,1.08412105918823,0.58051226778042,-0.649609649400912,1,1,0,0,0
1,0,-1.2257565181789,0.199592722652951,-1.61216906646277,1,0,1,0,1
1,0,1.07691139099504,0.371607325599626,0.0909570549593491,1,1,0,0,0
3,3,-0.124001609308029,-0.948904154371951,0.287673416246909,0,1,1,0,0
2,2,0.637233447464304,0.362199535847294,0.0882318839164834,1,1,1,0,0
0,3,0.418117896403855,0.970227658366137,0.0757481940881562,0,1,1,1,0
1,0,-0.306166463261337,-0.945354309695624,0.0065658596170256,0,1,1,0,0
12,1,1.91297497972628,0.851831482688517,-1.62973287035234,1,0,1,1,0
0,0,-0.816243159675152,0.27389802151579,-0.390583048087144,0,1,0,1,0
0,4,-4.96861382691755e-05,-0.564573285096499,1.57270069063137,0,1,1,0,0
4,1,-0.999885587178417,-1.0959152297993,0.588212196658335,1,0,1,0,0
5,1,-0.518957606157886,-0.699061902595652,-0.756104195828279,0,0,1,1,0
4,1,1.59801827375018,-0.87176647023115,-0.565771800228692,0,0,1,0,0
3,3,0.229026818251014,0.242869779162204,-0.34611970148507,1,1,1,1,1
1,3,-1.20252259196249,-1.60664552035783,-0.360673685902816,0,1,0,0,0
1,2,0.17248711735588,1.2124822909921,-0.117517906187007,1,1,1,0,1
0,0,-0.312719907315017,-1.01514292193623,0.382737873609043,1,1,1,0,0
2,1,-0.664934261652382,-0.266847873646134,-1.30179707837936,1,1,1,0,0
3,4,1.90500033191125,0.823388603940116,1.07740974900351,1,0,1,0,0
0,0,0.0895914150373509,-0.0786610818171739,1.51533165432763,1,0,0,0,0
12,5,0.593092177298765,-0.84441016884554,-1.97853914052845,1,1,1,0,0
1,6,-0.355140671308223,1.93355500272279,-0.332977249756191,0,0,0,0,0
2,3,-1.462518773605,1.12321220865284,0.301715363548626,1,1,0,1,0
7,1,1.19088767412709,-1.22847644377117,0.0132944952994667,1,1,1,1,1
1,5,1.30749144351509,0.570722533399957,0.865897613073547,0,1,1,1,0
1,0,0.188702108829203,-0.112802761542259,-0.561071561576536,1,0,0,0,0
1,5,-0.902773354773536,-0.0989929704265925,2.40557426995744,0,1,0,0,1
0,0,1.38157429183215,1.15680270848012,0.560328183234205,1,1,0,0,0
3,1,-1.27759003668828,1.02211932399212,-0.0257373848811664,0,0,1,0,0
1,2,-0.0389409352793939,0.595738378787752,1.43989588017812,0,1,0,1,0
3,0,-1.02349766086308,-1.15683476592113,0.883214772450716,1,0,0,0,0
0,0,-0.246993198838913,0.452318716671409,-0.350353910991566,1,1,0,1,0
3,1,0.514885293285593,-1.36719553015995,-2.22526429614242,1,1,0,1,0
0,0,-0.594965121205496,-0.0221644412847771,1.14912466523422,0,1,1,0,1
0,0,-0.387490044551804,0.362339543217076,2.30124887694167,1,1,1,0,0
3,1,0.691007051617594,-1.34440998482554,-0.0224390424708031,0,1,1,1,0
5,2,0.34191282156874,0.405702401271395,-0.513485464971593,1,1,0,0,0
2,1,-1.36879482214134,2.34971850146172,-0.478487725941617,1,0,0,1,0
1,7,-0.4879068841242,1.93226103283652,1.27471891161857,0,0,0,1,0
0,3,-1.19304666015371,1.17260943517875,0.912719433213352,0,1,1,1,0
4,0,0.294187358501414,-0.564341129692992,0.619485171154358,1,0,1,1,0
0,0,-1.73072174402285,0.346858605096302,3.12196963532751,0,0,1,0,0
1,0,1.46119433314649,-0.359154466466437,0.962445051124045,0,1,1,0,1
1,1,0.586244343556077,-0.933952726236179,0.36047783644592,0,0,1,1,0
5,3,1.64801759860703,-0.00224687949025329,0.848233284661732,1,0,0,0,0
1,0,0.764615263130763,0.0525573895496593,-0.713148164943208,1,1,1,0,1
0,0,-1.17816012062012,-0.0405861935094645,0.505803818121461,1,1,1,0,0
1,2,0.613047647195117,1.92323628516625,0.167294803787948,0,1,1,1,1
1,5,-1.08774538056164,-0.481502820458858,-0.170789311609401,0,0,0,1,0
0,2,1.53917592228025,-0.00942166679323242,-0.331091961856322,1,1,1,1,1
11,0,0.935102576326739,-0.305025522251329,0.142747063984454,1,0,1,1,0
26,1,1.97846407236801,0.954188381155004,0.779366988681525,0,1,1,1,0
1,0,-1.59452888402739,-0.154968976499715,1.27021887297956,1,1,1,0,1
0,0,1.05644881592042,-1.69099310230783,1.05325840061713,0,1,1,0,0
0,0,0.034716705759638,1.57643797413479,-0.131529588289784,1,1,1,0,0
0,0,-0.600824244362051,1.45370118924733,-2.43780942037326,1,1,1,0,0
0,0,-1.10808120417021,-3.14944905014021,-0.813433821396532,0,1,0,0,0
7,3,-0.981529819265836,1.42583147428444,-0.26401914898163,0,1,1,1,0
2,4,-0.746080372351366,0.164159463135942,-0.282510460593148,0,0,0,0,0
1,1,-1.07740248820741,1.21909374699031,0.200064673602981,0,0,1,0,0
2,1,-0.330440303589622,-1.10841296609384,0.976346273523164,1,0,1,0,0
2,1,-1.73824896568512,2.0042314540787,-0.392905690590646,1,1,0,1,0
0,0,-0.741586479894445,0.861577737849754,1.32605843141466,0,1,1,0,0
0,0,-0.494495063404543,1.18214067367318,0.121059424889904,1,1,0,0,0
2,1,-0.996668570857953,0.275667288232245,2.12749288062259,1,1,1,0,1
0,2,1.702064175236,-0.111343204811875,0.904288588821852,0,1,1,1,0
2,0,-1.54596122538184,1.03947433771287,-0.443051413516447,1,1,0,0,0
2,3,-0.166624775137088,0.445170205720094,0.178326273126516,0,0,0,0,0
1,1,-0.139641398121304,0.490152501101916,0.00895587357488883,0,1,1,1,0
2,2,-0.114496519720895,-0.429382210166917,-0.232300651683839,0,1,1,0,0
3,2,-0.210333718486818,0.0676470032453911,-0.593133232770573,0,1,0,1,0
0,0,0.615128435741486,1.49230781488982,0.242355291228872,1,1,0,1,0
1,1,-0.218444812028447,-2.11734509522336,1.54304879890362,1,1,0,0,0
5,2,-0.368512202598778,0.435691184373948,0.23650401006569,0,1,1,0,0
4,2,1.02630843477909,-0.266844245530832,0.348449646468055,1,1,1,1,0
3,1,-1.41094714421366,-3.07211994883341,-1.36622140166812,1,1,0,0,1
6,2,0.465525483518192,-0.772934751094433,0.448602745953026,1,1,1,0,1
0,0,0.421554930178169,-0.591851267479257,0.571751998422855,0,0,1,1,0
2,1,-0.0183345011862916,-1.44085466639883,-0.912880857955251,0,1,0,0,1
0,0,1.87593790406629,0.187451285216422,1.0894759596203,1,1,1,0,1
2,0,-0.0611313192830317,-0.952118976188578,-0.145939210418201,1,0,1,0,0
1,0,2.75063037302753,-0.853773764218158,1.06114792413039,1,0,1,0,0
3,3,1.03179407950195,-1.35459468191762,-0.176004557208578,0,1,0,0,0
2,2,0.295413018346083,-1.0047569971442,-0.856857633655052,1,1,0,1,0
3,5,-1.05704069428089,1.45778303964644,-0.781028835739399,1,1,0,0,1
4,2,-1.52561051600839,-1.0558078462266,-0.614037120432407,1,1,1,0,1
8,4,-0.0757093319501575,-0.296182562887505,-0.274432586117099,1,0,1,1,0
8,4,2.08610482063864,0.895034697184632,-1.23868923791652,1,0,1,1,0
3,6,-0.224917062770268,1.08286207683662,2.56842837351884,0,0,1,0,1
2,0,0.773810637784026,0.00989728684899567,0.59561444031301,1,0,0,0,0
4,2,-0.995378222347163,0.0721312419597375,-0.994473182435592,0,0,1,0,0
2,1,1.26051177175264,0.337750040770186,1.16763464818348,1,1,1,1,0
3,2,-0.162190510962542,0.549906702474819,-1.437802992881,1,1,0,0,0
4,3,-2.27991705642635,-0.830840161427072,-0.084486571773694,1,1,1,0,0
7,0,1.13645528735848,-1.53115774977397,-0.681130712424957,1,0,1,1,0
2,2,-1.82718481417482,0.749082189246616,-0.003518613038415,0,1,1,1,0
7,0,0.520294118204856,0.387047135734798,1.6542453434879,0,0,1,0,0
4,2,-0.568431329309186,0.451352495840348,1.1975093638262,0,0,0,0,1
2,4,2.2007771725343,-0.722263486816978,0.461228744986728,1,0,0,0,1
2,4,-0.448058345634313,-0.537971600859696,-0.3276504617996,1,1,0,0,0
0,1,-0.204755730958367,0.0530021373941483,0.728113125044585,0,1,1,0,0
7,2,1.98465048677628,2.21576721367445,0.978892723975941,0,1,0,1,0
1,1,-0.191995336477643,1.29912626906578,-0.0315946156425918,0,0,0,1,0
3,0,0.441986356743821,0.409484443283027,-0.854745474568686,0,0,1,1,1
3,1,0.478243692389512,-0.808032185436575,1.42512900449727,0,0,0,0,0
6,4,-1.55769485323309,-2.41981877153931,-0.201863984961477,0,1,1,1,1
9,7,1.41966305805162,1.75232881075755,-1.20011586747169,1,1,1,1,0
2,0,0.351693735584292,-1.20049580937612,0.42777275061357,0,0,1,1,0
1,0,-0.983787414638726,-1.86826422997593,-1.58971983004111,1,0,1,0,0
0,3,-0.67137384198276,0.290003097721863,0.111090480437747,1,1,0,0,0
2,3,0.203091873394962,0.397989006121164,0.711200154339124,0,1,1,1,1
8,3,1.14816107356616,-0.0365285442558582,0.442025333221241,1,0,0,1,0
1,3,-0.273447276297502,1.2435101428332,0.18306215788949,0,1,1,0,0
11,2,1.11762121340045,-1.11250576584328,0.36653910592497,0,1,1,0,1
1,4,-0.0697153541834423,-0.60017891492117,1.40729109102026,0,1,0,0,0
0,0,-1.03662439447525,0.207147647374368,1.49313101042129,0,0,1,0,0
1,1,1.42631664660829,-1.60731711324054,-0.570595966571609,0,1,1,1,1
0,0,-1.03791752790076,0.563582488337589,-1.19544377415505,0,1,1,0,0
0,0,1.05958395941743,-1.62946622230697,0.930145209149388,0,0,1,1,0
6,6,-0.180674911704709,2.17684720610739,0.86965542462105,1,1,1,1,1
4,1,0.613915394951507,-1.42173077445924,-0.698491952326568,1,1,1,1,1
2,1,1.38286420438021,-1.62101666482181,-0.696453606736436,1,0,1,1,0
3,1,1.04653642705862,1.37711901757295,1.17718801312463,0,1,1,0,1
0,0,-0.113167403063721,-1.68975851877033,-0.403166791133616,0,1,1,0,0
4,3,0.471846119169773,-0.445946370334904,0.54136602693836,1,0,0,1,0
1,5,-0.91276884016378,-0.803287310071282,-0.56376996300879,0,0,0,1,0
0,0,-0.0781544713433652,-0.534542915250646,-0.757014601772286,0,0,0,0,0
0,1,0.410815990733821,-1.06566341986212,0.19170867457361,1,1,0,0,0
4,0,0.617209202456386,1.91291014036594,-1.09198731848718,1,1,0,1,0
5,1,0.326948592817843,-0.390913683278928,0.543037948738154,0,0,1,1,1
2,1,-1.30295215306821,-0.560314678960039,-0.145184475582105,0,0,0,1,0
1,14,0.678985058956919,1.79907875584216,0.330982829397455,0,1,0,0,0
2,0,0.765002693365269,-0.108232819276034,2.23748132515389,0,0,1,0,1
0,0,0.060159443337004,-0.538601600787929,-0.350397107412097,1,1,1,0,0
1,4,-0.304881207363214,0.419850262996739,1.52927264292335,0,0,1,1,0
4,3,-0.188403254035185,-0.550015147206597,-1.13612720355614,1,1,1,1,0
0,1,1.06003322605913,-0.36623582663784,1.93165634680697,1,1,0,0,0
2,1,-1.46576035329258,0.192520089225379,-0.0323456036749438,1,1,1,1,0
0,1,1.5547576632143,-0.240131262413624,0.228406695640054,0,0,1,1,1
1,1,-1.13679535506682,-1.40902237623334,0.562455656407872,1,1,0,0,0
6,6,1.11164816128734,1.03092656753597,-1.17783345585833,0,1,1,1,0
0,0,-0.320244667318839,-1.18460589839232,-1.66306766031732,0,0,1,0,0
0,0,-1.40647999728015,-0.644506486852246,0.720284870268187,1,1,0,0,0
1,6,0.124878651697678,0.412845365582598,0.664095256817235,0,1,1,0,0
5,2,0.0386138714603067,-0.705930940946828,0.378927931959305,1,1,0,0,1
1,0,1.42442632519827,-1.61972999577918,0.724057289036285,0,0,0,0,0
0,0,-0.819593067794488,-1.65055626989839,1.0451680777714,1,1,0,0,0
1,0,0.0899427046194633,-0.0196960374556288,-1.35097950771697,0,1,1,0,0
1,4,-1.02829457006897,-0.0454543836321131,1.25726747633447,1,0,0,0,0
0,0,-0.970499666370613,-0.87886959349259,-0.624926914056166,0,1,0,0,0
0,1,0.583717735235688,-0.990004973095291,1.88803109316936,0,0,0,0,0
0,0,-0.302854883001556,2.09323835023865,0.591402739095912,0,0,1,0,0
1,1,-0.0701333299142669,-0.605853577423562,-1.39776214402669,0,0,0,0,0
7,4,0.734937053449589,0.723302279754222,0.403247326163839,1,1,1,1,0
1,1,0.603641983287357,0.662457048762099,1.27897593386599,1,1,0,1,0
7,2,-0.594854925426247,-0.382722839915333,0.952471415993219,1,1,0,1,1
2,4,0.0690208624164139,0.74468245740039,0.734773899990306,1,1,1,1,0
8,4,-0.494113129182992,-0.315417807620935,-1.4920432966815,1,1,1,0,1
3,5,-2.02667658841902,1.46436972161736,-1.00244358846373,1,1,0,0,1
0,0,0.92032450018953,-0.053790210421443,0.604756226523003,0,1,1,0,1
0,1,-1.14194097728957,-0.91835991417813,0.463223394914021,1,1,0,0,0
3,0,-0.122370093462309,-0.53759875728591,-0.860068061800066,0,0,1,0,0
4,3,1.35202366666623,-0.0254862129766371,-0.477208898767593,1,0,0,1,0
2,0,0.010708572030434,-1.32369652737689,1.33488593453336,0,0,1,1,1
2,2,0.0477716561483256,0.545615625325902,-0.471719509019402,0,1,0,0,0
4,0,-1.13972094222735,1.63871782962472,0.182597572072765,1,1,1,0,1
1,2,-0.0442284965241845,-1.00261461171368,-0.0873616798295481,0,0,0,1,0
2,1,-0.832237776388767,-1.84677955003716,0.356157938020675,0,1,0,1,0
1,0,0.711722027793702,0.238073832378621,1.08840699055602,0,1,1,0,0
6,1,0.729244346637228,-0.773157417131434,-0.635210672683233,1,0,1,0,0
0,3,-0.0447758094574647,1.1859782972101,1.14246508238303,1,1,1,0,0
0,3,-1.57663011373557,1.60989687454551,-1.6213658856406,0,1,0,1,0
1,1,0.331768684767972,1.33777107536057,1.11733876470774,0,1,1,0,1
0,0,-0.966219676404855,1.71541994576934,-1.86818022187932,1,1,1,0,1
1,1,2.44255566801948,-0.320462499120929,0.335365996545091,0,0,1,1,0
1,12,0.454664555132843,2.86449172353563,0.837354975181141,0,1,0,0,0
4,1,-0.62802216515516,-0.682738141612227,-1.45703225772081,1,1,1,0,0
2,0,0.289487101270534,0.566989040198282,0.894891688972069,1,0,1,0,0
0,1,-0.287828672050889,-1.77459511689116,1.26340873872013,0,1,0,0,0
8,1,1.54899813464054,-1.74226728430941,-0.251665202104529,1,0,1,0,1
0,1,1.20027223258303,-0.569567577166009,-1.05313709435479,0,0,0,0,0
3,0,-0.0503471024519125,0.142930988018708,0.016621212634803,0,1,0,1,0
0,0,-0.104747172302388,-1.83032011366421,-1.65765969061018,1,1,0,0,0
3,1,-1.05494315958536,1.24740411522196,-1.61215869776022,1,1,0,1,0
4,3,-0.179293971285999,1.24656935533489,-1.43033675051969,0,0,0,0,0
1,1,-1.1357806473988,0.95667962039095,-0.135412744430677,0,1,0,0,0
0,1,-1.0281955458182,1.35384224322991,1.87805025671553,0,0,1,0,0
1,0,0.479749482272559,0.0455090116843223,-2.26259174795976,1,1,0,0,1
3,2,-0.126965384567492,-0.479699747363986,0.0761657524798796,0,1,1,0,0
1,3,1.61803378814319,0.154751016452678,0.496522579576617,1,1,0,0,1
2,2,-1.38784693027991,-0.691284894460586,-0.915796873750135,0,1,1,1,0
1,2,-1.75299084703675,0.416089898736418,0.73965307820562,1,1,0,1,1
5,1,0.547124160725976,0.0156141263261543,1.39322731241959,0,0,0,1,1
7,1,0.262292329257288,0.0668539882781958,-0.0244435554045668,0,0,1,0,0
0,0,1.78188113488038,-0.58708002224736,-0.606026731745123,1,0,0,0,1
3,1,0.257073882101665,-0.191550104678474,0.265662792046981,0,1,1,1,0
4,4,1.81945316166039,0.624372506927693,-1.15510667977959,0,1,0,0,0
0,1,-1.01061294084763,1.32055618090603,0.207831668479574,0,1,0,0,0
1,1,0.454069328149582,0.840423841395677,-0.524050139837996,1,1,0,1,0
11,1,1.8050752674768,1.09661456296709,0.947563549540369,1,0,0,1,0
3,2,-0.0962849175268302,0.851198853250331,1.11877432931378,0,1,1,1,1
1,0,-0.276226869084876,1.30419651052138,-1.38511512604341,0,0,1,1,0
1,5,-1.42556858168817,-0.752207714597372,0.871371232877354,0,1,0,0,0
1,1,0.413324847669092,-1.12321610188345,0.833779275608674,1,0,0,1,0
5,1,0.499329961803643,-0.302621093044113,0.192234811965502,1,0,0,0,0
1,0,-0.216649900060018,0.791216238191316,-0.101948530337855,0,1,0,1,0
1,1,-2.70357896020509,-0.33262794155814,-1.21630698793729,1,0,1,0,0
1,2,0.394845181202102,0.579539741243399,-1.38091233804109,1,0,1,0,1
1,0,-0.605286003698216,-0.690674212897487,2.25601947080885,0,1,0,1,0
4,0,-0.316495291081894,0.0614374631713824,-1.8363263814173,1,0,0,0,0
1,0,-1.67184518842526,-0.243734581782744,-0.281723454463302,1,0,1,0,0
0,0,1.19145616779841,0.951489772332013,0.692435537667881,1,0,0,0,0
10,5,1.21648225978689,1.11302460436886,0.597365106446195,1,1,1,0,0
5,3,-0.786073419185846,0.221512526189198,0.482083393990968,0,1,1,1,0
3,9,0.167995941827874,-0.281898307816684,1.52606319437874,1,1,1,1,1
0,1,-0.637260118505289,-0.552844865437046,-1.13020789807773,0,1,1,1,0
2,2,0.125857803003469,-0.995918207786341,1.33965178750338,1,1,1,0,1
22,2,0.832688352115742,0.421775485124402,-1.06283145670206,1,0,1,1,0
1,2,1.26044189058937,-0.0682105134622055,-0.0394279930363648,1,1,1,0,0
3,0,-0.933762328943209,-1.19583737556842,0.867694269222855,1,1,1,0,0
1,4,0.430701610774754,0.797637718297832,1.3217620142076,1,1,0,0,0
5,3,0.212536525092787,-0.704302216867437,-0.064770150330156,1,0,0,1,0
3,0,-0.494823160535451,0.46556111328089,-0.810901274775676,1,0,1,1,0
2,2,0.318322799745734,0.310339047462342,0.57039349926295,0,1,1,1,0
1,0,-0.893921119781869,-1.06482942996572,-0.250885474718332,1,1,1,0,0
0,0,-1.20815907255399,1.26467156429875,0.833380446720584,1,1,1,1,0
1,1,2.21324003817713,0.0564735679255509,2.18672743441118,1,0,1,1,1
0,2,0.580525274803129,-1.41759423227585,2.33640253307359,1,1,1,0,1
0,0,1.82810455468474,-1.95680800667833,-0.343443477948078,0,0,1,0,0
10,1,1.53915337391023,0.353957409424299,1.15957618179993,1,1,0,0,1
6,0,0.270200629514946,1.32212103398598,-0.17658658237325,0,1,0,1,0
11,1,-1.60613391940277,0.167785409243918,-2.08769584479483,1,1,1,1,1
0,0,-0.882997520874776,0.778938952841414,-0.132185251138815,0,1,0,1,1
0,0,-0.39208226150329,-1.20043490419208,-0.174219107576503,1,0,0,1,0
2,2,-0.389785838870834,-0.376275520255926,2.14666440209158,0,0,1,1,1
3,4,-1.11453667228353,-1.07815906814971,0.424234187020908,0,1,1,1,0
0,1,-0.67561437074367,-0.0648316644933112,-1.52429785926116,0,1,0,0,0
0,0,0.344588986354902,-0.425182074271529,0.682053513125776,1,0,1,0,0
1,3,-1.08523131207563,0.189466340572592,0.0428952063985018,0,0,0,0,0
0,4,-0.85593709802175,1.14519974845834,-1.39287442546017,1,1,1,0,0
2,6,-0.291529944282095,1.69887238911576,0.0861137374715239,0,1,0,0,1
0,4,1.79326469224616,-0.00386851532406031,1.14570486392201,0,1,0,0,0
4,2,-0.640636944327854,1.69952356896695,0.560496996568129,1,1,1,1,0
1,2,-0.557941259046576,0.914553297901554,0.899923114458494,0,0,1,1,0
8,6,-0.143457564208407,-1.118322314148,0.867033832546903,0,1,1,1,0
0,4,0.164130706735431,0.849030242307493,0.462244321166771,1,1,0,0,1
2,3,0.838967873035892,-0.0347909370916464,0.502023367894207,1,1,0,0,0
2,3,-1.24215801361831,-1.01868952296753,-0.728864020360517,1,1,1,1,0
2,6,0.116997008091653,0.639220862086006,1.48698581940416,0,1,1,0,0
1,0,-0.0452826858449926,-1.6170292464732,-0.559378138215179,1,1,0,0,0
1,2,1.00852949137977,-0.371089652654588,0.131273580527292,0,0,0,0,0
1,5,0.508195134118153,-1.63448091491194,0.0795768421240286,0,1,0,1,0
7,1,0.781776251889023,-1.43265510741065,-0.892400173909456,0,1,1,0,1
2,3,-0.758668187567882,1.6582262374839,-0.737351858143799,0,1,1,0,0
0,1,0.881026780706376,0.915711919870614,0.463942353797833,0,1,0,1,1
2,0,-0.18511917661487,-0.658022044018554,1.07007288959078,1,0,1,1,0
0,0,-0.695314355825372,-1.01113238750372,-1.89167732989324,0,1,1,0,0
5,0,-0.989787585375503,-0.0682318312880362,0.507393597349474,1,0,1,0,0
0,1,1.43318403277217,-1.40366080777613,-1.44606967078678,1,0,0,1,0
6,3,-1.28395138325275,0.440384100263901,-2.37689535586776,1,0,1,0,0
0,0,-0.065782240496342,0.26682061761331,-0.801314374828837,0,1,0,0,1
2,0,-0.246535203992844,1.30384828003757,-1.32679336332164,1,1,0,1,0
1,0,-0.672864196117876,-0.684173080432411,-2.11462037158196,0,1,0,0,0
7,1,0.323644188441969,-1.17140225472399,-0.639872778820412,1,1,1,1,0
4,1,-0.00531887496183234,0.564552315992377,-0.137341532593884,1,0,1,0,0
0,0,0.541014130903372,2.03690315924867,0.255294299857124,0,1,1,1,1
1,1,0.816141354642202,0.261503134618963,0.333603204541822,0,0,1,0,0
2,0,-0.363143997678802,0.23272870423006,-0.975341702475855,1,0,0,0,0
1,0,-0.976945646593979,-0.805695244104091,-0.847481110153385,0,0,1,1,0
2,1,0.264256281372805,0.538828029132738,0.897929688936422,0,1,1,1,0
0,2,-0.130972288496775,-0.238255480539655,2.94362192334696,1,1,1,1,0
0,1,-2.76826833415608,-0.506056537075891,0.0618322716248673,0,0,1,0,1
2,1,-0.805442901950696,-1.29011206332022,0.117058701381997,0,0,1,0,0
1,0,-0.472958957326397,-0.290052030473356,-0.153401684676693,0,1,1,1,1
2,2,0.740114350406449,1.51265989933733,-0.0251226353950392,1,0,1,0,1
1,0,0.874448975464076,1.84393846821293,-0.899101731919558,0,1,1,0,0
0,0,1.16750504274223,-0.551848251824509,-0.393088235953042,0,1,0,0,0
0,1,-1.30940511164387,0.935826915386984,0.488382026453393,0,1,1,0,0
1,3,1.90033902504348,1.30932022850602,-0.405819005755747,0,1,1,1,0
1,1,-1.19569163937934,0.24749118094894,1.74835450385163,0,0,0,1,0
3,2,-0.0804889274203395,0.19363643436041,-0.318316568744958,0,1,0,0,1
2,3,1.04552572822139,-0.869787068506256,0.691164983045788,1,1,1,1,0
2,2,1.71459954527276,-1.41863004709717,-1.73015214557472,0,0,0,1,0
2,1,-0.86636297530168,-0.469699744409355,-0.0873728173322973,0,0,1,0,0
1,2,0.403282632279433,-0.832148722378353,-1.66484422657439,1,1,0,0,0
1,5,-1.84801274616875,0.284086847688257,-0.285401022800674,1,1,1,0,0
2,6,0.375489116765032,1.4929822853662,2.17225010566646,1,1,1,0,1
8,2,1.92761581967567,-0.0243936859413466,0.458575502654401,0,1,1,1,0
1,0,-1.54810644604302,-1.29607555392145,-0.375133625319877,1,0,0,1,1
1,1,0.513760381321753,-0.481442364173918,-1.80966570906648,1,1,0,0,0
4,6,0.749378025233771,0.784773114709543,0.399337437536111,1,1,1,0,0
0,1,1.16646097831565,-0.272520411006718,2.2482162212732,0,0,1,0,1
2,0,0.500461062696103,0.19909608030747,0.830759036690699,1,1,1,0,0
1,2,-1.09220589489211,0.705828342574986,0.936385133191018,0,0,1,0,1
0,0,1.10545092395328,-0.566227308694235,1.98646712680213,0,0,0,0,0
1,0,0.529044959110234,-0.687418440095512,-0.693927516805793,1,0,1,1,0
1,2,-1.77186958832711,-1.85020919281167,-0.242246116630042,1,1,1,1,0
7,0,0.263256123693744,0.117873132294812,0.997218581125578,1,0,0,1,0
2,1,-0.801495880492736,-0.936563525817999,-1.9619438356725,0,1,0,0,0
1,0,-0.102550439943334,-0.327910538310649,1.47408466231019,1,0,1,0,0
2,0,2.20617297708744,0.497384183750466,1.6801878861716,1,1,0,0,0
6,3,-1.68869587335794,0.166900413171932,-0.138025802448677,0,1,1,0,1
2,1,1.07363026454969,-2.30135444990974,1.04597454596428,0,1,1,1,1
0,0,1.7468007137382,-1.35278638132473,0.982732266418473,0,0,1,1,0
2,0,-0.80522854054433,0.0679004403680995,-0.214435153579031,0,1,0,1,0
5,4,-0.70292784891654,-0.283089270166193,-1.1701651478335,0,1,1,1,0
8,1,-1.42343856824745,-0.318084696786962,0.130794961047563,1,0,1,1,1
0,2,0.88900420837592,0.709736966634537,1.00995852467269,1,1,1,0,0
6,2,0.372952995906973,0.368501074652762,-1.86994477430311,1,1,1,0,1
2,2,0.406901873039387,0.170892301479425,-1.30728874680369,0,0,0,0,0
0,0,-1.39707689697347,0.335429215490808,-0.261007143774202,1,0,1,0,0
0,1,0.768158572983862,-0.788796956413436,0.429113882936691,1,1,1,1,0
3,4,2.10011886089143,0.778488517144882,-1.14262224971699,0,1,1,1,0
1,2,-0.431026807843206,-0.123021189484494,1.81148935792762,1,0,0,1,0
3,1,-0.741347376155081,0.813840766321211,0.458074345891617,1,0,0,0,0
0,0,-0.534885760976671,0.097325198781522,-0.896898472059814,1,1,1,0,1
2,0,-0.287050889254319,0.838016467915757,1.75030622551568,0,0,1,0,0
0,1,-0.302299498263298,1.13689850288308,-0.691827744750302,0,0,1,1,0
4,1,-0.21371526656021,-0.332544154901417,-0.367601667596721,1,0,0,0,0
10,1,0.412859279203255,-1.22376875514277,-2.61368161294239,1,0,0,1,0
8,2,0.728433760868771,0.312993926585748,-0.153870540335559,1,0,0,0,0
8,1,0.544403531873475,-0.457073150615179,-2.55057437746318,1,0,1,0,0
0,4,-0.565746976363983,-0.234141710700124,0.494658688684905,0,1,1,1,0
1,4,-0.477630900548061,0.74179816204649,0.624004761825588,0,1,1,0,0
1,1,-1.04096837420162,-1.20551467495145,1.78314488273822,0,0,0,1,1
1,2,-0.638027211557646,0.211468251638115,0.740959429147273,0,1,0,0,1
6,2,0.0819849711428238,1.21323397002707,-0.65973472792501,0,1,1,0,1
2,0,-0.220641827495851,0.313546955527083,1.95265586985802,1,1,0,1,0
3,2,1.12800618984799,-0.346818589801069,0.339550861048267,1,0,0,0,1
1,1,1.42983572006983,-0.764342662649706,-0.00800243064099499,1,1,1,0,0
1,0,-0.954068889680835,-0.798160333094722,1.52718405655874,1,1,1,0,0
1,2,0.209296003976161,0.162368771131845,0.406575451566786,0,0,0,0,0
12,8,0.91345173223244,1.52781689670743,0.545082404694811,0,1,1,1,1
6,1,-0.749263081533658,0.405243839922081,-0.309874128640955,1,0,1,0,1
2,1,0.893145250129257,-1.51983440987989,-1.11277651314962,1,1,0,0,0
5,0,-0.497329427581282,0.265329358309798,-0.802334528146224,1,1,1,0,0
2,1,-0.429407391001522,0.821793150803345,-0.615083396650754,0,1,0,0,0
0,0,-1.07969372965589,-0.00906702852597826,0.0624263803083247,0,1,0,0,1
0,0,-0.0301290786307543,0.50195601912027,-0.405427089030482,0,1,0,1,0
0,1,-0.120336901379217,-0.0614247120635829,-1.54868853633901,0,1,0,0,0
4,1,0.560537172835038,0.433015887792073,-1.51955843239115,0,1,1,1,0
2,3,-0.327147549771269,-0.757411033723233,-1.10059279671228,1,1,1,0,1
3,3,-0.630886074007127,1.09249545586561,-0.33028324079925,0,1,0,1,0
1,3,0.386357454773538,1.15328053346228,0.862538271979822,0,1,1,0,0
4,1,1.55448761055771,-0.706519865095557,0.265648637259219,1,0,1,1,0
4,1,0.191370175987177,1.20321424694048,-1.88970514246369,1,0,1,1,0
1,1,0.134725547567561,1.86167372386204,0.0615459525718325,1,1,1,0,0
0,1,-1.35414529949602,-0.905075465487872,0.781444344162497,0,1,1,1,1
0,1,-0.195744448790052,0.521631627077792,-0.787745179377093,1,1,0,0,1
2,2,0.458790483673437,-0.247844953880553,-0.737508364241801,0,0,0,1,0
2,0,-0.777270647489055,0.442813920744951,0.0284141294838408,1,1,0,1,1
0,0,0.691158427614703,0.381222340266034,-0.246929110888617,1,0,0,1,0
1,0,-1.27296946847659,-1.02000023096761,0.168449879773767,1,1,1,0,0
3,4,-0.715241021966613,0.0225927660610237,1.90284962829347,0,1,1,0,0
2,0,0.464043003353103,-0.917714094624493,-0.857983079757203,0,1,1,0,0
0,0,1.61332594405388,-0.534002572185545,-0.730121932901831,0,1,0,1,0
1,4,0.233323706391287,0.172851912618743,1.73560027287496,1,1,0,0,1
3,1,0.0799524460871735,0.288037540073583,0.331652413899312,1,0,1,1,1
13,0,2.9349851518197,2.54955322014044,-0.318607418998211,1,0,0,0,0
8,3,1.3572594688858,0.414261125906026,-1.38602652553801,1,1,0,1,0
2,0,-0.322002994661355,-0.212157158153623,-0.0917400801060945,1,1,1,1,0
2,3,-1.39167256083614,1.67917894613166,-0.642052401011056,1,0,0,0,0
8,6,0.924347841181474,0.86042803194434,0.0865911518368077,1,1,0,1,0
2,3,0.246155272342641,-0.727241072391092,-0.315764334033017,1,0,0,1,0
5,3,-0.223035176021913,-0.477246225023294,1.60785739558202,1,1,0,0,1
1,0,1.06537152949986,-0.657453429037982,0.535285056607951,1,1,1,0,1
5,1,-0.118576637975273,-1.32958813322435,-0.415499891561844,0,1,0,0,0
5,14,-1.46593195310634,2.07617571389156,0.739254694597699,1,1,1,1,0
2,1,-0.663265201442629,-0.610126152352332,0.438469208447367,1,1,0,1,0
6,2,-0.911392875894548,0.239638647932785,-0.404938522295468,1,0,0,1,0
1,1,-0.0439000863987512,0.954891546013652,-0.280983399026571,0,1,0,0,1
0,0,-1.06864457386903,1.12217729150755,-1.40846086499505,1,1,0,0,0
0,4,-0.40994913014878,-1.89026680048544,0.375471465140008,0,0,0,0,0
0,0,0.536366794117848,1.57991531206138,0.322475589896799,1,0,0,0,0
0,0,-0.420422014910316,1.42757052628075,-0.0123959074225211,0,0,1,0,1
1,2,1.16961213685909,0.0052667250263488,0.188895821399051,1,1,0,0,0
2,0,1.56911660945342,-0.917973769862018,0.606458977928781,0,0,1,0,0
0,3,-1.6855647497664,1.23796686224837,2.60370542109028,1,1,0,0,0
1,1,0.446657633624296,-0.143892513824452,-0.946644732492399,1,0,0,0,0
7,8,-1.37820091291925,1.37034670768479,-0.8404867282252,0,0,0,0,1
0,0,-0.670180138379728,1.01035233196646,-0.0356952929710175,1,1,0,1,0
0,0,-0.755600278726979,-0.120314467898435,0.275600907130057,0,0,1,0,0
1,1,-0.502678028508766,-0.682904274688949,-0.354850648535309,0,0,1,0,0
3,1,-1.18153083033099,-0.10689986332108,0.531201198850943,1,0,0,0,0
2,2,1.53974778628083,-0.241637097443313,1.89555392595772,0,1,1,0,0
0,1,-1.26231242124935,0.314633935974039,-0.586163090011752,1,0,0,0,0
5,0,1.20186369498078,0.18143550191001,2.14836938269654,1,0,0,0,1
5,7,-1.08607065593084,0.402968041605588,0.276143521860843,0,1,0,0,1
0,3,-1.03949629012794,0.862336158554326,-1.72953794143214,1,1,0,0,0
4,0,0.314142219605253,-0.49948737049533,-0.0174822343031414,0,0,1,1,0
3,1,0.991368276833375,-0.160794149409293,0.898445182196713,1,1,1,0,0
2,1,1.08938864020623,0.591084084948044,-0.460887186882551,1,0,0,0,0
4,0,-0.275292818103365,-1.08573655916282,-0.628683865234782,1,0,0,0,0
13,3,1.7002683576511,0.775371321698753,-0.335965230807859,1,1,1,0,0
4,1,-0.18917988186246,-0.91699834279548,-1.47750246546828,0,1,0,1,1
4,1,0.0845436195728178,-0.18999947622047,-0.628550142038164,0,1,0,1,0
2,8,1.10422026610371,0.128418280930969,0.560883230841032,0,1,0,0,1
3,1,0.433303598981623,0.625268655411129,-1.75759879761258,0,0,0,0,0
1,3,-1.05964987688649,-0.540678813718847,-0.630049839706585,0,1,0,0,1
3,0,0.287168981815876,-1.5924478814621,-0.482834514347154,1,0,0,0,0
0,1,-0.749914476611417,-0.173856500592351,1.2462018499037,0,1,1,0,0
0,3,-0.9233758534151,-0.277063023036658,0.644374305728657,0,0,1,0,0
0,1,1.17959813243679,-0.0259268414077804,-0.0767214501105004,0,1,0,0,0
6,2,1.45343334999173,0.370834451646895,0.377544630998396,1,1,1,1,1
7,4,0.656559536072765,1.49735764078248,1.61550853988458,0,0,0,0,0
4,3,0.181073471744845,0.157952951214645,-0.0859859709518286,1,1,1,1,0
3,3,0.241231176142964,0.0850751159587181,-0.906753092494601,0,0,0,1,0
1,0,-0.770601904669236,-0.367650121050338,0.286644912539695,1,1,1,1,1
0,0,-0.578555216079539,1.17737924780218,-0.450474373381729,1,0,1,0,0
3,1,1.02415634267,-0.635861937505704,-0.639686334695742,1,0,1,1,0
4,1,-2.68917301535801,-0.193716431021057,-1.45039456419609,0,0,0,0,0
3,0,-1.81292177610517,0.753846368237204,0.625073236360133,1,0,0,0,1
0,0,0.0789200941588925,0.935024168302246,0.0369360724378908,1,1,1,0,0
1,2,0.474728967706177,0.632800305472,0.226328026489832,1,0,0,0,1
3,0,-1.44023438910095,-1.1368796259817,0.489498972015744,1,1,1,1,0
1,2,-0.584572227060381,0.409972703825692,-0.218956000069843,0,1,0,0,0
4,2,0.096395324708905,0.81437046653421,-1.29808143995505,1,1,1,0,1
4,3,0.937962940771145,0.0244410156198401,0.189685802016345,0,0,1,0,1
5,2,-0.169930327218499,2.37974124605197,-0.386883287672059,1,1,0,0,1
1,2,0.134919247590346,-0.53759593189729,-0.372058362231525,1,1,1,0,0
1,1,2.1719127547481,-1.27406644738005,-1.06361959606454,0,1,0,1,1
3,0,-1.26533374075127,0.917235377425587,0.30890603447003,0,0,1,1,0
2,0,-0.647667846956072,-0.346426909360196,0.837313737956268,0,0,1,0,0
2,0,-0.171765181392346,0.923438849686961,0.133108604190669,1,1,1,1,0
1,1,-1.61096192603912,-1.26805162508781,1.13587719760811,0,1,1,1,0
9,3,-1.51331567253509,1.16597579984862,0.080400865474515,0,1,1,0,0
0,1,0.259878544676007,1.10342436760142,-1.81244125307194,1,1,0,0,0
1,3,-0.859725533199194,-1.53785594375153,-0.541693409462858,0,1,1,0,0
2,4,1.8261957490107,-0.574452426332749,0.44677966618007,0,0,0,0,0
4,2,-0.140849943171568,-1.61346628756544,0.624149588418142,1,0,1,1,0
3,2,0.776085803196068,-1.11544849489183,0.125548582712254,0,0,0,0,0
18,2,3.4480173146727,0.129938071326754,-1.0775014291888,1,1,1,1,0
0,0,-0.819447149022208,-0.856520746307889,1.34665776775505,0,0,1,1,0
2,1,-1.09690159504875,-0.037500599686738,0.595747642040436,1,0,1,0,0
1,0,-0.708463099961179,-0.0335317278668253,-0.864182743448638,1,1,1,0,0
1,0,-1.18549965063044,-1.29910457631599,-1.62720445653582,0,1,1,0,0
0,0,-0.932163287753032,-1.21010954229429,-1.61274830412715,1,1,0,1,0
0,3,1.36307763342255,0.691171785604278,0.201658299121783,0,1,0,1,0
2,1,0.527218317524354,0.801220097640361,-1.04505167647768,0,0,1,0,1
4,2,-0.860016301729922,-1.01856631793445,-1.74437593629955,0,1,1,0,0
0,0,-1.58841192309293,-1.14858924770714,-0.190086087420401,0,1,0,0,0
4,7,0.588930012358977,0.302985577245715,-0.157427429262531,0,1,1,1,0
5,1,0.642559317831883,-0.92757725913089,-0.16645957235764,1,1,1,0,0
1,1,-1.85210645131936,0.286949325160705,0.277298217503815,1,1,0,0,0
0,0,-0.752642088175284,1.26437484451576,0.0720193318447699,0,0,1,1,0
4,2,1.01943369317086,0.0241758932157524,1.34878974067318,1,0,1,0,0
0,0,0.320501545933465,-0.0478990002511777,0.0349991274055206,1,0,1,1,0
2,3,-0.899343401174807,0.204921214569249,0.405479148560312,0,1,1,0,1
4,1,1.12903059676469,0.424830385404181,-0.446604644089822,1,0,1,1,0
1,1,-0.211667228027752,-1.41589345579936,-0.33687709365922,0,1,1,0,0
2,1,1.37636019766695,-0.676175767215207,-0.560317567349745,1,1,0,1,0
1,0,0.248560487069755,-1.40418761358104,-0.858723474538882,1,1,0,0,0
0,0,-0.970393148024084,0.486399955950856,0.904428585891955,1,0,0,0,1
1,2,-0.575702230549726,-1.515175877829,0.457782615091833,0,1,1,0,0
1,0,1.65171425796234,1.46789631581098,-0.452288444821763,1,0,0,0,0
2,1,-0.608684140746095,0.220978458896061,-0.674518785637694,1,0,1,0,1
0,1,0.795764282308816,0.542067388869054,-1.06237946834816,1,1,0,0,0
0,0,-1.25857191295209,0.0411949430952731,1.32402916198563,0,1,1,0,0
8,6,-0.372965885952239,1.06029177007029,-0.947557919348744,0,1,1,0,0
1,0,0.00849337133915415,-0.141539692102416,0.258351349000801,0,1,0,1,0
2,0,0.653934683116135,-0.343093963925507,0.775973963082783,0,1,0,0,0
0,0,0.785466571811076,-0.193289315509636,0.0479192075813406,1,1,0,0,0
7,1,1.44187973286318,-1.13150109978793,-0.263935110652256,1,1,1,1,0
3,3,-1.74147616195618,-1.24819191208933,-0.147627127825569,0,1,0,1,1
4,1,-0.541872722636811,-0.186954539678692,0.199787938713723,1,0,0,1,0
0,1,0.979578669543511,1.34664790624776,0.762576709439429,1,0,0,0,1
4,6,0.422545392992612,0.0975379633983574,0.556087925692455,0,0,1,0,0
0,1,-0.278557701948146,-0.294316413723636,0.504321624594659,0,1,1,0,0
0,0,-1.76805149282718,-1.75693200412037,0.0597575797335107,0,0,1,1,0
2,2,-0.423952671990462,-0.317109232057797,1.20928039271255,1,0,0,1,1
2,3,-0.402253573249724,0.840306466995107,0.937813037052519,1,0,1,1,0
3,1,-0.784791095437882,-0.939363692041255,-1.11134251671155,0,1,0,0,0
1,3,-0.399478119579186,-0.117770152199344,0.0683872073538444,1,1,1,0,0
1,4,-1.26638702820925,-0.130466859622963,1.40719331856754,0,1,0,1,0
2,2,1.15742112329515,0.869145353475278,0.804976626574427,1,1,0,0,0
5,0,-0.930118083507913,-0.409326030277742,1.99154359992022,1,0,0,0,0
0,0,-0.189703850539017,-0.274283388528975,0.0290344530216294,0,1,1,0,0
3,3,-0.242862032457612,-0.280564109132848,-0.016559154940647,0,1,0,1,1
1,3,0.0176758261529665,0.478188354076424,-1.29045050445544,1,1,1,0,0
1,2,1.04900176178737,1.36942193010066,3.44305688893023,0,1,0,0,0
0,5,-2.13664321857968,0.89038988960102,1.27371091802986,0,0,1,0,1
1,1,-0.741778218312667,-0.325264538703418,1.10521124768509,0,1,1,0,0
1,2,-0.427062351348772,-0.0323750904082085,-1.04807736945138,0,1,1,1,0
1,2,-0.535656229737989,0.949837218624737,-1.42194779218257,0,1,1,0,0
0,0,0.303507992662707,-0.675690993656621,0.325369276646645,0,1,1,0,0
0,1,-1.47042705127022,-0.687448603766788,0.208334739148774,1,1,1,0,0
2,1,0.382369394883983,0.615888396708385,0.975756403139101,1,1,1,0,0
3,4,-1.85135193559303,0.903211174221093,1.5939469438285,1,0,1,0,0
1,1,1.14121129082584,1.27638766585326,-0.188869663609222,0,0,1,1,0
9,1,0.0935214148890456,0.425042265532594,0.343852590683641,1,0,1,0,1
0,0,0.2295012945934,-1.00714527294347,0.963127688835921,0,1,0,1,0
0,0,-0.796160289408978,-2.14516527092184,1.44366683228271,1,0,0,0,1
3,2,-0.53537997039851,-1.19493360065447,-0.651983547405848,0,1,0,0,0
1,4,-0.41429476369085,-0.116123484264548,0.0372818629455314,0,0,1,1,0
3,3,1.25175271110478,0.0170237036585916,-1.13320719618664,0,0,1,0,0
0,2,-1.19391230506773,-1.05873631391658,0.943109181539188,1,1,0,0,0
3,1,0.0787425455825418,0.200454695277588,-0.830391397736827,0,0,0,0,0
1,4,0.441292947079473,1.61739588696852,1.81743649050635,0,0,0,1,1
1,0,-0.997489743625053,0.193214578641231,1.17004105900496,0,1,1,1,1
3,1,-0.40933761313106,0.540654707227592,2.21449690126249,0,0,0,1,0
7,5,0.452443870844328,-0.825789799997834,1.24079825809034,1,1,1,0,1
1,0,0.549635518886195,1.93960893670621,1.35955272792819,0,1,1,1,0
1,0,0.271679393495537,-0.243915691329719,-0.414416704922867,1,1,0,0,1
6,1,0.966740167627312,0.16368802077527,0.452185205379249,1,0,1,1,0
0,0,1.45508275936117,0.459848367129058,-1.04415465064428,0,0,0,1,0
0,2,1.13046150998786,-0.700094255003585,0.427564159517607,0,1,0,0,0
2,0,-1.44203063122129,1.67005236377363,0.776458246429618,0,1,1,0,0
1,0,0.913870153130449,-2.14520410608986,-0.0737430451825352,1,1,1,0,0
2,0,0.0571279821620899,-0.350391894028088,1.15507152447581,1,1,0,0,0
0,1,-0.822481371392428,0.343825802359123,1.08414260382587,0,1,1,1,0
0,5,-0.996023448848919,0.272787907653204,0.86662872978362,0,1,1,1,0
5,0,1.04362647797523,-0.815938464717672,-0.118181563488998,1,1,0,0,0
1,0,-0.471360228387736,-0.42256031609828,1.73082806476312,0,0,1,0,1
5,1,2.91434064515285,0.786751291741288,-1.49205012748327,0,0,1,1,0
1,7,-1.02256300390981,-0.499569195719988,-0.678783737945981,1,1,1,0,0
2,0,0.0591038677452155,-0.27106383641021,0.586215322295728,1,1,1,0,0
1,1,-0.321976376373478,-0.0314109115285763,0.195889629295057,0,1,1,1,0
2,1,-0.717856443660622,0.13131029102203,-1.51373457661472,1,0,1,1,1
0,2,-0.169402860504307,-0.647083833168908,-0.242208410931424,0,1,0,1,0
3,3,1.26449289599827,1.99970747534966,-0.704357331932619,1,1,0,1,1
2,0,0.283019408090773,-1.89458780380953,0.651819213849542,0,1,0,1,1
3,2,0.991322552774204,0.660428123973795,0.427650402973647,1,1,1,0,0
20,4,1.73833881066299,0.329406621136439,-0.594269467761075,1,1,1,1,0
0,0,0.690783083963616,-1.13731285941894,1.42907793778921,0,0,0,1,0
1,3,-1.06650275884142,1.88985636537877,-0.80139847357771,0,1,1,1,0
1,0,0.209560535799757,1.36961332051948,0.597325522911958,1,1,0,1,0
0,3,-1.12901435502116,-0.337746194742527,0.0464312044254745,0,1,0,0,0
2,1,-1.2410234315969,0.73398355460011,1.11562848182047,0,1,1,0,0
7,2,0.410335534949,-0.239881823706777,-1.63999229138446,1,1,1,0,0
2,1,-0.0356984879716924,-0.479494236327924,2.16406421240688,1,0,1,0,0
0,0,-0.102082423440399,0.325496472684372,-0.81998472417189,1,1,1,0,1
1,4,-0.298923558727357,1.06275861291848,1.29514544356963,1,1,1,0,0
2,0,0.581700530034677,0.234962932907602,-0.353788194943078,1,1,1,0,0
0,2,-1.96701732034236,-0.873486858143626,0.585253201679295,0,1,1,0,1
0,0,0.862446407169167,-1.13186326330052,-1.58705176028876,1,0,1,1,0
1,1,-1.0123206120173,0.204482496359446,-1.20632467668012,1,1,0,0,0
4,2,1.73534769790571,1.2065855219156,0.839703411978609,0,0,0,0,0
0,0,0.0552946187171026,0.379225255159629,-0.689457969016155,1,1,0,1,0
3,1,-0.534387288624973,0.239645974487236,0.298111399594075,0,1,0,0,0
3,1,-0.248591820832496,1.00109376600823,-1.04416589853087,0,0,1,0,0
5,1,1.38105469004923,-0.470698430954054,0.715184913581424,0,0,0,0,0
0,0,0.0892544621557112,0.651352230187158,-0.432270119751374,1,1,0,1,1
0,1,0.457640751186433,0.0479707977773718,-0.476063710993395,0,0,1,1,0
1,0,0.7351856444922,-1.59979687624028,-0.743350770351048,0,0,0,0,0
2,0,-0.71193603884774,-0.435339630654472,1.06336463900905,1,0,1,0,0
0,3,0.66753169271706,1.11728315705395,-0.0260511655779196,0,0,0,0,0
1,3,-0.676818777107598,1.93163608484506,-0.176848007090061,0,0,0,0,1
1,3,-0.835380191585386,0.320165859154447,1.63021113989803,0,0,1,1,0
3,1,1.22008331607189,-0.725274207622433,-0.157696972059731,1,0,1,0,0
1,0,-1.01273225089735,-0.0222453906742026,0.657187555286104,0,0,0,0,0
6,2,-0.1094216312679,-0.0753037732059644,-0.0440575243933571,1,0,1,1,1
0,0,-0.0379659883712986,-0.246196036571395,1.36942288888662,1,1,0,1,0
3,0,0.284826954278711,-0.13762583863961,1.12541648881382,1,1,0,0,1
3,1,0.308434490593365,1.08925121556169,-0.691234718075141,0,1,1,0,1
0,1,1.18714810987249,0.260365588648457,1.51916039040733,0,1,0,1,1
0,0,0.595871301231335,-1.6323111670153,0.245952973858815,1,0,0,0,0
5,2,-0.732022400078488,-0.769557575259878,-0.659577518032909,1,1,1,1,1
9,3,1.56118427027543,1.15565696721282,-0.500976695778256,0,0,1,0,0
1,3,-0.0919733417798641,0.238975679462683,-0.548014946973718,0,1,0,1,0
0,4,-0.307456525091363,2.75524760717217,-0.0362649265840149,0,0,1,1,0
0,3,-0.998250239213968,-0.619031515626939,-1.46086533837755,0,1,0,0,0
1,1,0.255784544852454,-0.288807369887967,-0.305408664760219,1,1,0,0,1
4,2,-1.72260696140915,1.11014194622887,-1.21915695855726,0,0,1,1,1
2,0,-1.64476200017238,-1.03176347012259,0.298005877023919,1,0,1,0,0
0,3,1.5058455879388,0.0469537671194604,0.862296675924259,0,1,0,1,0
1,2,-0.482170596313882,1.41526119032242,1.35959787749321,0,1,0,1,0
1,2,1.48672500521559,1.13075865078038,2.08585290665342,0,1,1,0,0
3,7,-0.103096073324211,2.96510247653387,-1.17114744867632,1,1,0,1,0
5,1,-1.11706734407598,0.272684985502906,-1.97229257742585,1,0,1,0,1
3,0,-0.193441200750093,-1.3917225129771,-1.27555917275901,1,1,1,1,0
1,0,-0.931024085677723,0.161010419856979,0.270700352290103,1,0,1,0,0
1,5,1.17316720540045,-0.433576483218761,2.34844017230582,0,1,1,0,0
0,2,1.86691859593709,0.190581704699628,1.49073444896453,1,1,0,0,0
0,0,-1.17726972710419,-1.65712722583579,2.19132828551414,0,1,0,0,0
1,1,0.328207573274733,1.32771099039188,0.0123152823785657,1,0,0,0,0
0,2,-0.854532753515952,-2.77295619159878,0.706551012344702,0,1,0,0,1
0,3,1.16395865562871,-0.379422043131022,-0.224708090023792,1,0,1,0,0
4,0,0.453111510204653,-0.877150195276934,-1.92467112398867,0,1,1,0,0
0,0,-1.81263638751367,-1.24492013561616,-0.306932617267627,0,0,0,0,0
0,0,1.60149132427241,-0.887322524115523,0.768728037930639,0,0,1,0,0
0,0,0.386223309952688,-0.902606804620914,1.14376840937955,0,1,0,0,0
6,3,-0.0732504754192321,2.4895812831945,0.436429925112165,1,0,1,1,0
4,0,1.02380153398734,0.0296204688193013,-0.334156979462832,1,1,0,1,1
0,1,-0.359357970955511,1.26064345268502,-0.693141756681712,0,1,1,0,1
3,0,0.343219194260206,-1.51252546926784,-0.56297627963801,1,0,0,1,1
1,1,-0.844989334342149,-0.0859306660942022,-0.215236492443999,0,1,1,1,0
3,0,-1.71501704932364,-1.52035295808536,-0.472649045344513,1,0,1,1,0
0,0,-0.189050948748079,-0.7311516631959,-1.15816678726197,1,0,1,0,0
2,2,0.43243051358151,1.42094361829241,-0.366688272564987,1,1,0,0,0
1,1,-1.41004856889407,-0.979789523684939,0.792964949268036,1,0,1,0,1
4,2,0.146831079856009,1.29437262853616,-1.14220869564878,0,0,1,0,0
2,4,-1.04559998081875,0.699746746056819,1.41533641087056,1,1,0,0,0
2,0,0.184473280027666,0.557305361509431,-1.0444582935605,0,1,1,0,1
1,2,0.66701668442641,-0.85292456926482,0.525366029673234,1,0,0,0,0
5,0,1.62510272435678,-0.00713775042075089,-0.83097479068463,0,0,1,1,0
2,0,0.337734459513607,0.164400936959008,-0.421973670678194,0,1,1,1,0
0,0,-1.06219192925416,0.743063409417689,1.80587353453675,0,0,0,1,1
0,0,-0.738090812492877,-0.283725899478467,1.47311467229932,1,1,1,1,1
1,0,-1.01964795564464,0.424691021887231,-0.397221086491096,0,0,1,0,0
3,1,2.14452320982433,-0.230532676810733,-0.842001425732109,1,1,0,0,1
2,0,0.804421275699795,-0.984280272916911,0.121274742919156,1,1,0,0,1
4,0,-1.74641507155154,-2.89985710989743,-0.311293960208575,1,1,1,0,0
3,1,-1.13082155585878,2.16541691569743,1.00525957764037,1,1,1,1,0
1,7,-1.67642451426509,0.488713813593344,0.850238570090452,0,1,0,0,0
0,0,-0.279283250362788,-1.06456704622795,-1.06654295145423,0,0,1,0,0
0,0,-0.114342642102613,-0.0858405750781816,-1.28098256640783,0,1,0,0,0
1,0,-0.144333032724298,0.231857561543832,3.03772639529591,0,0,1,0,1
3,0,0.514267484757938,-1.11717014677705,0.248180576235458,0,0,1,1,0
1,0,-0.134522374001645,-0.506443321732503,0.702775070969798,1,0,0,1,0
1,0,1.32788209411759,0.87400750376276,-0.911939390650646,0,1,0,0,0
2,0,0.560317615952432,0.398939416445274,-0.657953994821696,1,0,1,0,1
3,1,1.36324110235769,-0.418989991416777,0.616056206853946,1,1,1,1,0
5,1,-0.321225438629903,0.547993195509528,-0.753207950023878,1,0,0,0,1
0,2,0.420265043560665,-0.962941043378659,0.294216697439032,1,1,0,1,0
2,1,1.07158099176554,-0.267374773325543,0.679545336972647,1,0,0,0,0
7,1,-0.551681398410941,-0.369862834856713,-0.391667313513703,0,0,1,0,1
6,0,-0.078534901059986,1.90497521759026,-0.841177056432764,1,0,0,0,1
0,2,0.15428472538555,-0.436888622486646,-1.67142066308119,1,1,0,1,0
1,0,-0.867653915738456,-0.310217093714891,-0.845266822044485,1,1,0,0,1
3,0,0.307216619470534,-3.03429022822963,-0.318904746041537,0,1,0,0,0
0,3,-1.54776302658113,-0.0394304939611353,0.588341828129031,0,1,0,0,0
4,3,-0.196152131607716,0.872316024000228,-0.216200602385102,1,1,1,1,1
6,4,0.34355126010591,0.332457925966318,-0.455421342940692,1,0,0,1,0
2,1,1.08634476486179,2.27192951226867,-1.06811295944698,0,1,1,0,0
3,0,1.40863893117766,0.800221157147221,0.56648761901487,0,0,0,1,0
1,1,-2.93587693379181,0.259939909112837,0.00268606799583774,1,1,0,1,0
1,2,1.18723889441041,-0.176725349991069,1.45873642015076,0,1,1,1,0
2,11,-1.07424828871491,-0.724067445183923,0.390805847237546,0,1,0,1,1
3,0,-0.154504365393638,-0.40704171601304,1.57320942432784,1,1,0,0,0
1,1,-0.442533579210233,0.00326632291975827,-0.667484014721326,0,0,0,1,0
0,0,-1.11919595010187,0.974393203555699,-0.7907332649203,1,1,1,1,0
2,0,-0.301848727735438,-0.681611848238053,0.484135243323412,1,0,0,1,1
3,0,-0.438396537737727,-0.129143231034305,1.45485436062103,1,0,1,0,0
0,0,0.648075749322406,-1.43349947057624,1.32658536145077,1,0,0,0,0
2,1,1.43337473025896,-0.210199788439627,0.946915817453442,0,0,1,0,0
2,0,0.676514484954584,1.43869439850822,-0.0816754160791101,0,1,0,0,0
0,0,-0.0686213954376935,0.823446488625386,-1.79701471939728,1,1,1,0,0
2,4,-1.56669910968485,0.367996816643655,-0.08290185850227,0,1,1,1,0
4,7,-0.988098096596026,1.08020536128669,0.483160872469329,0,1,1,0,0
5,5,0.361759833553988,-0.0137520425887492,1.17075371629222,0,1,1,1,1
2,11,-0.497546461969388,0.877367262434405,-0.442366467444161,1,1,1,1,1
1,2,1.34172142143709,-0.980986869534773,-0.993786831976733,0,1,0,1,0
1,2,0.557723547793123,-1.55364460817589,0.475382341310512,0,1,1,0,0
3,0,1.21154940632672,0.0167382311380383,1.24942309795183,0,0,1,0,1
2,0,1.34351367025649,-1.78017689616792,-0.022078447665253,0,1,0,1,0
4,6,0.593146888074161,0.465952522167188,-0.676593295193628,0,1,1,0,0
1,2,-0.0633274728292347,-0.287119388318381,-0.112370054511645,1,1,1,0,1
1,0,0.131959292774137,1.32421646778594,0.586241355000754,0,1,1,0,0
1,5,-0.246993212286502,-0.0180325209589691,0.579535639183058,1,0,0,1,1
2,4,-0.0761639840956297,-1.25570289077202,-0.0353648522877677,1,1,0,0,1
4,2,-0.74750977407426,-0.257122863750689,0.568298720303562,0,1,1,1,1
8,3,0.246730227461539,-0.166486985268233,0.49415950892252,0,0,1,0,0
8,8,-1.00169898368978,0.112617515456692,0.0670075161886071,0,0,0,1,0
4,1,-0.323623237364143,0.223689114062046,-3.07967095239647,1,0,1,0,0
0,0,1.33279868230597,-1.35670190667672,-0.0810720879908663,0,1,1,0,0
1,3,0.520976519337823,1.09764694297297,-0.106803090398043,1,1,1,1,0
0,0,0.381397572635372,0.00422559788415932,1.21051499300429,0,1,0,0,0
5,3,0.0584058472456027,-0.473711463104781,1.00413766365208,1,0,1,0,0
0,0,0.28299807259625,0.778011294948028,0.874519744809807,0,1,0,0,0
1,1,0.800151258599028,0.402841045950989,0.245455480357284,0,0,0,0,0
4,0,-0.836677617485312,-2.01170891386083,0.0351387923240691,0,0,1,1,1
0,1,-1.83445296316089,0.134082850540701,1.36203435666583,0,0,0,0,1
2,5,0.394234180312189,1.06480795662545,1.90786206418885,1,1,0,0,1
4,0,0.232699542583946,-0.112692467962078,-0.596146718222459,0,1,1,0,1
10,17,1.2930202273614,1.73568835959037,1.54763370770989,0,1,1,1,0
0,0,0.259457548168825,-0.049466029909689,-1.08313732174572,0,0,0,1,0
2,1,-0.0755567953220466,-0.371105642670627,0.715598367220758,0,1,0,0,0
1,2,1.27159074952516,-0.138544600443784,-1.0379250481704,1,1,1,1,0
1,0,0.290355275612752,0.267262075787311,0.292188592790189,1,0,1,0,0
2,6,-0.724726443239469,-0.482679235224533,0.458741376366269,0,1,0,0,0
2,3,-0.600183645370494,-1.91132825535433,0.496183386451974,1,1,1,1,1
2,1,-1.08662014756963,-1.13251873860233,0.11000494038669,1,1,0,1,0
2,3,0.58262972858908,0.956662675260784,0.0254512480597108,1,1,0,1,0
6,0,-0.155597169796867,-0.619136437296181,1.21906264227773,1,0,1,1,0
0,2,-0.125878957500532,-1.71198195160703,1.83350839223007,0,0,0,0,0
4,4,-0.238050249576087,0.30610433078054,-1.27020176218198,0,0,1,1,0
4,1,0.284365661637668,1.74188314773423,-0.0209502240697289,0,1,1,1,0
5,4,0.632083912880812,0.891947787969193,-1.47254484014993,1,0,1,1,0
5,3,1.01856411467103,-0.197953949457669,0.658361756998471,0,1,1,0,0
12,3,0.370256972081819,0.738379103325137,-0.819320345038887,1,0,0,1,1
5,2,-0.149496553670258,-1.23815947113686,0.637317347904277,0,1,1,1,1
0,0,-0.170573672481543,-0.62167898847364,0.377303116208294,1,0,0,0,0
4,0,0.94711176955535,0.425167500946039,0.317115464770508,1,0,0,1,1
1,3,-1.78536926292632,0.0378552679370123,0.446660156444791,1,0,0,0,1
1,0,-1.15649633404628,0.782759022203895,-0.991635197505838,0,0,1,0,0
0,1,1.60255898070935,0.222053896402642,1.01647802019456,1,1,1,0,0
2,1,0.36513900913082,-0.152083749207007,0.163767197841304,0,1,0,0,0
1,1,-1.17397000353181,-2.13196991230464,-0.13707398302019,1,1,0,1,0
7,4,-0.0727579944733412,0.102932659037555,-1.46173423403663,1,1,1,1,0
3,1,0.0179297906757699,-1.16295148143827,0.961922767697308,1,0,0,0,0
3,1,-1.88435764718838,-1.03015616559348,-1.19048997776585,1,1,1,0,1
2,3,-0.97251932264375,-0.306679687515639,-1.82565092145034,0,1,0,1,0
2,0,-0.839001037939007,0.408245200595593,0.110078309122253,1,1,1,1,0
6,3,0.504343488816879,-0.508781459712022,-0.0785409356513504,1,0,0,0,0
2,0,-1.35724113929665,0.984709640561337,0.91514389514421,1,1,1,1,0
0,1,-0.421175152861592,0.208884943735928,0.408560732160461,1,1,0,1,0
2,0,1.37342443125661,0.265202691956345,-0.166358639095189,0,1,0,1,0
0,2,0.817465715331861,-0.420028657438392,-0.721079743372764,0,1,0,0,0
1,0,-0.786854304393682,-0.229933674129117,-0.275557577014338,1,0,0,0,0
7,0,2.1742364288489,0.423155259196026,-0.305383692218053,1,1,1,1,0
1,3,0.329559166042522,-0.336510290979151,1.21410349384137,1,1,1,1,0
3,4,-1.21278469037275,-0.536303238397555,0.581881553982148,0,1,1,1,1
6,0,0.0537862309816311,1.33378053278987,-0.655035686769344,0,0,1,1,1
2,0,-0.680143900494543,-0.686871583610228,1.30664578824409,1,1,0,1,0
0,0,-2.07322277134261,0.400087447861082,0.438523654024767,0,1,0,1,0
1,3,-0.092631748675388,0.174282854764018,-0.673247235151628,1,1,0,1,1
2,0,-0.059313693707305,0.79106267925831,-0.330618987048988,0,0,1,1,0
1,4,-0.981455329348503,0.0249816143897817,0.578885135558522,0,0,0,0,0
0,0,0.110954266031485,0.346530986661049,1.0954416491447,0,0,1,1,0
0,0,-0.754469968188758,-0.387161929863034,-1.44475928993488,0,1,1,1,0
3,4,-0.264884383964208,0.0464067328925968,0.352194200869825,0,1,1,0,1
12,4,-1.91249530991567,2.38133090734457,1.25852133396089,1,0,1,0,1
3,2,0.775687960024693,0.340702192049372,1.28177120960074,0,0,1,0,0
2,2,-1.07487975413482,-0.187983956553321,0.976369794639716,0,1,1,1,1
0,2,0.367953584893433,1.10592849887283,-1.80917515740808,0,1,0,1,0
2,1,-0.316844034768567,-0.864502952444149,-0.29643605660203,1,1,1,0,0
0,0,-1.67534359139741,0.111068181154914,-0.15382790424545,0,0,0,1,0
3,3,0.752757796992815,1.47720882461526,-0.552866387088844,0,1,0,0,1
8,2,1.92105490265055,-0.0659537009383901,0.175392730172266,1,1,1,1,0
0,0,0.297154316555199,0.787038823143362,0.408418937978911,0,1,0,0,0
0,0,0.218181207558667,1.61420655336345,-0.13400414871078,1,1,0,0,1
0,0,-0.321093463723663,-0.86706472899435,-0.753032284769055,0,1,1,0,0
8,2,-0.667205789889378,0.73532875739653,-1.11665339786182,1,0,0,0,0
1,1,-0.772046340350493,-1.17104243545374,0.72188655849434,1,0,1,0,0
1,1,0.172741014472932,1.27363399844356,0.980647370040681,0,1,1,0,0
0,5,1.0511156924494,0.173559196985175,1.37660173255838,0,1,1,1,0
3,3,0.567747138160618,0.959549381752222,0.0363441320676478,1,0,0,0,0
7,0,1.17234441480218,1.00596340455879,-0.0848014983554541,1,0,0,0,1
1,0,-0.371990613914499,0.228140163985105,-1.1321144847474,0,1,0,1,0
2,1,0.988571127381548,1.4142241254815,-1.6897489964778,1,1,1,1,0
0,1,-0.834397933752638,-0.597751965109177,0.612307881684665,1,1,1,1,0
1,0,-2.03377377965241,-0.426225935145125,-0.335208064765979,0,0,0,1,0
0,0,-1.7081034042131,-0.234608987219349,-1.07916023453005,1,1,0,1,0
0,2,-0.634022745416187,1.53351066233205,0.246294043202361,0,0,1,1,0
4,1,0.808425880055075,-0.264619407729973,0.112208306343443,1,0,1,1,0
4,1,0.234937375352401,0.480364923694211,-0.232166594925794,1,1,1,0,0
4,1,0.0732071967939405,-2.00061450647019,-0.688645497354961,1,1,1,1,0
3,2,0.893632672004139,1.94855656362298,0.663841822629774,1,0,1,1,0
3,6,-0.411041273427425,1.17291717736251,1.07087420449951,1,0,1,1,0
2,1,0.738955716969783,1.04832647515481,-0.49797346020954,0,1,0,1,0
1,1,-0.704194145916412,1.29258023767763,0.241061730051357,0,0,0,0,0
0,0,-1.46311524595589,-0.234614296577424,0.079770678267729,1,1,0,0,1
0,1,-1.00111936535833,-0.422764173824463,-1.88861106810714,0,1,1,1,0
1,1,1.39671190074946,0.496770827405162,0.115562865725034,1,1,1,0,1
3,1,0.61561977462834,1.45763950899937,-0.152423161036197,0,0,0,1,0
3,2,-0.0242471363351973,1.45537424330073,0.643186901905137,0,1,1,0,1
2,2,0.983263349978915,0.475150276469241,1.04059648003214,0,0,1,1,0
2,2,0.615126278256283,1.20083020421282,-0.249801384695414,0,1,1,1,0
1,0,-0.125066927157936,0.537479808818333,-0.0363256195756887,1,0,1,0,0
2,1,-0.110270551241915,0.416750146009133,-0.0434619842017137,1,0,0,0,0
5,7,0.151094752854103,1.08749412665311,1.64455507906319,1,0,1,1,1
4,0,-1.76570015564692,1.23165408976578,-0.263824057965511,1,0,0,0,1
2,2,-0.898893551816376,-2.10966731114182,-1.18084271485258,1,1,0,1,0
5,2,-1.43807339098788,-0.786856482687374,-0.228970732214894,1,1,0,0,0
2,8,-1.89101214208056,-0.18970415266862,-0.25344977782187,0,1,1,1,0
1,0,0.350645595215639,-1.05073350893726,0.223582455537207,0,0,0,1,0
6,3,-0.291486076551638,-1.21054547398771,0.672536259090167,1,1,1,1,0
0,0,1.05074730809467,0.483729811868085,-0.741570234539374,0,0,0,0,0
5,3,-0.73200731841501,0.575779077394878,-0.381101707486118,0,0,1,0,1
4,3,0.528227185534796,1.41689879160006,0.0624474356856031,0,1,1,1,1
0,0,0.581845313647922,-2.31756872577065,0.27339290471,1,1,0,0,0
0,0,0.341021453447599,-1.60693932861071,1.21897800696554,1,1,0,1,1
5,1,-0.774821227539987,0.153949538907273,0.885225918230497,0,1,0,0,0
0,0,0.819520371504494,0.480790026109438,1.04549098323331,1,1,0,0,0
0,1,0.128770732501478,-0.032561928206196,-0.198047593767934,0,0,0,0,1
3,1,0.54265788402383,-0.396086014975149,-0.554086072906577,1,1,1,0,0
6,2,-1.65427457820861,-0.229777777978783,-0.853173046439278,1,0,1,0,0
5,2,-1.12449121474337,-1.06954897601374,0.899258708667547,1,0,0,0,1
0,0,-2.06368351052025,-1.52493944956984,1.93742267203481,0,0,1,0,0
5,6,0.900487438996574,0.728206216876619,0.744094181472618,0,0,0,0,0
1,0,-1.71091610627676,-6.85192588274368e-06,0.519272831999425,0,1,1,0,0
3,1,-0.124297258437192,-0.851441755729653,0.465240196197867,0,0,1,1,0
0,1,0.0262129749616955,-0.793131720125704,-0.508517943404976,0,1,0,1,0
2,1,1.39759816630458,-0.0111355233351656,0.332123301033803,1,1,0,0,1
0,0,-0.438433003296329,0.960144375701312,0.869989154419912,0,1,1,0,0
2,0,-0.531399694178478,0.752623389330592,0.280044505669205,0,1,1,0,1
7,2,-0.108140384808386,1.2078280835384,-1.17322427535192,1,0,0,1,1
7,2,-0.0926203082232671,0.0106595503677895,-0.254290783913873,1,0,1,1,1
0,0,0.508409180181501,-2.55357238469503,-0.163351240665076,1,0,1,1,0
5,2,0.634941758548043,-0.0463774286071023,-1.6168808452003,0,1,1,0,1
2,3,1.07992728154186,-0.422917609074339,0.17800321375403,0,0,0,0,0
6,1,0.601802304608268,-0.165067220182249,-0.750972472237974,1,0,0,1,0
1,1,0.539591821328294,-1.40781717954414,0.383139360193715,1,1,0,1,0
1,1,1.67200868446606,-0.529332553606493,0.415229233125153,1,1,1,0,1
4,1,0.964326304625498,-2.01205421727874,0.135917999822389,1,0,0,0,0
1,0,-0.102415628134175,0.575513391770598,-1.44110884279838,0,0,0,1,0
4,2,0.661457241302168,1.6293393926269,0.334329757392685,1,0,1,0,0
4,1,-0.7155288367641,-0.0739325672887526,-1.06084878520767,1,1,0,0,1
12,6,-1.0482804843855,-0.555695421344314,0.493195807351453,1,0,0,1,0
1,0,2.58868912472515,0.125398231091844,-0.394341387594437,1,1,1,0,0
6,1,0.723324245310001,-2.20482630082451,-0.942210288271649,1,1,1,0,1
7,1,-1.05140819560536,0.687462132518087,-0.998970674354329,1,1,0,1,0
0,0,1.48524873045499,0.666203537772133,1.11067020418137,0,0,1,1,0
0,0,-0.509256024831962,0.270414281846528,1.4119704360996,1,0,0,0,1
3,1,-0.202922077288385,-1.76150487473045,-0.783735303529394,0,1,0,0,1
5,0,0.118110551088015,0.296417486698892,-1.78409456207082,1,1,1,1,0
3,0,-1.1688134456547,0.515340845160759,-0.723587280828583,1,0,1,0,0
2,1,0.322505857029792,-1.28242692932869,-0.483095335674437,0,1,0,0,0
6,2,-0.250366687133256,0.488767833550156,-0.433790341925577,1,1,1,0,0
1,2,-1.17509094972194,0.548106001956327,-2.18974166100666,1,1,1,0,0
2,1,-1.3195734511817,1.72237409802384,-1.38193153119845,1,1,0,0,0
2,1,1.88598466521657,0.151503813933963,-0.0471451015807129,1,1,0,1,0
0,0,0.398179831270165,-1.02077566407968,0.324239240156324,0,1,1,0,0
3,1,1.13338692084402,-1.14203956112152,1.38992107819422,0,1,1,1,1
7,5,-0.335180241486994,1.10052058542026,0.221968477783955,1,1,1,0,0
0,0,0.906959391464825,0.925641809463985,0.0298684004192107,0,0,1,0,0
3,6,-1.39617087973473,-0.0785593230223429,-1.38169594265425,0,1,1,1,0
0,0,1.03580590917201,0.2204057751887,-0.952103496853376,0,1,1,0,0
2,1,-1.92657159406786,0.818318712490078,0.725516966593491,0,1,0,0,0
0,1,0.368733139604565,0.759865188333036,0.363532979115795,1,1,1,1,0
0,0,0.103570842397516,-0.882589025051422,-1.38764110017843,0,0,0,0,0
2,0,0.217094036206373,0.328535685500791,1.53656922262542,0,1,1,0,0
0,3,-0.148525853733293,1.99985708587953,0.0565293685108414,1,1,0,1,0
4,3,-0.637123025668692,0.485443567221343,2.16232323510507,1,1,1,0,0
8,1,0.971815512731276,0.0560459420384109,0.207691414275084,0,0,1,1,0
0,2,0.441249593688421,0.433850137734917,0.0423680435816676,0,1,1,1,0
1,5,0.0776488478606472,-0.299784958604851,1.20614915683142,1,1,1,1,0
3,1,1.30249075374849,0.639685912789231,-0.43802241690055,0,1,1,1,1
