"y1","y2","x_age","x_income","x_score","d_female","d_urban","d_married","d_college","d_smoker"
1,0,-0.4969391017803,1.43808403047369,0.676290228798174,1,1,0,0,0
0,0,0.278838329062106,-1.58413251108724,-0.636185689738138,1,1,0,0,0
2,0,0.384467846123616,1.41715995766905,0.16847065257027,0,1,0,0,0
9,0,0.0685822113833399,-0.382935786750779,-2.29620196084695,1,0,1,0,1
7,1,-0.578210061813751,0.261151866349059,0.547269856615866,0,1,1,0,1
7,1,1.31389320945878,-0.0400013626874395,0.75252952466706,1,0,0,0,0
9,8,-1.26078827796217,1.05431912084441,0.421293443749562,0,1,1,1,0
1,1,-0.726860088834376,-0.686417360117436,0.743221091750466,1,1,1,0,0
0,0,-0.23134136807485,-1.19831675257234,0.0522920048878363,0,1,0,0,1
4,0,0.607994337497171,1.66335511300306,0.571105904224784,1,1,1,1,0
1,0,1.02162983269072,0.801520971000779,0.0820461590673653,0,0,1,1,0
2,0,0.943725733742312,-1.01449443504856,0.901977571262501,0,0,1,1,1
0,0,0.945019387979116,-0.852633574879122,0.109853043066805,1,1,1,0,0
1,4,0.849180477703402,-0.64197341228065,-0.428250329470556,1,1,0,1,0
2,0,-0.727663003685631,-1.20380434762017,-0.22493818452761,0,0,1,0,0
4,2,-0.984254262804858,-1.00868322473083,-0.123359525607936,0,1,0,0,1
1,1,0.774233079588881,1.26432726043788,0.0471153957802493,1,0,1,0,0
1,1,-0.494010541904783,1.81232818105701,-0.294200676198372,0,1,1,1,0
0,0,-0.451832588429801,0.822713728983651,-0.763421404894995,1,0,1,0,0
1,0,0.555608524365212,-0.346599452743476,-0.477714642874825,1,1,0,1,0
8,0,0.56377371429517,-0.0766932407570913,-0.659757263706585,0,0,1,0,1
4,4,0.358079827136259,1.18945316289835,-1.37910286929952,1,0,0,0,1
1,2,-0.984181610914282,-0.478873773547361,-0.91420693354095,0,0,1,0,0
2,0,-0.678118328186443,-0.0245232067614984,-1.29026061499617,1,0,1,0,0
14,3,0.779219988063854,0.853924761069983,0.197894298211791,1,0,1,0,1
4,0,0.147615573458638,0.819740990831115,-0.544169838578281,1,0,1,1,0
2,0,-0.202593083288215,0.396283572653029,0.585130931659502,1,1,0,1,0
2,4,-1.11073952170524,-1.48715627185658,0.0900671026442085,1,1,0,0,0
1,2,2.31013000245457,0.379216800822381,0.0360612161210723,1,1,0,1,0
1,0,0.669870568950467,-2.27152995213556,-0.461157702045611,0,0,1,1,0
0,1,-0.628589258558071,-1.87545502298905,-1.57807568062522,1,0,0,0,1
1,1,-0.870726019684845,0.722199440549067,-0.156502599419893,1,1,1,0,0
2,2,0.0464923710835162,-0.0691047058500933,0.95538063513588,0,1,1,1,0
2,10,0.671939167933273,1.13817826096656,2.00531114363181,1,0,1,0,0
2,0,-0.261523036478982,-0.412680903557391,0.0141213516234563,1,1,1,1,0
0,3,-1.27931312115298,-0.495199272455612,0.69886600418868,1,1,0,0,0
0,2,0.964548268021204,-0.953952761846607,0.0662334883714504,0,0,0,0,1
3,0,0.562419714029749,1.03638514710729,-0.698087198556346,0,0,1,0,0
0,1,-0.971760632882492,1.50446882894578,-0.259968748385899,1,1,1,0,0
2,2,-0.0716990810670249,1.00031969228037,-0.8628545039299,0,1,1,0,0
1,1,1.54981829633567,-1.11471288793678,0.669280740367908,0,1,0,1,0
3,2,0.598254233943448,0.0246338209568593,-1.78180824022184,1,1,0,0,1
1,0,0.804547366547651,0.689588623262394,-0.000608815237660299,1,1,1,0,0
5,5,-0.22572961207513,1.36603292287565,-0.169851433983272,1,1,1,0,1
1,4,-0.520817099379317,0.361976937716429,0.233897248133124,1,1,0,0,0
2,0,-1.15001077455138,-0.752942792865705,1.30689412513941,0,1,1,0,0
2,0,0.871092058804254,-1.00370125997175,0.926131466388304,1,1,1,0,1
2,10,-1.5218399227928,1.60280094843662,-0.294255580707677,0,0,1,1,0
1,0,1.70651773665141,-0.247138436373467,0.828846998648457,0,0,1,0,0
0,1,-1.59472540299147,0.935940404224014,0.301702249903594,0,1,0,1,0
1,1,-0.594061638987921,0.318036143221667,1.3247476029235,1,0,1,0,0
5,2,0.205612493680158,2.14424223012583,0.0179480083688517,0,0,1,0,0
0,7,-2.73181472095333,1.16764157858501,1.50770437744228,0,1,0,0,0
0,0,-0.0874300762841977,-0.154643362052968,-0.104445190221326,0,0,1,1,0
0,8,-0.782403387058403,1.00347885954001,-0.33376828525933,0,1,1,1,0
0,0,-1.75381425158226,-0.192972181709465,-0.274353899222887,0,0,0,1,0
1,0,-0.556623797057545,0.145557558582351,0.834967530622133,0,0,1,1,0
0,0,-0.908722270084729,0.114552646078538,-0.710089975194673,1,0,1,1,0
1,0,1.47146829526233,-0.785224549471999,-1.54201975253141,1,0,1,1,1
8,3,1.26489699104597,0.792282279755352,-0.727223519860187,1,1,1,0,0
2,0,-0.34903976320908,0.457645052147894,-1.23588278192647,1,0,1,0,0
0,0,-1.63895881206078,0.466972067976043,0.248485074213845,1,0,1,0,0
0,1,-0.0714228471555172,-2.18630035349673,-1.00715164792557,0,0,1,0,0
0,0,0.51157247660863,0.519940463741956,0.856406386418179,0,0,1,0,0
2,0,-1.04430539887499,-0.541005700241561,-2.2184494331786,0,0,0,0,1
1,6,-0.472460893856843,-1.44707082284147,-0.583282743360566,0,1,0,0,0
9,1,1.53859163525188,1.14291124773475,1.64422831398826,0,0,0,1,1
6,0,0.487563326279534,0.0199823118984636,-0.74166828723812,1,0,0,0,1
0,2,0.368986695129117,-0.660470322456927,1.12324742687558,0,1,0,0,0
3,3,0.771211017585017,1.86610568748076,0.62200608316418,1,1,0,0,1
1,3,0.22199259953262,-0.00856073513390732,1.25884499843636,0,1,0,1,0
3,0,1.13192106461855,-0.038896065754496,-1.00056192109049,0,0,1,0,0
1,0,2.55375585898191,0.731814614477263,-1.15980363776253,1,1,0,0,0
0,1,0.0255697032954354,-0.907672499880125,-1.03835670703747,1,1,1,0,0
8,1,1.09949424456594,1.17761495522377,-1.55044262440452,0,0,1,1,0
0,8,-0.707240519807327,-0.437367531981288,1.42675325228032,0,1,1,1,0
1,2,-1.36098705075151,0.905392786499002,-0.24755530161931,1,0,0,1,0
3,2,0.512025436293544,0.337009215668079,-0.42612577024874,0,0,1,1,1
2,0,0.881486296682479,1.62965537454167,-1.54566673319939,1,1,1,0,0
0,0,1.06565882873745,0.680261269573827,0.152581707723374,0,1,1,1,0
1,0,-0.651713169304757,-0.651534522422206,-1.63506883320124,0,1,1,1,1
2,0,0.704943541306371,1.6606136410197,1.07066710509724,1,0,1,0,0
2,2,0.913833231311557,-0.63750797098505,-1.77887334256976,1,1,1,0,1
0,1,0.815364920759088,0.287930760426512,0.000107835592900451,1,0,0,1,0
2,3,1.35591399376163,1.35065705697026,-1.37255628866046,0,1,0,0,1
0,2,-2.4883016403336,-0.581106841710876,1.22458021807583,1,0,1,0,0
3,0,-0.0235025990495313,-0.161183961050535,-0.587808991961364,0,0,0,0,1
2,0,0.000155988967560688,1.36383145737622,0.294383406963404,1,1,0,1,0
3,1,0.0588777042129048,-0.605317438603148,0.254352028783563,1,0,1,1,0
6,0,1.88953796365054,-1.64073537096154,-0.363162355340978,1,0,0,0,1
3,7,-0.108767704560516,-0.0497477984198276,-0.0570576398961108,0,1,0,0,1
2,1,0.192643491333072,0.957711021057999,-1.37893511453198,1,1,1,1,0
1,1,-0.983401676090744,0.440051191375187,0.81916982894289,1,0,0,0,0
4,0,-0.92346643312798,-0.465929803729122,0.197138111265382,1,1,1,0,0
0,0,0.726290821575061,-0.914936540332055,0.715808748866144,0,1,1,0,0
2,1,1.24844619221404,-0.987742216224333,0.271900363361771,1,0,1,0,0
6,0,-1.42324503395155,0.517699311919753,-0.111652487151715,1,1,1,1,1
5,3,0.343081115249685,0.274963284743169,0.263255738616779,1,1,0,0,0
7,3,-0.35855856162904,1.15683587563892,-0.187309768612579,0,1,0,1,0
2,1,0.602262239129417,0.859313801074411,0.633077728952153,0,0,1,1,0
3,2,-1.31271009115269,-1.82733509542079,-1.06110513072941,1,1,1,1,0
1,2,-0.760191804003976,0.334399370076355,-1.67814299431983,0,1,0,1,0
0,0,1.06863121129536,-2.1679384855728,-1.0966264366467,0,1,1,0,0
1,9,-0.773585063508365,0.0328285265717126,-0.10703210841814,1,1,1,1,0
3,2,0.360416804996878,-1.60605367129335,-1.39422603161187,1,1,1,0,0
0,1,-1.99492571456043,0.00182459263237985,0.43862414280403,1,0,0,0,0
0,2,1.98864928939037,1.67795977172544,-0.821981983209213,0,0,1,0,0
1,1,1.04535971072679,0.00399267717827728,-0.971261118144047,0,1,1,1,1
10,2,-0.0528562157596886,1.1594628195231,-0.605070142049162,1,1,0,1,0
2,8,-1.4449355256232,0.833012253798497,-0.579467083685067,1,1,1,1,0
1,4,-0.63621180957284,0.56534623152238,0.932014592776525,1,1,0,1,1
1,1,0.730769426310584,-0.161315393063968,0.760202910765361,1,1,0,1,0
2,3,1.13906860635403,2.4366047801122,0.215733223625352,1,1,0,0,0
1,0,0.203228172892314,-0.380762130992773,0.253625531973402,1,1,1,0,0
1,1,-0.608878305804103,0.0494720654735103,1.35440703312317,0,0,1,0,0
3,0,-0.498408375369803,-0.271637791227852,-0.0769120371267603,0,0,1,0,0
4,0,-0.279209763611654,-0.543024025397927,-0.417926283760164,0,0,0,1,1
4,0,-0.0731545575571626,-1.48477689723557,0.0690672885858163,1,1,0,1,0
5,2,-0.451350581665538,-0.642855816312528,0.243023382933471,1,1,1,0,1
0,0,-1.35771149847674,-0.0017390360391655,1.18655013006933,1,1,1,0,0
2,7,1.47230991792774,1.18123584672515,1.17903204932198,0,1,1,0,1
5,4,0.321773855406345,0.755965304688881,0.113206306559715,1,1,1,0,0
0,2,-0.48905256197682,-0.945538521215246,0.501122128214103,0,1,1,1,1
2,1,0.638408127344,-0.478482112509554,-1.0116683276015,1,1,0,0,0
4,3,-0.607190398869141,-0.284405423275056,2.11951373167715,0,0,1,0,1
28,2,1.09100587451809,0.556976497165421,-1.93971790274627,1,0,0,1,0
3,1,1.27404886296062,-0.656433372861126,-1.12164802751817,0,1,0,0,0
0,0,0.990287252634639,0.841993357250032,0.940702453743023,0,0,1,0,0
4,1,-0.586540289473703,1.0164988403016,-0.440306828862996,1,1,0,1,0
2,0,-0.0120782858196073,1.9147266769731,-0.823160663752802,0,0,1,0,0
0,5,-0.418347599677139,-1.07107767554561,0.641055107036098,0,1,0,0,0
3,3,-0.421052096944219,1.29814648219457,0.490218221316624,1,1,1,0,0
5,7,0.839035467462852,1.53841551037342,-0.111745453868301,0,1,1,1,1
5,0,-1.1462382880049,0.438370813635109,-1.05674150224461,0,0,0,1,0
3,2,1.19983022253472,1.51632489022489,-0.710816123394782,0,1,1,1,0
0,0,-0.651150151581682,0.278696920436303,0.871092052555021,1,1,1,1,0
0,1,-0.0626804427799675,0.617517765512669,-1.07364627462903,0,0,0,1,0
2,5,-0.722158330798606,-0.301987683259511,-0.0971248090820408,0,1,0,1,0
0,0,1.58979900431147,-0.68315024971311,-1.42252374974204,1,1,0,1,0
3,1,0.766421386951189,0.258450370458809,-0.462667476561568,0,0,0,0,1
1,4,0.151135235079588,0.879379321977067,1.11913863507322,0,1,1,1,0
8,1,1.80697952838374,0.679175591248837,-1.5186752354017,1,0,0,0,0
1,1,0.591340472220444,-0.175591110945202,1.57855853853846,0,0,1,0,0
4,4,-1.5139631667704,0.749557436698073,-0.847738197431549,0,0,0,1,0
1,5,-0.507503700252856,0.396539579217919,0.223657881360224,1,0,0,0,0
3,1,-1.27855348501386,-1.78804280254901,0.11343001573703,0,0,1,0,0
2,2,0.734740999137672,1.40716521164662,-0.189455246168191,0,1,1,1,0
1,0,0.0858976324604245,-1.02766079001182,2.86955223844271,1,1,0,0,0
0,0,-0.0564338344443415,-1.16285845554083,-0.881178631190447,1,1,0,0,0
0,1,-0.971865757847812,-0.0992283374606987,0.71072822885293,0,1,1,1,0
2,2,-0.920700414014845,1.58796609600595,0.118442760805997,0,0,1,0,0
0,0,0.22943996465074,-1.56062135666066,-1.98986474772443,0,0,0,0,1
1,0,-0.790396480041855,1.25979963362102,-0.123579156643249,0,1,1,0,0
1,0,-0.424742362817436,-0.493859496887204,-0.957795969436411,1,1,0,0,0
4,2,1.4551209960936,0.355308828018546,-0.352878163645538,1,0,1,1,0
4,3,0.313571948671241,0.817317468535436,-0.107350588348873,0,1,0,0,0
3,0,-0.348520448741349,0.556006330339805,-0.464495622032253,0,0,0,1,0
10,3,1.08019107445415,-0.868749787664167,-1.27404654258821,0,1,0,1,1
2,3,-1.598390354404,0.0230963281191438,1.74559426247064,1,1,0,0,1
1,1,-0.868763715032902,-0.31704682446384,0.618467634341289,0,0,1,0,1
2,9,-0.0597253333729822,1.77797711139245,-0.606314326931336,1,1,0,0,0
5,2,-0.222331559682236,0.294301935561414,-0.0983250533560933,1,1,1,1,0
4,1,-1.24909109623097,2.0232196470772,-0.212045367075884,0,1,1,1,1
0,3,1.62188115542463,1.83945066733193,1.42793989155651,1,1,1,0,0
0,6,-0.184855645440321,1.27013306047762,-0.217739813343288,0,1,1,0,0
0,4,-0.198130666065449,0.0944470008469575,0.42074091660467,0,1,1,0,0
1,1,0.79299991056195,0.840261958242726,1.23378669882807,1,1,1,0,0
0,0,0.165953422583804,0.531562577087307,0.0930921869650329,1,1,0,1,0
0,1,0.488723035723765,-0.346907189817243,-0.110713001878865,0,0,0,0,0
2,0,-0.238598448698615,-0.162727086334517,-0.790664108174684,1,0,0,0,0
14,2,-0.406541967883445,1.40088208241772,-0.751645064634422,1,0,0,0,1
0,3,-0.867035417764335,-0.183981183524689,0.975923617488377,1,1,1,0,0
3,1,-0.406567188319036,-1.89852842041345,-0.754600572900835,1,0,1,0,0
1,2,0.0678439604974005,2.30597819987859,-0.467570891691035,0,1,1,0,0
8,0,0.592317077854325,2.34785345355617,-0.226524277297154,0,1,1,0,0
5,0,0.484244824417251,0.160305518027302,1.85066894239896,0,0,1,0,0
0,0,1.72161612310353e-05,-0.615057925222281,1.41996370373199,1,1,1,1,1
2,2,1.4694095881362,-0.337568819552421,0.534440854686862,1,1,0,0,0
2,1,-0.86440805362759,0.573908444997092,-1.0552855456156,1,0,1,0,1
6,0,-0.410521539850004,0.475095698044409,0.261466888267781,0,1,0,1,0
3,4,-0.887217835351627,0.285504775365366,-0.344214016516378,0,1,0,1,0
1,3,-0.542510819142363,0.72539820139042,2.33304086454851,0,1,1,0,1
1,3,0.692713994699586,0.870845153775596,1.02915023835135,1,1,1,1,0
0,0,-1.81830358676713,0.479885230179373,-1.03631812280548,1,0,0,0,0
4,5,-0.788502259658655,0.592375014995386,-0.257772613379758,0,1,1,1,1
2,1,2.05339255914181,0.810393337477219,-0.128169124911438,1,0,1,1,0
13,5,0.433253578413932,-0.0879449192055249,-0.517940003442038,1,0,1,0,1
0,1,0.465765674761805,-0.0313527806800216,-0.0373340280042059,0,1,1,0,0
4,5,0.926450695658422,0.327503334569266,1.10168390156849,1,1,1,0,1
0,1,-1.94559424900501,0.904377230816151,-0.304709469795683,0,0,0,0,0
4,4,-0.769330974510664,1.87340032115037,2.1799278176101,0,1,1,1,0
1,0,1.01698962774478,0.319141422597162,-0.974957087427584,1,0,0,0,0
0,0,-1.77075090032617,0.774909208823386,1.09093604469904,1,0,0,0,1
4,0,0.554120936489373,1.22725523232264,-0.259486731810786,1,0,0,1,0
1,1,-0.0123693829163543,-0.55667310415057,0.486899159651999,1,0,1,1,0
2,2,-2.21892167074536,0.742988334657802,0.258380763460846,0,0,1,0,0
2,11,-1.11078629872122,1.21072088639705,0.712373910329119,0,1,0,0,0
0,2,-0.846169323602684,0.517268598911814,-1.39922301692006,1,1,0,0,1
1,0,-1.03111532788605,-0.54706091519892,1.96835398710393,1,1,1,1,1
0,1,-1.03638379270011,1.1281537624596,-1.08610632431544,0,0,1,0,0
0,2,-1.52848363645235,1.22345715683891,0.0128975522040051,0,1,1,0,0
2,2,0.134331462519694,-0.145068192272608,-0.285686846355725,0,1,0,1,0
2,4,0.372937710712377,1.34596590937334,0.19384546119708,1,1,1,1,1
2,2,0.120333867418178,-0.0400741544765061,0.131033370822167,0,0,1,0,1
8,1,0.578308229812226,-0.195955147412409,0.828228244612445,1,1,0,0,0
3,2,-0.497818615743,-0.125948632377352,0.467890238578169,1,1,1,1,0
0,2,-0.717859020111784,0.216108214335594,-0.0166683733591243,1,0,1,1,0
3,0,1.34303092731941,-2.27414484929358,-0.330687392397279,0,0,1,1,0
1,0,-1.42365870164516,-0.634507711565676,0.808313556998272,0,1,0,1,1
1,0,-0.604001045879005,0.189693235293386,1.4469068411513,1,0,1,0,0
3,0,-0.268826010630236,0.622859289864187,0.127216259204135,0,1,0,0,0
8,0,-0.558463754937368,-1.1844959908004,1.75780280147037,0,0,1,0,0
3,0,0.176823334797227,-0.114360436825711,-0.457452999339834,1,1,1,0,0
4,0,-2.1491198475448,0.451921242234587,-0.716637230505257,0,1,1,0,0
2,0,-0.23854426608345,0.0447785029028126,-0.984653585526346,1,1,0,1,0
2,0,0.0254749367709046,-1.20241284871711,-1.34774282409466,1,1,0,0,0
0,0,0.417669412993249,-0.1647797944221,-0.249250431345427,0,1,0,1,0
0,0,0.16771167420613,-0.949813974831162,-0.472482587250656,0,1,0,0,0
0,5,0.792176055393242,1.59271039197995,0.30725946852052,0,1,0,0,1
18,3,1.54240471307375,1.04960941138611,0.691204131950543,1,0,0,1,0
4,5,0.935957589598323,0.922205137002392,-0.0578925010442989,1,0,0,1,1
0,0,-0.387223271640005,-0.0257509189392489,-1.46722603193,1,1,1,0,1
2,0,-0.25041592236873,-0.145936956228407,-0.630983775033271,1,0,1,0,0
0,1,-0.906223066477635,-2.39782886161033,1.25544467986952,1,0,0,0,0
2,2,0.223102210776266,1.25743721854526,-0.267081395519795,0,0,1,1,0
1,3,0.494315353756314,0.903148908460483,-0.673409478084283,1,1,1,1,0
0,0,0.524279437087987,-0.120325300798849,1.58648327282458,0,0,0,0,0
2,4,-0.673491052673332,0.418877111983715,0.361444996231297,0,1,0,0,0
2,0,1.68789074864768,-1.91040948320756,-0.565328376599844,1,1,1,1,1
2,0,0.41179847469012,1.12098182842719,0.649591461447803,1,1,1,1,1
1,0,-0.145239457885986,-1.68793875912606,-0.299261183916236,1,0,0,0,0
2,0,1.34037045988769,-0.387405865783099,0.0782890394095158,1,1,0,0,0
4,1,-0.921533787648776,0.681755936892843,-0.301108458249259,0,0,1,0,0
2,1,-1.289758754688,-0.887324938186247,0.658286728935415,1,1,1,1,0
3,2,0.538982639570473,0.735550248296023,-1.03832120074753,0,0,1,0,0
0,0,-1.42726268419883,-0.193107852897316,-0.617581346911267,1,0,0,1,1
5,2,0.252154134174718,-0.376436861349888,-1.0161367531209,1,0,0,0,0
2,1,0.813015169771485,-0.977247810940555,0.686170069086454,1,1,1,1,1
7,3,-0.0855745045410536,1.44624152892479,-0.217701762776967,0,0,1,0,1
3,4,-0.168771026656493,0.804671690604003,0.80856425320896,0,1,1,0,0
1,0,-1.5754931528139,1.6410824439902,0.0698665093697227,0,1,0,0,1
6,6,-0.182380798078063,1.02787534214942,-0.0532131644822903,0,1,0,0,0
4,0,-0.0184755285274531,0.415556962912253,0.212646285494493,0,1,0,1,0
1,2,-1.18512130760536,0.753439963068369,0.112883517122019,0,1,1,1,1
6,0,0.915536603757266,-1.0240866955137,-1.16536593665939,1,0,0,1,0
0,1,0.81622274521091,-0.84336451358215,0.0298271066941298,0,0,0,1,0
0,5,-1.72637946568393,0.171930930271443,0.0279032571658446,0,1,0,0,0
2,3,-0.858249319131048,0.847481431614372,-0.757250201116292,0,1,1,0,0
5,2,-1.12841202004878,-0.632843569107448,-0.323128249065015,0,1,1,1,0
0,0,0.449944441047739,-0.0171645463589966,-0.461194678446916,0,1,0,0,1
0,1,0.484947914632816,0.909706631835705,-1.1911155758758,1,1,1,0,0
1,1,2.25864872235219,1.75432235305809,-0.420667436179847,0,0,0,0,0
2,2,-2.48615825563224,0.944843158855564,2.63267320982403,0,0,0,0,0
0,1,0.128850968978653,0.546439013774323,1.19006691536285,0,1,1,1,1
0,0,-1.4060489012702,0.695975290093577,1.39318067279263,1,0,1,1,0
2,0,0.846300092212529,-0.0820403045311977,-0.214254802669887,1,0,1,0,0
4,5,1.07591505915571,1.67659437462919,0.861245911422398,1,1,1,1,0
3,0,0.445854991136643,0.265045565838316,-0.935440787104774,1,1,1,1,0
0,1,-0.727156730019995,-1.38968535692193,-1.74870460747227,1,0,0,0,0
3,3,-0.405702972163398,0.332304348373604,0.256309146308333,0,0,0,0,0
2,0,0.132820449144592,0.373127426527434,-1.00598077165871,1,1,1,0,0
1,3,0.686755640515798,0.829953057349037,0.054342880106015,0,0,0,1,0
9,2,2.44019526569501,0.486963373067346,-0.833513342846247,0,0,0,0,0
8,0,1.26968970887891,-0.0882342861557771,-0.690228978490055,1,1,1,1,1
3,0,-1.94500176096526,-0.317027262005447,2.23168048943918,1,0,0,0,0
2,5,0.0211501773533711,0.761620780473074,0.700329295534492,0,1,1,0,0
2,0,-0.508599813178906,-1.24091648046187,-0.254575783127162,0,0,0,1,0
0,1,0.988945692222901,-0.350696623311489,1.09144138542615,0,1,0,1,0
0,0,-1.48817390758976,-1.07480382464191,-0.852733107561714,0,0,0,0,0
0,2,-1.33839036568526,0.155110251687662,1.73212390712019,0,1,0,0,0
1,1,-0.625804794759933,0.0737147528048099,0.728821885593116,0,1,1,1,0
3,2,-1.83561114547536,-0.898158850354437,0.847315271224219,1,0,1,1,0
2,0,-0.0941831619434449,-0.801870294930876,-0.589166392878156,1,0,1,1,0
5,3,-0.0676437794520131,0.348608587848354,0.0663157840722442,1,0,1,1,1
1,0,-0.268788821872265,1.61332644529648,-1.12731379875067,1,0,0,0,0
0,3,0.919743292767916,0.107600554239681,0.164213240323308,0,0,0,0,1
4,3,0.957105205548284,0.162130048511177,-0.184604341491007,0,0,1,0,0
2,1,-0.991909923193012,-0.759588485233956,1.46919068060237,1,0,1,0,1
0,0,-1.90087348242753,-1.36304069053972,-0.549300811659951,1,1,0,0,1
1,0,-1.20870052037397,-0.883241820519429,-0.374679075667432,1,1,0,1,0
1,0,2.09444579970143,-0.558327607189498,0.620802980048655,0,0,1,0,0
3,7,0.308752589506304,0.980240759300418,-0.0393852367610666,1,0,0,1,0
8,1,0.249531527679841,-0.998714682244508,-1.77806062507743,0,0,0,0,1
0,0,0.0109653023197661,2.35076338869611,0.833585086178778,1,0,1,0,0
1,1,-0.00249628480743145,-0.233720085437355,-0.0512456872028018,0,1,1,0,1
15,2,1.63563668783571,1.14285371551213,0.0659566521349376,1,0,0,0,0
3,1,1.12919188344404,-0.435924986983813,0.720940059834581,1,1,1,0,1
0,2,-0.816276393640051,0.538460979154845,-0.439183531650841,1,1,1,1,1
1,1,-0.1891391847405,0.431679530951731,-1.58660344884915,0,1,1,0,0
6,2,-0.0565837754289651,1.23484995432608,-1.31889917432425,1,0,1,1,1
3,1,1.3421880856638,0.226225175797214,0.991103997436491,0,0,1,1,0
6,2,-0.751743219674778,2.58503330898163,1.21257994810715,1,1,1,0,1
14,1,2.22346949787951,0.259059917751757,-1.17600634354431,0,1,1,0,0
8,2,1.99866386934324,-0.298142954909683,-0.242611382196313,1,1,0,0,0
0,0,-0.236142703743522,-1.97251386136816,0.816486178818266,0,1,0,1,0
3,2,-0.398856863183416,0.0421418782292318,0.975380584052075,0,1,1,0,0
1,6,0.258951645074821,1.62428626778376,0.438879417247132,0,0,1,0,0
0,1,1.65798416380946,-0.122068347952317,0.83217890654338,1,0,1,0,0
1,2,0.983642303672334,-0.365600012101087,0.123407091885105,1,1,0,0,0
3,1,1.38651027422377,-1.04210224515105,1.4494702019405,1,0,1,0,0
1,3,-1.83537391227621,0.0934283590511371,-1.66569940883211,0,0,0,0,1
6,0,-0.65010864225852,-0.648686076014256,0.611856874189856,0,0,0,0,1
1,0,1.58954239269869,0.143474173347607,0.838490553369792,1,0,1,0,1
2,2,0.403274480789661,0.476768569393971,-0.409355523461267,1,0,1,1,0
0,0,-0.111685387213517,-1.40074846560181,1.44490526167896,0,0,1,1,0
3,0,0.123618380420661,-0.564893325592719,-1.59754181559713,0,0,1,1,1
6,3,-1.35667852012903,1.06826131641532,-0.018586282941508,0,1,1,0,0
4,8,0.331931301676117,2.39423722585718,1.11300592165218,1,1,1,1,0
2,1,-1.57041889298393,0.114273635208249,-0.683753777642793,0,0,0,0,0
0,0,0.109721654480248,-0.340325176305529,-1.64102985101592,1,0,0,0,0
1,2,0.728265442792556,-0.648566068123339,-0.309541255455002,0,1,0,0,0
2,0,-0.0147748983333468,-0.5500151632622,-2.08465100129246,1,1,1,0,1
3,2,-1.17463960753452,0.685250289875203,-0.149057727911995,1,0,0,0,1
0,1,-0.957706628182992,0.435963995884689,-0.0787610701137139,1,1,1,0,0
0,0,0.328327850202563,-1.30907649158865,3.14185415803465,0,1,0,0,0
3,3,0.386676570644483,0.307075148007686,0.411620107016649,1,1,1,1,0
0,4,-1.0626394285753,-0.33183194300754,0.365492147838769,0,0,0,0,0
2,4,-0.583258003353777,1.63791076017407,1.2714838945403,1,0,0,0,0
10,1,-1.75899185100448,-0.253713717957984,-0.588211181106789,0,0,1,0,0
2,1,1.43608673453935,1.41820481456893,1.69365752088538,1,1,1,0,0
0,0,-1.23864742929571,1.43923374633593,0.424826908759912,1,1,1,0,0
0,0,-2.03321914561138,1.1900119715492,-0.158821311396168,1,1,0,0,0
2,2,-0.189243270545959,1.18998911594199,0.440776287430283,0,0,0,1,1
3,1,-0.715871739414055,-0.0563869482028659,-0.630093853873564,1,0,1,1,0
2,0,1.28973583865214,0.785206740240481,-0.888483082734722,0,1,1,1,0
10,1,1.12418036407771,-0.925790248893695,0.467510434252138,1,1,1,0,0
0,0,0.381018663671779,1.02191685360793,-0.628912453153716,1,1,1,0,0
10,1,-1.14885812272931,-1.13924715344918,-0.752668359530062,0,1,1,0,1
0,0,0.209983339472674,-0.493647834847564,-0.476524219239284,0,0,1,0,0
1,2,-1.38405655929244,-1.61641611454649,1.18032075641668,0,0,1,1,0
3,4,1.15244393134987,1.00801285451749,0.48900993228133,0,1,0,0,0
1,0,-0.809669546542801,-0.46174078135609,-0.0101671991053101,0,1,1,0,0
2,1,-0.3719473029864,-2.46357508397102,-0.00198126299230201,0,0,0,0,0
5,0,-0.464212670176854,0.737209152486149,-1.59801871084989,1,0,1,0,1
1,0,0.309149382783782,0.317302874238791,0.0415922891702848,1,1,0,1,0
1,1,-0.414283949050059,0.121469094916219,0.301985776997543,0,1,1,0,0
0,2,-0.805857214732244,0.257921042279136,-1.48796479040856,1,0,1,1,1
2,2,-0.184228806640988,-0.132089240965774,1.14042844502017,1,0,0,0,0
2,0,1.26269682302213,0.564549063907437,-0.506930311430368,1,0,1,1,0
4,2,-0.390598899446145,-0.00568022709190039,-0.128708640150392,1,1,1,1,0
4,0,-0.038000270973205,1.19611910976304,-0.8445672960993,0,1,1,1,0
0,3,0.500485481713346,-0.386034030052113,0.856947445633987,1,1,0,0,0
0,5,-0.773239183689541,0.538437857287501,-1.26544474390659,0,1,0,0,0
0,1,0.00309870249865195,0.612545538990861,-0.694595097408985,0,1,0,0,1
0,0,-0.0368367608121546,-1.08091808555434,-0.613767272831999,0,1,0,0,0
0,6,-0.880838405298272,0.950533437010176,-0.329547480105306,1,1,0,0,0
0,1,-1.73031474361616,1.1619812425746,0.684746530182138,1,1,0,0,0
5,0,0.696054826661068,0.278148735201383,0.889802048094231,1,0,0,0,0
5,5,0.668493907416986,0.434517702000271,0.0746192148607469,0,1,1,1,1
1,1,2.05516634257578,-0.31267221038013,0.281816596420424,0,1,0,0,0
6,2,1.47245020599364,0.321664611695138,0.611060236319336,0,1,0,1,1
2,1,0.0846309028649299,-2.24205074722502,-0.448590697603366,1,0,0,0,0
2,0,-0.984304966938117,-1.2539318782798,1.63966246650891,1,1,1,0,0
6,2,0.64501377383479,0.873789876389005,0.596013724390706,1,0,1,0,1
0,0,0.970212441429001,-0.413147623809857,-0.340115497897727,0,1,0,1,0
0,3,1.43717744054333,0.283417104697276,-0.324100847971584,0,0,1,0,0
0,0,1.72921898442463,0.674788303088651,0.194710545515852,0,1,0,1,1
0,1,0.515665390029823,-0.340969797332658,0.514230448532868,0,1,1,0,1
3,0,0.682201029911469,-0.905711261634844,1.24356723390861,1,0,1,1,0
1,2,0.0250539871776203,2.27090430567646,0.869150990312197,1,0,0,0,1
4,0,-0.493217132737013,-0.501117054805971,-0.42542173584279,1,1,1,0,0
0,0,0.657033039775699,1.40067588171342,0.364908724007524,0,0,1,1,0
3,1,-1.21706613452973,-1.65595797169769,-0.634410994285486,1,1,1,1,0
2,1,0.0726554359193115,-2.22913337375977,-0.46971684557591,1,0,0,0,0
2,0,-0.42070327411795,-0.866630021584992,-0.387414043137876,1,0,1,1,1
0,0,-0.447355421117576,-0.569384573426779,-1.67238795827377,1,1,1,1,0
1,1,0.493135778106158,-1.79543660556369,0.136531767109109,0,1,1,0,0
4,0,0.272623389757549,0.457617196527222,-0.377998151558027,0,1,1,0,0
0,1,-1.90712314479152,-0.150686216093693,-0.405734362969553,1,0,0,0,0
1,3,1.12767901091994,0.185495675612627,0.565820054011877,1,0,0,1,0
3,1,0.760446428260046,1.26086240715269,-1.81097814817151,0,0,0,0,0
1,0,-0.924892181409287,0.209157655225475,-1.91102374476941,0,1,0,0,0
12,2,1.21841097950079,-0.943220239469153,-1.90438816824308,0,0,0,0,0
1,5,-0.962279426738194,0.439207080593541,-0.308602569402857,1,1,1,1,0
1,0,0.938660948593835,-0.628849176848568,1.78353190174772,0,0,0,0,0
3,0,0.0226291772307208,1.31782946658869,-1.71695528803469,0,1,1,1,0
0,2,-0.542618575382362,0.949032584127,-0.517644180091897,0,1,1,1,0
0,4,-0.434251612199236,1.49279172009541,0.997037861841207,0,1,0,0,1
0,0,-0.412873401682085,-0.602828440756314,-0.650864816286795,0,1,1,0,0
2,5,0.387050737884022,0.307068421283664,-0.245109842693569,0,1,1,0,0
5,0,2.01642447378808,-1.52913343191632,-0.286303530279489,1,0,1,0,0
4,0,0.344263968140773,1.15864135816115,1.22849706054989,1,1,1,1,0
3,9,-0.0965731258307257,0.626413759056871,-0.646746941386692,1,1,1,0,0
4,4,1.04642041585977,-0.120279007549932,0.924756429721294,0,1,0,1,0
2,16,-1.46507771108386,1.36363270606924,-0.196072301620886,0,0,0,1,1
1,0,0.788732483626246,2.37460028517804,0.194598534726229,0,1,0,0,0
2,7,-0.405805463946116,0.908664381416023,-0.133637771585289,0,1,1,1,1
2,4,-0.674082488093274,2.27547082687368,-1.26170342993783,0,0,0,1,0
1,0,1.99452374921551,-0.163517513143205,1.83032848196629,0,1,1,0,0
1,0,-0.853983907265558,1.28187512400371,0.254450313393953,0,0,1,1,0
6,3,1.03049192079049,-1.53369185290051,1.57033073856992,1,1,1,0,0
5,1,-1.19423845985667,-2.16853227037432,0.684467748458178,1,0,1,0,0
2,3,-0.956152206189711,1.13921726364877,0.470150357690737,0,1,0,1,0
0,2,0.806238473402802,0.241045006605349,-0.0173177099111649,1,0,1,1,0
3,1,0.969587681092169,-1.95844825289238,-1.85988166209177,0,1,0,1,0
1,10,0.585822976140486,1.84812892043083,1.69327543275861,0,0,0,1,0
2,4,-0.0204358767848241,0.312339678956642,-0.801811496863847,1,1,1,1,0
15,1,0.915729419892782,-0.0719410869004933,-0.00576416327038527,1,0,1,1,1
7,3,0.685254602381334,0.992352003903321,-0.532426754516273,0,1,1,1,1
1,10,1.56625096043052,1.00460316125537,0.996191920647246,0,1,0,1,0
1,9,0.907036210787444,3.34610869329168,-0.374783220450441,1,1,1,0,0
4,1,0.75442810105082,0.406843272502857,-0.832731147067829,0,1,0,1,0
2,3,-0.626749569746035,0.280852013251065,-1.06395206413828,0,1,1,1,0
4,1,-0.208929956912392,-0.559335788313475,-0.777369689749813,0,1,1,1,0
0,0,-0.948482105241945,1.14200530900182,-0.0966329819424578,0,1,0,0,0
0,0,1.02809590104119,0.707572681611521,-0.13798996846303,0,0,1,0,0
1,0,0.399103611971727,-1.58618539351074,0.686510316658633,1,0,1,1,0
5,1,-0.33554278427471,0.286782058423159,0.96437097609032,1,1,0,0,0
1,2,0.530537091938317,0.609294846773091,0.0960154300966769,0,1,1,0,0
0,0,0.697588536811164,-2.59005510016139,0.546064209333188,0,0,1,0,0
2,0,0.139273897751683,0.47386788166006,-0.65944465819133,0,1,1,1,0
1,5,0.615852909986663,0.981430202380877,0.426862018719345,0,1,0,0,0
3,2,-0.994659670292406,-0.325907526956723,0.142874539933002,0,0,1,0,0
3,0,1.44162757392455,1.446009331743,-1.00034858456395,0,1,0,0,0
0,2,0.947598820728373,-0.712336681834931,-0.5458044263006,0,0,1,0,0
0,1,-0.268160609901925,-2.71714747509897,0.947898307425793,0,0,0,1,1
3,3,1.1612890179966,1.04498296987306,-0.497675931676106,0,0,0,0,0
7,1,0.0901015009560011,0.391963367095483,-0.726770960888616,0,0,1,0,0
2,0,1.54254726659464,-0.436035465638352,0.857161640201417,0,1,0,1,0
1,0,1.03140760063249,0.352438721717058,0.0886595117557057,0,0,1,0,0
5,2,0.745851253101028,0.544995537912418,0.0779278840158718,1,0,1,1,0
5,1,1.18721305388069,1.78716848928319,-0.55340265370992,1,1,1,0,0
1,1,-0.0495257219257048,0.282825420712752,1.27609449853117,0,1,1,0,0
0,0,-0.465194592377263,-1.22322017351374,0.421889136559967,1,0,0,1,0
5,0,-0.647680143405664,-0.231713880611805,-0.209268571154882,1,1,1,0,0
1,9,-0.22478533742944,-0.161268155487921,-0.00554433552695152,0,1,1,1,0
1,2,0.316603285207596,0.0539758611494463,1.09702689211154,1,1,0,0,0
0,0,-0.08846088741484,0.655702814757698,-0.59893635674635,0,1,0,0,0
0,0,-0.0248973205628432,0.885767662012255,0.253233116441944,1,0,0,0,0
2,2,-0.591136674755321,-0.208655441473721,-1.310127302195,1,1,1,0,0
2,1,-0.614025092914628,-1.07022282726802,-0.62004570777126,0,1,0,0,1
3,0,0.379816410674452,-0.364642302813531,-0.537799468138633,0,0,0,0,1
7,2,2.00671048425649,-1.69106927577529,1.38521348658031,0,1,1,0,0
10,3,0.384618898705774,0.0157120110741085,-1.76968565935526,1,0,0,1,0
3,0,1.38391112136896,0.615455031211031,1.40200759289594,0,0,1,0,0
2,6,0.313051992524837,-0.0821798182235308,0.333882596067899,1,1,1,0,0
1,1,-1.12767596312885,-0.14025139258484,-1.25435810703,0,1,0,1,0
0,0,0.569597704977103,0.405391789725641,-0.114512846306261,1,1,1,1,0
1,1,-0.270838321725092,0.177627586885771,0.146162412175803,1,1,0,0,1
3,4,0.445662914353086,-0.244899242646892,-1.3891062861824,1,1,0,0,0
4,2,0.204284771171396,0.727016110818071,0.671298222129774,1,0,0,1,0
2,1,-1.00178057442684,-0.299385737381033,-0.480743130653476,0,1,0,0,1
2,2,-0.807570332528759,-1.44504735146651,0.283317080432297,0,1,1,0,0
4,0,-0.608409032161551,-0.515996802639596,0.217729394095041,1,0,0,1,0
2,1,2.29338761038036,0.102716778692393,-0.755268399845635,1,1,1,0,0
0,1,0.0663831120664148,-1.32052922963268,-1.99871825053625,1,1,0,1,0
4,1,-0.136646086462035,-0.0917438048904143,-0.431281252180533,1,0,0,1,1
5,3,-1.13721533263138,1.2877892928328,-1.68485285905342,0,0,1,0,0
1,0,-0.611137632318441,-1.38785752228317,0.152882307814293,0,0,1,1,1
4,3,-0.391494975167433,0.150081504902272,0.442270786631607,0,1,1,1,0
5,6,1.27741374948808,0.929418272405449,1.61663072372088,0,0,1,0,1
2,0,1.04886338117368,0.175789935145616,-0.913581615106011,1,1,0,0,0
12,2,-0.385633576371727,0.0779850100091526,-1.20929123151039,1,0,0,1,1
1,1,0.924652044323443,-0.345636340642401,0.631137983432684,1,1,1,0,0
1,5,1.00356906600795,0.131363592058456,-0.808400975529775,0,0,0,1,0
0,0,-1.71190285575538,0.435107513857684,-2.44613110231186,0,0,1,1,0
1,5,0.0156403860694212,1.68654323257004,-0.631488642276868,0,1,1,0,0
4,4,0.307974853414363,-1.00239942879928,-1.35346251469317,1,1,1,1,0
3,0,1.06465449399311,1.95260823489322,-0.372472934180984,0,0,0,1,1
0,2,-0.331969890532059,-0.316850776684786,-0.194531877489152,0,1,0,0,0
5,0,1.57936961547445,0.278345044409236,-0.0965219291682284,1,1,0,1,0
1,1,-0.252779620420584,-0.0476979478397083,0.976133973204467,1,1,1,0,0
2,6,0.43121849765835,-0.310978283787866,0.0620903618245511,0,1,0,1,0
3,0,0.435542305408639,-1.14526278208838,0.647981469860575,1,0,0,0,0
5,0,0.501281316771782,-3.01402225881199,-1.6580159060398,1,0,1,1,1
2,1,-0.112793799248791,-0.00772520486447697,-0.119993188649134,1,1,0,1,0
1,4,-0.332141472075158,-0.178927011863787,-2.59957447965383,1,1,1,0,0
3,5,0.671157970505236,-1.24356197421238,0.808924529273294,0,1,1,0,1
11,9,1.8422620380811,0.138516632956514,0.804053684249359,0,1,0,0,0
7,0,-0.0837112679083033,1.83506866982304,-0.8934862467815,0,0,0,0,0
0,0,0.123358030207879,0.966815304940747,1.15131118762531,1,1,1,0,0
0,0,-1.46932543822257,0.124164932638178,-0.264872417509535,0,0,1,1,0
1,2,0.705673152270934,0.338482755975635,-0.471303362010869,0,0,1,1,0
0,0,-0.252949642298029,-0.0232408519233259,-1.70241499982989,0,0,1,0,0
1,7,-1.63906447622269,1.79927989805001,-0.0782689903360651,1,1,1,0,0
0,3,-0.502118204171504,0.207208726963561,-1.1367147921026,1,1,0,1,0
5,2,-0.888179729250165,-1.30387195715776,1.48202275420246,0,1,0,0,0
1,0,0.198319758062905,0.717652894323485,1.37931459101707,0,1,0,0,0
2,1,0.417115758254613,-2.00612454887748,-0.570802515547083,0,0,1,0,0
1,8,-0.309722300494124,0.623075945985113,-1.06751417785222,0,1,1,0,0
6,2,0.768337843175113,0.340846559489806,-1.07014059166588,1,1,1,0,0
2,2,-0.224715091616536,-1.32885322465356,1.99009585086752,1,0,1,0,0
2,0,-1.12306280904502,-1.27751977065765,0.0522666509542608,0,1,1,0,0
0,0,-1.17767280270717,1.55516989823424,1.05722245161331,0,1,0,0,0
4,0,-0.703412277542417,0.139905253812166,0.168919773959109,1,1,1,1,0
1,0,0.625581963659614,0.278243587541327,-2.42091010790969,0,1,1,0,0
1,0,1.03570994588204,-0.562412492484205,-0.159853657389065,1,1,1,0,0
1,4,0.673872403221294,1.08024841220623,0.419259264894739,0,1,0,0,0
5,1,2.20417715595608,0.153196514701267,-0.802863093590476,1,1,1,0,0
0,0,-0.642436425280503,0.33911303324202,-0.778724938151227,1,1,1,0,1
0,1,-0.371304655890257,-0.530979541508843,-2.47417360258674,0,1,1,0,1
21,2,2.05557661729506,1.38714716889641,-1.28112776471707,1,0,0,1,0
0,4,-1.28145400669158,1.43720721733956,-0.645573369023778,0,1,1,0,0
1,0,1.25732741388048,-1.08914450370155,-0.965766548868588,1,1,1,0,1
0,2,-0.318105931976919,-0.0905211579315228,0.262611905614734,0,0,1,1,0
1,1,-0.25304314126066,1.06996876425637,0.474243819928307,1,0,0,0,0
3,1,1.15053667110646,-0.932348235525184,0.69841310227385,1,1,0,1,1
1,3,0.557632995427225,0.3208816337632,-1.96097592538427,1,1,1,0,0
4,2,-1.0132433960589,0.280177500452371,0.363607619366565,1,1,0,1,0
5,0,0.978146955753982,0.0795489047346074,-0.693560638487125,1,0,0,1,0
0,0,-0.953667496431049,0.0639450326010143,-0.605174001034019,1,0,1,1,0
1,0,-0.088846812943758,0.723818237882522,-0.554430983498622,1,0,0,1,1
0,3,-1.55619871997752,1.51249236342022,-0.105134621088704,0,0,1,0,0
4,2,-1.12089146946041,0.0290543096725721,-2.14104394998863,0,0,0,1,0
1,0,-1.03225990543359,-0.548504684218194,-0.658411333875132,0,1,1,1,1
4,0,1.01738486624186,-2.16806064489451,-0.310147377317558,0,1,1,0,1
1,4,-0.635918427238397,-1.43867790272346,-0.133928700436454,0,1,1,0,0
3,2,0.535256035951669,-1.29876772081269,-0.0931953836549972,0,0,1,0,0
0,0,-0.459656832142282,0.235978904913305,-0.97220393904295,0,1,0,1,0
1,6,-1.90900689948886,-0.462134225162522,1.53814828859846,0,1,0,0,0
7,0,-1.07200153151153,1.0855203307892,-0.0988612749661926,1,1,1,0,1
0,0,0.728680780042073,0.0919888159377334,-0.580313927667011,1,1,0,1,0
0,1,0.996544639911394,-0.8746417124636,0.335643225942217,0,0,0,0,0
1,0,-0.732294687477853,0.140954777619564,-0.963066105742216,1,0,0,1,0
0,6,-1.49707743645826,-1.21320347874808,1.72465783372517,0,1,1,0,0
5,0,0.336029223162974,-0.640406411382888,-0.755910739800729,1,1,1,0,0
10,2,-1.31184064176838,-0.122031741776214,-1.94212638718169,1,0,0,0,1
1,0,0.674207570179493,1.08361224318332,-0.43176405000256,1,1,0,1,0
2,2,-0.739313865001399,0.498157765069758,0.700796672458948,1,1,1,0,0
3,1,1.07975644204745,-0.0630707675217529,-0.0315315349341591,1,1,0,1,0
2,5,0.00110561659608238,1.05624303784898,2.40177156583135,0,0,0,1,0
1,1,0.0113230121822828,-0.0409995095593956,-0.325207409246456,0,0,1,0,1
0,0,-0.482426769324635,-0.648655255788483,-0.750483648617378,0,1,1,0,1
0,0,0.135131865920216,-3.00709644864683,-1.38061000103653,0,0,1,1,1
0,8,1.45579248087073,2.57334385605439,-0.336381913099556,0,1,0,1,0
4,5,0.636060392135546,1.59026889548329,-0.656085182547446,0,0,1,0,1
6,1,-0.364956505370241,-0.0294324349527903,0.137805861893834,1,1,0,1,1
4,0,0.69119475356665,1.86315501713662,-0.492442888001926,0,0,0,0,0
0,0,-0.406699815262852,-0.602203586892799,-0.950045845830662,0,1,0,0,0
1,3,0.373822744624698,1.51816314311162,0.288152993848054,1,1,1,0,0
1,0,1.69639356922613,1.0436819810497,0.503183638082537,1,0,0,1,0
3,1,-1.49036852007376,-0.360037506974447,0.366283818668496,1,0,0,0,1
3,0,-0.500302007960131,-1.57960305186897,-0.526266099026609,1,1,1,1,0
0,0,-1.74867298650106,-0.702011828083229,-0.366760026743327,0,1,0,0,1
1,2,-0.029444085789081,-2.12834234090132,-1.82855168410498,1,1,1,0,0
6,0,-0.278303642209002,-1.10245059693022,1.29085138044729,1,1,1,0,0
2,1,-0.182105581393801,0.849602496605921,-1.10261129367492,0,1,1,0,0
13,2,2.18324895640319,-0.369152979932969,1.54023424529993,1,1,0,1,0
2,2,0.016719315707429,0.806236295801184,0.296268989758369,1,1,0,0,0
1,1,0.261178522708595,1.88584553328245,-1.43536862727588,1,1,0,1,0
2,1,0.725991079179099,0.785022781483135,1.3143354775221,1,0,0,0,0
0,2,0.224792572967841,0.835137256747056,1.01852431342181,0,1,1,1,1
0,2,0.429828530605299,-0.0183874770030123,-0.732641731047205,0,1,0,0,0
1,1,-0.301873207405249,-1.48419404459313,-0.373265360258304,0,1,1,0,1
4,3,2.47532919959593,1.79868211371087,0.0464559402126582,0,1,1,1,0
0,1,-1.03281066729797,-0.00465112010462896,0.500000570405547,1,1,0,0,1
0,8,-0.244540838237869,-0.901186532539956,-0.838888495350917,1,0,0,0,0
1,5,-0.170978226723584,1.72708997023289,0.995987835417965,1,1,0,1,0
2,0,-0.205068752479582,-0.0964494496101751,0.493517715684539,0,0,1,1,1
1,2,-0.617018264832565,-0.951424852532254,0.658098504929781,0,0,0,0,1
2,2,0.283306497573698,-0.320427822546428,0.446951667096742,0,0,0,0,1
2,1,-0.577321583958907,-1.17965471265015,0.412904706455129,1,0,0,1,0
2,2,0.371592171837665,1.67266570024424,-1.19280765352817,1,0,0,1,1
0,0,-0.522049833343528,-1.19870903997159,1.074827929884,0,0,0,0,0
6,0,0.675483139360624,-0.154203777418854,-0.993367716999077,1,0,0,0,0
0,5,-1.23060128643183,-0.502531484676905,-0.793986066922549,0,1,1,0,0
8,1,1.05112188549237,0.0319768241321536,-0.059782164668839,0,1,1,1,1
1,0,0.33112761432682,1.38717033139539,-0.84944665405737,0,0,1,0,0
1,0,1.39444779745178,1.49658058702172,-1.21224255256032,1,1,1,0,0
3,6,0.193071185865185,0.875822371385799,1.46317263461005,0,0,0,0,0
1,1,-0.935594586360543,-1.79853771180996,-0.590185042354743,1,1,0,0,0
1,4,-0.454738561661721,1.82412634977401,-0.331459988682523,0,1,1,1,1
1,4,-1.21786902436036,-0.106284064059724,-0.606093245871572,0,1,1,1,0
1,0,0.868478943969839,1.18964842548141,-2.23430021680773,0,0,1,0,0
4,1,0.531901880482975,1.71906008912384,1.01635447425295,1,1,0,0,1
5,3,-0.162477262044344,0.00890495651789074,1.01607940857801,0,1,1,0,0
1,2,0.0837101680188825,0.224995921989306,1.34875731991222,0,0,0,0,0
2,4,0.01553014641722,1.56278202355464,-0.934105333734653,0,1,0,1,0
4,1,-2.21998050193049,-0.00153444485496019,-1.56955838030883,1,0,1,1,0
1,0,-0.301497396979279,-0.880346023545093,0.968781215983993,1,0,1,0,1
3,1,0.097193800269137,2.44158607226314,0.838394550990686,1,1,1,1,0
1,2,0.157539428256379,-1.86540149416503,-0.882945441730021,1,0,1,0,0
0,3,-0.293496840819537,-0.51472973351056,0.551040435172013,1,1,0,0,0
1,5,0.818906202293049,-0.318686572189828,1.48918119382408,0,1,1,0,1
11,1,1.1231216097244,-1.27229552428715,-0.722107140811102,0,1,0,0,1
4,6,2.17956250298114,-0.8104493659738,1.83668283681655,1,0,0,1,1
2,1,1.4539141084039,0.250964825883534,1.59483847531745,0,0,0,1,1
5,1,0.885407190187929,-0.188506194539482,-0.301904988512077,1,0,0,0,0
2,0,1.46144441148594,-1.55980821922299,0.572114983362919,1,0,1,0,0
2,4,-0.785531582479391,0.0909249866179945,-2.38212001076629,0,1,0,0,1
5,0,0.0520524592452395,-0.0138949812464908,0.6010025082601,0,1,0,0,0
3,7,-0.0118708223528527,-0.53016251590841,-1.29510897264347,0,0,1,1,0
1,1,0.823776157723103,-0.372755669166903,0.381032782151043,0,0,0,0,0
5,1,0.744956820711938,1.41339205883446,-0.864701239235451,1,1,0,0,1
5,1,2.67526783582289,-0.144246254304075,-0.176817961625696,0,1,0,1,0
3,0,-0.0108080143342469,1.61627294429135,0.617793460716271,1,1,1,1,0
1,1,-0.0248906100393384,1.12887420705461,-0.782773246532319,1,1,0,0,1
2,0,-1.06875725269439,-1.0167194794444,0.121611824670856,1,1,1,0,0
5,0,0.0771639833731761,1.28594735341696,-0.374281559042407,1,0,0,0,1
5,1,-0.769657881438138,-1.92008095431139,-0.161291786337663,1,1,1,0,1
1,5,0.372588317245507,0.112751589484198,0.131016080553857,0,0,0,0,0
3,2,-1.0667467162804,-0.0247905716509584,-0.689167966797374,0,0,1,0,0
1,2,2.30145092117821,-0.384535376857598,-1.13379850778571,0,0,0,0,0
7,2,0.635543279195952,0.625808837182738,-0.92980428108817,1,1,1,0,0
6,2,0.554931029426802,0.335893771040867,0.703738694085817,1,1,1,1,0
0,3,-0.604688036856434,-0.0856586405552828,-0.783760631795877,1,0,1,1,0
0,1,0.412124953512257,-0.493344968535469,0.211730489515902,0,1,1,0,1
3,1,0.933246114098841,0.630711921723743,0.933068819982805,0,1,0,0,0
10,2,1.14427206294485,0.510705288228438,0.540198373934261,1,0,1,0,0
1,1,-0.221184276448553,0.302322175352942,-0.780839410267629,1,0,0,0,0
4,2,0.643851498425289,1.786819259373,-1.15948676971598,1,1,0,0,0
1,0,1.0505674350926,1.16866296656703,2.06136517331013,0,0,1,0,1
2,0,0.277053659943295,0.702488293688939,0.518135479208555,1,0,1,0,0
0,0,0.145213889664208,0.560532286592736,0.192798986193917,1,1,1,0,1
1,3,-1.81192473031789,1.4749384898154,-1.4135488300515,1,1,1,0,0
1,1,0.775710273793954,-1.06954785917583,1.79665437526564,0,0,1,0,0
0,1,0.371022040380077,-0.270166862097711,1.27527303795542,0,1,0,1,0
3,5,0.53370001906253,0.391983131574376,-0.53758213967916,0,1,0,0,1
5,0,1.77999342060144,0.246861619449567,-1.41946063504219,0,1,0,0,1
2,2,-1.26409949063635,-1.30624537293522,0.436246772854183,0,1,0,0,0
0,1,1.14101315358225,-0.515802364666295,-0.413673669902435,1,1,1,1,0
0,7,-1.28756801098547,-0.264967060867547,1.88528957748089,0,0,0,1,0
2,4,0.550511184196667,0.426418663050868,1.65446138405888,1,1,1,0,1
1,2,0.238527945262162,-0.0675173999950921,0.470096117588925,0,1,1,1,0
1,1,-0.0320499088638012,-0.768876205939212,0.420312543725935,0,0,1,1,1
3,3,-0.527820261990969,0.563385518518142,0.760127306068958,0,1,1,0,0
3,0,0.566148789048598,-0.969354674214512,1.3274344042246,1,0,0,1,0
1,0,-0.522333887894933,-0.180679978719768,-0.757092840368733,0,1,0,0,0
0,1,0.290863573828033,-0.95288313852027,-0.611890802121984,0,1,0,1,0
1,0,0.325585621185052,0.799695176271096,-0.882682575445339,0,1,1,1,0
1,1,-0.251125805764044,-0.156670829756922,-0.965740829421515,0,0,0,1,0
0,0,-1.46266033898342,-2.03658987067647,-0.0263985475724506,0,1,1,0,0
3,1,-0.998223834834483,-0.129188600203451,-0.883245276997038,1,0,0,0,0
1,0,0.106039706202298,2.04261337323261,1.45357075226518,0,1,0,0,0
3,1,2.42090862838945,0.0424304692138201,1.66376653946575,0,0,1,0,0
2,1,1.15754320026054,-0.82372692341248,-1.15321236657827,1,0,1,1,0
2,0,0.821932285953924,-2.48590680466718,0.111049743149198,0,0,1,1,0
2,0,0.332391594046207,0.0378524878948393,0.450767222295235,1,1,0,0,0
2,4,-0.546688214098216,1.71730967228874,-1.32133870456656,0,1,0,0,1
6,0,0.658171264987902,0.464731949625171,1.60917012747725,1,1,1,0,0
5,1,0.384496149213396,-1.63233484612989,-0.126283757589161,1,0,0,1,1
3,8,-0.505711404174637,0.416966283079814,0.648235074641682,0,1,0,0,0
2,3,1.19566664955237,0.914561466727463,-1.53897987966556,1,1,1,1,0
1,12,-0.769781595282387,-0.565483787248909,0.522910852982316,0,1,0,0,0
5,3,1.0470610262691,1.13327562474028,1.6120938136575,1,1,1,0,0
3,2,-0.490894922137083,1.80326926225292,1.21353663956217,1,0,0,1,0
2,0,1.20635027304002,-1.06268162993459,-0.463320426133624,0,0,1,0,1
0,1,0.11716120774252,-0.855582803733099,0.916880700683284,0,1,0,1,0
3,2,-1.09935421074414,1.58125344427453,-1.7141588847791,1,1,1,1,0
2,1,-0.421654365941182,3.2939444871275,1.47002845725921,1,0,1,0,1
1,1,0.055901308744283,0.0977598236567241,0.623140984693407,0,1,1,0,0
8,1,1.00055222324491,0.513769573831378,1.79195620974261,1,1,1,0,0
3,0,-0.543399508752843,2.0673760232073,0.307209858030427,0,0,1,0,0
0,6,-1.53342210147758,-0.100890750806724,1.26012799061379,0,1,0,0,0
3,0,1.51531344191626,0.451166011740115,-0.668232595102006,1,1,1,0,0
4,0,0.866237052691492,0.908886880993378,1.1683108063981,1,1,1,1,0
4,1,0.460915237790328,0.77075417283538,-0.604011037887005,1,1,1,0,1
2,1,0.953234748170994,0.467727985772246,-1.41811231929517,1,0,0,1,0
0,0,-1.38820037099189,1.31556609314686,1.58840186299312,0,1,1,0,1
0,0,-0.112016297871452,2.37351223800556,0.115852202925127,0,0,1,0,1
5,2,0.706795026254172,0.385251687385996,0.648350196304739,1,1,1,0,0
2,0,-0.176125716943432,0.428591129447615,-1.87147972341695,1,0,0,1,0
0,0,-0.542805931823127,-0.739271131478277,-0.88867810396169,0,0,1,0,1
1,2,1.42462796332791,1.71810820971687,-1.29344038704861,0,1,0,0,0
1,0,-0.20497866543948,-1.52098006226515,-0.562673699849826,0,1,0,0,0
3,0,0.0673841783530705,-0.363223311890899,-0.990510164209276,0,0,0,0,0
3,1,1.22527749703591,1.46154394575502,-0.372757693891065,1,1,0,0,1
1,2,1.26968784324903,-1.2466741657796,-0.611012082523059,1,0,1,0,0
0,27,-0.511211547949913,0.997905955067281,1.16741258183034,0,1,0,1,0
0,0,1.04991462907963,-1.1723731853046,0.146737781942072,0,1,0,0,0
4,1,0.836787424711267,-0.0218088180432943,1.25887636079106,0,0,0,0,0
1,0,-1.68543811966929,-0.358470561495427,1.3649198359733,1,1,0,0,0
0,0,1.92414477955661,0.511933256095635,2.64013354422168,0,1,1,0,0
3,2,-0.58912488434294,1.08348795007535,0.390299489033056,0,0,0,0,0
2,1,-0.598784573289242,-1.35092683517852,-1.04998676385154,0,1,0,1,0
0,0,0.916817981825398,1.21464086627658,0.281530551542234,0,1,0,1,0
0,2,0.674030916594421,-0.0629659107449313,-0.887986867144534,0,1,0,1,0
2,2,1.97905850679031,-1.09186548358791,-0.524218580054367,0,1,1,1,1
2,2,0.565038842645337,-0.258265803337246,1.04308207006181,0,1,0,0,1
1,1,0.0955497074686661,0.513347355667483,0.842824736423135,0,1,1,1,1
0,2,-1.41220770532088,-0.0615211730235023,-0.216498113016428,1,0,0,1,0
1,3,-0.547557279412725,-0.523344697662236,-2.73744806628584,0,1,1,1,0
2,2,0.605163794422783,-0.483095134031321,-0.517502984437362,1,1,0,1,1
2,1,1.39210067472935,-0.454303358409036,1.04148947848781,0,1,1,0,0
3,3,-0.456472710195567,-0.574592096643016,-0.82401357054519,0,1,0,1,1
1,0,0.206287450125311,-2.45001950436497,-2.07335247277269,1,1,1,0,0
8,6,0.0974709137997077,-0.590478449521676,-0.610529826207842,1,0,1,1,1
1,6,-0.0749129393110519,1.17816256768371,-0.563422844905539,0,1,0,0,0
2,1,0.329442381941296,-0.672310616580443,-0.462857255552536,0,0,1,1,0
1,0,-0.354094251752164,0.0525794875208607,-0.0503130101302247,1,1,0,1,0
2,2,1.83439583029443,0.929182847100392,-0.326485671480332,1,1,0,1,0
3,1,1.06619283686007,-0.633406459986745,0.742013987819686,0,1,1,1,0
4,1,0.770364357255736,-0.0335534625806354,-0.593228708380662,1,0,1,1,1
0,1,1.33943194924613,-0.829009833555618,-0.702689065967725,0,0,0,1,0
1,0,0.586200736787182,0.633683340201699,-1.71882618126973,0,1,1,1,0
2,0,-2.61319586713026,-0.750993117417863,1.18088514982699,1,0,0,1,0
1,2,2.02614975008528,-1.24715767578807,-0.533338219889009,0,0,0,0,0
2,0,0.462905829329954,-0.78415798364519,-1.08370224243668,1,1,0,1,0
0,0,2.84106713870049,0.776624563061369,2.57408541531925,0,1,1,1,0
0,3,-1.0741306357481,1.64109498813617,-1.36783056259323,0,1,1,1,1
2,1,-0.360025089789008,-0.114706331925618,-0.27167361375685,1,0,0,1,0
0,3,0.0636807475776029,0.374184298622618,-1.47590696653503,0,1,0,0,0
0,1,-0.271167895905824,2.71812064078213,-0.284090092190349,0,0,0,0,1
3,2,-1.23074984772016,1.67912261399143,-0.229740154134333,0,1,1,0,1
6,3,-0.142109089281627,1.02462291528524,-0.50127624826546,0,0,1,0,1
2,0,1.56022509773305,-1.52203443028969,2.29785960894549,0,0,0,1,0
0,1,0.624889739340899,-0.58475413249399,-1.63049771937663,1,1,0,0,0
0,2,1.295130246479,-0.780481892139227,-0.78460164635308,1,1,1,0,0
2,0,0.401793191816653,-0.445338581769507,1.10876003433251,0,1,1,0,0
0,6,-1.12185201325637,-0.0293820518052106,-0.386703936859624,1,0,0,1,0
1,1,-1.43775077028609,-0.943434099680421,0.762339040625862,1,1,0,0,0
2,1,-1.02352518008244,0.578612958717464,-0.485071421782968,1,1,0,1,0
1,1,-0.7271196566956,-0.31689399299297,1.12577172728285,1,0,0,1,1
1,1,0.201668349455647,-0.813103457895098,-1.2292529283753,0,1,0,0,1
3,0,0.0179825093776138,-1.2248625635747,0.239809913235372,1,1,1,1,1
2,2,-0.429103198084629,-0.0537625074434236,0.202431823744742,1,1,1,1,0
1,2,-1.88591771353789,-2.12648077492929,0.235353790175391,0,0,1,0,1
1,0,0.430622632963453,-0.807054587668818,-1.29870808671192,1,1,1,0,0
0,0,-0.493447136214117,-4.07807916484252,1.26738300304683,1,1,0,0,0
0,1,-1.32856204855638,0.996745532548052,-1.22351030685991,0,1,0,0,1
0,0,-0.0494886983079502,-1.33876042284333,0.0431738791995846,1,0,1,0,0
5,0,0.171584183004845,0.330808862445654,1.04519221476785,0,0,0,0,1
1,4,0.284437002142149,1.56637164340083,0.035302471251588,0,0,1,1,0
1,3,0.219995552005086,0.126901041357414,0.583749743539465,1,0,0,0,0
3,0,-0.639385760665208,-0.477956788089273,-2.35084818641758,0,0,0,0,0
13,2,1.63204878934687,0.131365226471699,-0.98250957909569,1,1,0,0,1
5,1,0.0290115249428155,1.21417850248918,-0.278997505431405,1,1,1,0,0
2,3,-0.657822057127087,-0.897605663873734,-0.215734678992813,0,0,0,0,0
0,7,-0.408517952765438,0.559882874160234,1.16723221265706,0,1,0,1,0
3,1,-1.28182226970878,0.195331581790453,0.880308161612951,1,1,0,0,0
2,1,0.910650626014916,-1.8031546049705,-0.645595448243043,1,1,1,0,0
1,2,0.210065566036394,0.405346994555121,-1.47170653331957,0,0,0,1,0
1,3,0.105743962511073,1.355777252202,0.145677633292232,0,0,1,0,0
0,0,1.5974826261165,-0.553432848993408,1.05220685880578,0,1,0,1,1
3,0,-0.569972831055283,1.03818246578789,2.35210679728072,1,1,0,0,1
0,1,-0.998227732075755,-1.30766607824681,2.0128332066153,0,1,0,0,1
3,1,-1.16382518039083,-1.52204842826062,1.11876893431704,1,1,0,0,1
2,4,-1.69866523777503,-0.265666294264018,-1.2463458580902,1,0,1,0,1
2,1,0.857391704593958,-0.185500726670844,-1.28458564065562,1,1,0,0,0
3,3,-0.120530667355582,0.435494368948952,1.07834043960831,0,0,1,1,0
7,1,0.718142613447292,-0.336440904769299,-0.393997513034913,0,1,1,0,1
10,0,2.02820644467004,0.604881354109495,0.875370241314029,0,0,1,1,0
5,0,-0.278730284498532,-0.735582285066547,0.87826718892076,1,1,1,1,0
1,1,-0.391846963930679,-0.128269791160451,0.230759624204446,1,0,1,0,0
0,1,-0.968575413025514,0.733923601569754,-0.65231830115366,0,1,0,0,0
0,0,-0.443244009915927,0.498244217709839,-0.441967664663427,0,1,0,1,0
0,3,-0.555935359409801,0.64537183310376,0.77799453100269,0,1,0,0,0
7,1,1.85415445870556,2.27665014428292,1.24457577522662,0,1,1,0,1
1,0,-0.557170852523344,0.470367719173542,1.0478677369444,1,1,1,1,1
1,0,0.213187412790503,1.44856542263075,2.56914020654157,1,0,1,1,0
1,0,0.346107171330038,-0.765364225461816,-1.70210622743066,0,1,1,0,0
7,0,-0.101994199380584,0.441267887296998,0.611211203822612,1,0,1,0,1
3,0,0.681144747087551,1.38876696883172,-1.62836642429468,1,0,0,1,1
1,1,-1.63269414823082,-1.13309564657768,0.313811599437432,0,1,1,1,0
7,1,0.736998760676591,1.85642304097029,0.139290004936004,0,0,1,0,0
1,0,-0.646552383508576,-0.23806852021842,0.46622169716282,0,0,0,1,0
0,1,0.688518693800495,-0.53669735547773,1.53383976710439,0,0,1,1,0
0,0,1.22151061538483,-1.17247694139331,0.697880989976232,0,0,0,0,0
4,3,-0.316765406407902,0.178344605436924,1.26737793265238,1,1,1,1,0
0,0,-0.860007837068897,-0.421362895855632,0.753220147961198,1,0,0,0,0
4,0,-0.640048836201268,1.4432488540851,1.20519508041714,0,1,1,1,0
5,0,-1.01099651040875,0.287854001109344,-1.19348340153714,1,0,1,1,0
1,5,0.242368164371734,-1.16992963103956,2.35680557778734,0,1,1,0,0
8,2,0.74631615715074,-0.938968618896915,0.806141643332274,1,1,1,1,0
1,0,0.166737413775283,-1.27076526351177,-0.150543952836701,1,1,0,0,0
8,2,0.349150137615046,0.766136803672693,0.849007994309445,1,0,1,0,0
4,8,-0.769513658387921,0.803760372652954,-0.688497046207179,1,1,0,1,0
0,1,0.0583887973049773,0.0650104472239431,-0.815212863867579,1,0,0,1,0
3,3,0.226067903994394,-0.651635928526361,1.01648893153762,0,0,0,0,0
2,4,0.266566080017753,0.125678442396204,1.55107109230538,0,0,1,0,0
0,0,-0.00539239317425509,0.0568752375484703,-1.06977010381356,1,1,1,1,0
7,1,0.582065950199975,-0.226832303273044,0.668944402171657,0,0,0,0,0
0,4,0.0219188487488998,1.06053521536541,-0.445099173951647,0,0,1,0,0
2,1,-1.04133023265304,-0.287474307804539,-1.48131923712733,0,0,1,0,1
0,1,2.3651718215295,-0.14170219844851,-0.475465631584023,1,0,1,0,1
2,3,-1.53947002184886,1.46344327285653,1.00712049981428,1,0,1,0,0
3,3,-1.0661739069494,0.653347264146277,-0.917362964490283,0,1,0,0,0
0,0,-1.34506654816386,-0.748724070039567,-0.961525309920109,0,1,0,0,0
0,1,-0.750561080995817,-0.0491812093912975,1.30226104248226,1,1,0,0,0
2,4,-0.0543490082385613,0.197730281794703,0.120819320387349,1,1,0,1,0
2,10,0.782327651364621,0.820249186033492,0.0802003339010702,0,1,1,1,1
0,1,-0.283781391374396,-0.550564717389665,-1.02181488033868,0,1,1,0,1
0,0,-0.553668555777446,1.71206570755949,0.15582922574101,1,0,1,0,0
0,1,-0.746257659642275,0.363194885724603,-0.750537190464969,0,1,1,0,0
3,5,1.07249803636189,0.120471683858721,1.9197851796863,1,1,1,0,0
8,0,-1.11580388327375,0.100845191344993,-1.3669815814576,1,0,1,1,0
4,1,0.930178543765009,0.86891303041374,0.335597394861237,0,1,1,1,0
1,2,0.326742305585208,-0.0267412233274425,0.223182976037289,1,1,0,0,0
1,1,-0.989128763350737,-2.50848631825445,0.326665703759754,0,0,1,0,0
0,0,0.583843844659654,-0.158361796727397,-0.138149942083956,1,0,1,1,1
7,0,0.59707104665572,-1.04712863206047,-2.61144529623014,1,1,1,0,0
2,1,0.902941451654953,1.78300982866582,0.413846576002492,0,0,0,1,0
2,0,-0.92012649626371,-1.98410462222454,-0.623635189154804,0,0,1,0,0
4,1,-0.997601565289754,-1.27773714306579,-2.22593554166422,1,0,0,0,0
0,1,0.183956139593562,-0.101269791389935,-0.430729978300316,0,0,1,1,0
3,4,-1.70740984832156,-0.126010974335201,-0.190763562687383,1,1,0,0,0
2,0,1.06430619577819,-0.193149306770823,-0.459666472592324,0,0,1,0,0
5,2,-0.719660760671263,1.0757393164776,-0.00184099743719192,0,1,1,0,1
2,2,-0.676518732090654,0.585809928063132,0.726299723227722,0,0,1,0,0
2,1,0.0831118483576644,-1.94400229303771,0.309017569303801,0,1,0,0,0
2,1,0.114735154224901,-1.45645474645901,0.173551611858165,1,1,0,0,1
2,1,-0.587597153351108,0.126172096627642,0.526481377522252,1,0,1,0,0
1,3,-0.450768546003956,1.66437553563808,2.47694957770027,1,1,1,0,0
0,1,0.997456182448306,0.645658470125034,-0.447137534156909,1,0,0,0,0
1,7,1.12880506730552,-0.237517240769887,-0.0444104364574834,0,1,1,0,0
1,1,-0.863384637351891,0.970097168576637,0.780954350634473,0,0,0,0,0
2,1,-0.507256732229345,2.11404782274504,-0.373328462386821,1,0,0,0,0
1,0,-0.404791233107074,1.40735148706372,-0.771462324273124,0,0,0,0,1
0,2,0.227990953335087,1.8196370475128,0.984965277237371,0,1,1,0,1
1,5,0.92910030708643,0.981489760290298,0.977608003545056,1,1,0,1,0
1,0,0.240813362454316,-0.30440556359188,-1.02547374142897,0,1,0,0,0
2,2,-0.18339756956759,1.06349242922028,0.070563402460274,0,0,1,1,1
1,2,-2.49656176168823,-0.259918316351188,0.805817489592426,0,0,0,0,0
0,0,0.175903857787206,-1.02423718581862,1.38613326592418,1,1,1,0,1
1,0,1.03954703541274,0.231211579954808,-0.875305019747666,1,1,1,1,0
5,2,-1.17467891681457,2.16278740890786,0.553426439262557,1,1,1,0,0
0,1,0.4130240597899,-0.253379476416572,-0.964865540261395,1,1,1,0,1
5,0,-0.905985334540219,-0.21790551194005,-1.0019739651481,0,1,1,0,1
0,1,0.477226034369633,-1.1394742565463,1.13938404844293,0,0,1,0,0
1,1,-0.812598232557345,1.55512949495816,-1.8802822145176,1,0,0,0,1
0,1,0.421601086455734,0.259049808052649,-1.95602544890051,0,1,0,1,0
1,0,-1.74430745055164,1.15586619362784,-0.0367046408369234,1,1,1,0,0
1,0,0.156334583847498,-0.204938792053533,-1.04868883414301,0,0,1,0,0
4,2,-0.204575925671668,0.335378360613949,0.417250164451608,1,0,1,0,0
2,1,2.21809367949203,-1.46489081765543,0.670749128668658,1,0,1,0,1
2,1,0.132937122120927,0.0231770302740032,0.454828276268795,1,0,0,0,1
3,4,-0.192590694221717,-0.796558480174923,0.275231317763189,1,1,1,0,0
4,1,0.335908897490224,-1.11749335236363,0.186531194709663,1,1,0,0,1
2,4,0.808349156021186,0.222142561766713,0.338909259970412,1,1,0,1,0
2,4,1.97859099298421,0.293778589849951,0.473484002434777,0,1,1,0,0
1,4,0.915548307950987,2.7089062226702,0.587770350223581,1,1,1,1,0
0,0,0.81759925970134,-0.388071581310597,0.0419845865253399,0,0,0,0,1
0,0,-0.241408547847609,-0.968775567555405,1.71805432179032,0,1,0,0,0
0,0,0.0821638301282337,0.554137339618376,0.985091243253367,0,0,1,1,1
0,4,0.191557724673171,-0.922798338492075,0.80251148554775,0,1,1,1,0
13,1,1.35259170531328,0.932229409260549,-0.19186861076387,1,1,1,0,0
13,0,-0.653102406091336,1.88183772015337,0.463917866476335,1,0,1,1,0
1,1,-0.345612682540144,-0.650461171243964,-1.48588758346242,1,1,0,0,0
2,5,-0.119467609189188,-0.346261150205942,0.15926558701984,0,1,1,1,0
1,1,-1.29565722773946,0.199658805861173,1.34832864205634,0,0,0,0,0
2,4,1.20979190889213,0.238041610153411,1.4317765184851,1,1,0,1,1
3,0,-0.651420030610103,-0.400438101280897,0.777415810892115,0,0,1,0,0
0,0,0.864201331479803,1.52324418201612,-0.556609090898702,1,1,0,0,0
2,6,-1.32410675502425,1.17028289111075,0.678383316341864,1,0,1,1,0
0,6,0.377361626119298,0.351608526212884,0.172215434929135,1,1,0,1,0
0,5,1.23352622549681,0.77105265926289,0.045030609429395,0,0,0,1,0
0,0,0.293136195053963,0.107489617606401,-0.108992118441948,0,0,1,0,0
5,1,0.00499960970892244,-0.5931792331073,-1.09378001633354,0,0,1,1,0
0,2,-2.10451916758228,-0.636168906781375,1.54917244153964,0,0,0,0,0
2,0,1.4464863440167,0.106084534529834,0.563390386112674,1,1,1,0,0
0,5,-1.18857497541473,0.48506818049337,0.400584622159576,0,0,0,1,0
1,4,0.0988684364651956,0.337629966498605,0.171454757771985,1,1,0,1,1
6,0,-0.542837457840798,0.741004632020077,0.966979173415587,1,1,1,0,0
0,0,1.49667261930558,1.15712362958219,0.672446042140871,0,1,1,0,0
0,0,0.244223494130525,0.431365702740383,-1.29325841246237,0,0,1,0,0
0,0,-0.8338762496684,-1.16592210133613,-0.568660392703874,0,1,1,0,0
3,2,-0.505239487808055,0.00656097652220864,-1.0054785655413,1,1,0,0,0
8,2,1.5869720830159,0.536668124220312,0.696615835618556,1,0,1,0,1
0,3,-0.441395784909736,0.327141753756278,0.170886584517181,1,1,1,0,0
2,0,0.759432772805311,0.181080945029479,-0.477997826457867,1,1,1,1,1
0,3,-1.36056989760392,-0.0119598108682798,-1.61137770752934,1,1,1,0,0
0,0,-1.25231277984622,-2.24120512789205,1.64475595486455,0,1,0,0,0
2,2,0.358287276388293,-1.95729517521051,1.24481290655545,1,0,0,1,0
4,1,-0.288642198393534,0.10404867625852,0.592331793847167,1,0,1,1,0
2,0,0.713755752391735,-0.545743875730211,-0.513154880555743,0,0,0,1,0
7,0,1.09585899609873,-0.682687654626128,-1.22581661626521,1,0,1,0,0
1,3,-1.26102162067733,-1.0424241922636,-0.144375519998143,1,1,1,1,1
0,2,-0.789200088580233,-1.69567931289422,0.457527497473176,1,1,1,1,1
3,2,0.799433676561077,0.490840697094122,-0.111284710056762,0,0,0,1,0
2,0,-0.0822220161820615,0.626381164147028,0.23407139051068,0,1,1,1,0
4,1,-1.60526865198884,-0.236364877181235,0.707104649123227,1,0,1,0,0
0,1,0.832690722733719,0.645599603051777,-0.0537771710382796,0,0,1,1,0
1,0,-0.723340668211605,0.31612428808927,-0.722841260818607,1,0,0,0,0
1,4,0.23282511505478,0.325248176395167,-0.201734487395175,1,1,0,0,1
1,4,-0.956361924277509,-0.585043396753344,0.313919640664318,0,1,1,0,1
5,5,1.75358401340877,1.21849035321183,-1.43767072196122,0,1,1,0,1
3,3,0.12638295906603,-0.102522933615554,0.825476397295327,1,1,0,1,0
8,0,-0.226539419419711,1.41121964812557,-0.785310385795407,0,0,1,1,0
0,1,-0.0816895775935801,-0.360856891328505,0.304055360910394,0,1,1,0,0
1,0,1.07499556792845,-1.64473455500532,1.35206815389544,1,0,1,0,0
3,0,0.0609328349951631,-0.444318398688542,1.45685015395183,1,0,1,1,0
1,3,-0.20989788448534,0.523109462189519,0.734274541184691,1,1,1,0,0
0,1,0.945420745356464,0.0593492721150031,0.641990437468604,0,1,0,0,0
1,1,0.370398552754434,-0.415778787093242,0.282990503083696,0,1,1,1,0
1,1,-1.71498739906818,0.363699282655671,0.113077477081166,0,1,1,0,0
0,5,-1.83722367499765,-1.38173917608702,0.0584606188314295,0,1,1,1,0
7,3,-1.04551202382546,1.23193499775917,-2.54729018657106,1,0,1,0,0
1,0,-1.43924861630138,0.138333511500557,-0.46838710627247,1,1,1,1,1
10,2,0.568210943595424,0.62056638342053,-1.26828285085757,1,1,1,0,1
2,0,-0.756321963308479,-0.0657838797524718,-1.2371653464059,0,1,1,0,1
2,0,0.786161253407763,2.28134116037525,-1.33717618398464,1,1,1,0,0
1,1,-1.15505619114866,-1.14787144566943,-0.684587387256046,0,1,0,0,1
0,0,-0.865362132475438,-0.732253810008519,1.0640305790184,0,1,0,0,0
0,4,0.493095473819995,0.445337190692366,-1.27108574688875,0,1,1,0,0
2,0,2.03766157178834,-0.7104195024945,-2.27590384461145,0,0,0,1,0
3,0,0.14526068435659,1.29688454527896,1.25077683043323,0,1,1,1,0
0,0,1.36931004741797,-0.576195747759456,-0.102427525135181,1,0,1,0,0
3,4,1.69324814466093,-0.136913135740081,0.739688076932869,1,0,0,1,1
1,4,-1.17627570236065,0.333609025743311,1.33864598749858,0,1,1,0,0
0,4,-0.914626351896595,0.798453232325556,-0.892571591256228,0,1,0,1,0
0,1,1.30697903305811,1.40080758467483,-0.200830802675931,1,1,1,1,0
2,0,0.905091555068149,0.389483858713303,-0.713811674126529,0,1,0,0,0
2,3,0.868297520284443,0.0927938736913955,0.761723134504358,1,0,0,0,0
1,0,0.079121152416788,-0.188920592039751,-0.232397323556753,0,0,1,0,0
0,0,0.598518528256351,-0.0387634352532098,-0.579860073754384,1,0,0,0,0
5,3,0.0734787447684109,-0.430656910442579,-1.13388048258501,0,0,1,0,1
0,1,-0.0695898374988402,-0.234757282926573,-0.327389347022015,0,1,1,0,0
1,5,-1.15066919631717,1.23999190023292,-0.36463455199602,0,1,1,0,0
0,2,0.23435067321978,1.63111300044274,-0.00889731846615061,1,0,0,1,0
4,0,1.37795461686521,-0.627476453863492,-1.40706757760607,0,1,1,1,0
2,1,1.37177613641725,1.37665758766567,0.833534178822539,0,1,1,1,0
1,6,-1.71115992091159,2.46766252122622,0.884151749621983,0,0,1,0,1
0,0,0.0950719129124074,-0.738915832003666,-0.61843693341859,1,0,0,0,0
0,0,0.197726973836162,-1.40693273051987,-2.1038992381058,1,1,0,0,0
3,1,1.37441505929561,-1.06450891295544,-2.47176365096479,0,1,1,0,1
0,0,-0.546767660515899,-0.11312089328618,0.222822021495076,0,0,1,1,0
5,0,0.640840358386004,2.07321802164208,-1.84525751992132,1,0,0,0,0
1,0,-0.42216187507782,1.45036542611427,-0.950551832336739,0,0,0,0,0
3,3,-0.220517217516188,1.42104132708652,0.694200420293292,0,1,1,0,1
6,3,1.15820650491274,-1.00423797283842,0.280225085689537,0,1,0,1,1
2,0,2.00379151485851,-0.613940723748095,1.96782356773612,1,1,1,0,0
3,1,0.434842963654633,-0.59458037394046,0.222648282121597,1,0,0,0,0
1,2,1.08024443918987,0.751691556542486,1.44208859665128,1,1,1,0,0
1,0,-0.33218396750634,0.491413275161677,-0.184450383382159,0,1,1,0,0
1,3,0.600569390432864,0.762909579703688,-0.948056878133128,0,0,0,1,0
3,1,-0.669697693397226,-1.26938750712452,-0.32701399605413,0,0,1,0,0
1,1,-0.122449314138991,0.0393400140750397,-0.554200075121998,0,0,1,0,0
4,0,-0.593485331623106,0.425589302096551,0.632354852603696,1,0,0,1,0
3,0,0.538594833053505,-1.30513206924461,0.179910164496897,0,0,1,0,1
0,2,-1.0900412364445,-1.08569993931359,-1.10148399640244,1,1,1,0,0
3,3,0.611765606927533,0.48425197133244,-0.602335064663859,1,1,1,0,1
1,0,0.371247068529465,1.16640239885617,-0.365523404065994,1,0,1,0,0
3,2,1.9465407828145,0.645585057128107,1.41191422178505,0,0,1,1,0
0,0,-0.825916949657005,-0.752004826184177,1.05195464697384,0,0,0,0,0
9,3,-0.926840280509203,0.299877532675127,1.21843836539694,1,0,0,1,0
4,0,-1.49442412020446,0.261286428968772,-0.681817493847957,1,0,0,1,0
6,6,-2.23615083622414,0.949838297937792,-0.739075966425806,1,1,1,0,1
1,0,-1.20159140540057,-1.2646010636986,-0.215481952296424,0,1,1,0,1
2,5,1.12592956338394,-0.23180065646319,-0.252548822230211,0,1,1,1,0
8,4,-0.656874733157508,-0.0991838318696434,0.227336050697339,0,1,0,1,1
4,2,0.34485483403237,-0.0324825665302583,-0.426385954887847,0,0,0,1,0
0,3,-1.18335952502098,1.21515290095442,-0.0373268747267051,1,0,1,1,0
1,4,-0.834066768344257,-1.19138037798109,1.41615477008863,0,1,1,1,0
8,3,1.69907490408014,-0.645321238013977,-0.906032386879166,1,0,1,1,1
0,1,-0.77333970408069,1.01008323853636,-1.78070598415082,1,0,0,0,0
0,0,-0.704156379698203,-0.172669387565357,-0.611987074952702,1,1,0,0,0
0,0,0.133843004239721,-0.266418375518412,-1.40008638267307,1,0,0,0,0
0,1,-0.266638280824621,-0.670387383183723,-0.0133688929424834,1,1,1,1,0
1,2,0.0467250448077655,-1.31571476227152,0.928906334452935,1,1,0,0,0
8,3,0.344857454254042,1.12993789113102,0.161523592556911,1,0,0,1,1
3,4,-1.85638736477382,-0.956852372574268,-1.01748999062865,1,0,0,1,1
1,0,0.26879523622227,0.0469493158420575,1.94313894944483,1,1,1,0,0
3,4,-0.364545153361984,-1.35942884134692,-1.34250270048198,0,0,1,1,1
2,0,-0.80373167996399,0.188805851775726,0.866625498317756,1,1,0,0,0
2,3,-0.0362838542386693,-0.889407254015814,0.95113658018083,1,1,1,0,0
5,0,-0.875404190640104,0.319936952068811,-2.30472606211067,1,0,1,0,0
1,0,0.56440875588823,-0.453050336746267,-1.70117721216613,1,0,1,1,1
3,1,-0.819603443812252,0.624789743872625,0.095560773174234,1,1,1,0,1
3,1,0.275901676150688,0.408704416706614,-1.415365140299,1,1,1,1,0
0,1,0.27345578622167,-0.630494346391504,0.0866311954710443,0,1,1,0,0
0,3,-1.79596539228048,-1.23928811977564,0.349936365714239,0,0,0,0,0
4,2,0.025533461276358,-1.51318802044983,1.21765038915383,0,1,0,1,0
0,5,1.42682671714389,2.28221586271028,0.599547277462312,1,0,1,0,0
12,1,0.490175334078333,0.360708335157469,-0.309523847187989,1,0,1,1,0
1,0,-0.00722071169407351,-0.0725675269423979,-0.152666688952993,0,0,1,0,1
1,1,-0.142764992694034,1.85290245292641,-1.3572096713135,0,0,1,0,0
10,1,0.88250602380557,-0.115051384574465,0.212044956765404,0,1,1,1,0
0,10,-0.997550270943361,0.53048527493052,-0.238655012240657,0,1,0,0,0
3,2,-0.277804884622691,1.77388603892579,-0.309856885451256,0,1,0,1,0
2,8,0.456121537605277,0.604513272334827,-0.340578183901019,0,1,0,1,0
0,8,-0.373066600233929,0.632232290046858,-0.0413594676346793,1,1,1,0,0
1,2,0.074694934485121,2.3101655147705,1.22348633149118,0,0,0,0,0
0,0,-1.00002242004466,0.253480429861339,-0.272993295113541,0,0,0,0,0
2,4,-0.461363400456986,-0.251516758118129,1.07112753168562,1,1,1,0,0
3,2,0.116342882606053,-0.0688584981279097,-0.460423988059888,0,0,0,0,0
2,2,-0.941291007249416,1.80873010975387,-1.88023272270129,1,1,1,1,1
3,0,0.00577996019728154,-0.125797057040569,1.4220915782866,1,0,0,1,0
2,1,0.89061062513797,-0.505218446271654,-1.55145095247989,1,1,0,1,0
1,0,-0.581767730708618,-0.0463699950386325,1.58128207747031,1,0,1,1,0
3,1,-0.455360933919705,-1.76304082629091,-2.20282304825247,1,0,1,1,0
0,2,0.484353777448917,-0.419375771724832,-0.480712507078075,0,1,1,0,0
0,2,-1.0901689468307,-2.32590953380197,0.75638949049806,1,0,1,0,0
5,0,0.794876305397834,0.0996016156409328,-0.415243738150296,1,1,0,0,0
1,2,-1.28599443321546,0.25536316509057,-0.216626416678693,0,0,1,0,0
4,0,2.71951658481925,-0.771791206910448,1.91887675756493,0,1,1,0,0
2,3,0.105959671336515,-0.983405335924719,2.49867266577713,0,1,1,0,0
1,4,-1.95710473239146,0.2242957088315,1.05945432149602,1,1,1,1,0
1,2,-0.3426971838585,0.55548352960535,-0.529387986910554,1,0,0,0,0
1,1,0.344815477613715,0.872066127818817,1.31874908459723,0,1,1,0,0
0,1,-0.559632239445093,0.0855398855565996,-0.229581320889266,0,1,1,0,0
0,6,-0.0723914321272515,-0.307696205134079,0.695600655142414,1,1,1,1,1
2,0,0.633872930209894,-0.711591896607134,-0.0811600960473295,1,0,1,1,0
2,2,1.54189081797869,0.989990876694853,1.54325963904124,0,1,1,0,0
1,1,0.219212970838242,-0.621642778306345,-1.13586230888668,0,1,0,1,0
0,4,-2.33196398422931,-0.207721760995546,-1.91217233100964,1,0,1,0,1
7,2,2.29601972653619,-0.408983234011128,-1.0885224695042,0,0,0,0,0
3,1,-1.01091508767378,-1.30924204245289,0.585775389337605,1,0,0,1,0
10,0,-0.25481785747281,0.468702595482778,-0.0660011314449433,1,0,1,0,0
2,2,0.959640535670463,-0.00229942639497939,0.719273227997613,1,1,0,0,1
4,10,-1.56721645487211,0.967177574130526,0.0673153023717181,0,0,1,0,0
39,4,1.66389886522106,1.67590058897927,-0.0945113555631776,1,0,0,0,0
5,2,-0.072385514202543,-1.16507302674917,-0.614528336813867,1,1,1,1,0
2,3,-0.403337351255838,-0.808773086032541,-0.399828636077325,0,0,1,1,0
8,1,0.72344794656056,0.560801574086944,1.36835829304934,1,0,1,0,1
2,3,-0.291383985381302,1.62023558055961,0.275149843005788,0,0,1,0,1
1,3,-1.98138460737526,1.11394084369551,-0.757718900325242,1,1,0,0,0
2,2,-0.457560220385883,-1.23331913439039,-0.242162450211079,0,1,0,0,0
0,1,-0.591970925771915,-1.0691136569277,0.674450915987568,0,1,1,0,1
3,4,-0.0357308768552834,0.549939048519181,1.27605615345963,1,1,1,1,0
1,0,-0.122339089803659,1.68751796188801,0.375956637336743,1,0,0,0,0
0,0,-0.181798517641379,-0.240242640425746,0.541930099716931,0,1,0,0,1
3,1,0.906168323916026,0.164201428821518,-0.864760538955228,0,1,1,0,0
2,3,-0.404687671540464,1.49356408221588,0.390694737730052,1,0,1,1,0
2,0,2.37938882235979,1.25651567672626,-0.0798789016288324,0,0,0,1,0
5,1,0.803423985169891,0.297765856940859,-0.611107302399949,1,0,0,1,1
0,0,-0.886385127002199,-0.191487053071427,2.14908608014591,0,1,0,0,0
7,0,-0.00324393036139921,0.138489299720959,-0.411108374583739,1,0,1,0,0
3,1,0.102377308954082,0.231559876657017,0.365310588522849,0,1,0,0,0
1,3,-2.01680837329862,1.41303673408343,0.0927355382620861,1,1,1,0,0
1,4,-0.96776143232047,0.427535945411848,-0.804202949072893,1,0,1,1,0
0,0,0.324936504347414,-0.179947163648032,-1.53110026256057,1,0,0,0,0
0,0,-0.457363011590447,-0.894028442454778,-0.0111913097215659,1,1,1,0,0
7,0,0.213086041047511,-0.124168789810166,-0.581249035070472,0,0,1,1,1
0,1,0.301832976775555,0.607131854008798,1.74768894801793,0,0,1,1,0
5,3,1.64995602735999,2.42617822915084,0.637267784439954,0,1,0,1,1
2,1,0.661438138643271,-0.620950689561737,2.08737582463859,0,0,1,0,1
6,5,0.227156036839173,0.282189934839761,1.01275144526174,1,0,1,0,0
1,4,-0.127548965444058,-0.103171184105765,0.567933225645417,0,1,1,0,0
0,2,-0.677028898371764,1.27531844056549,-0.244958328152366,0,1,1,1,0
0,1,0.322546390396368,-0.00445636323719483,-0.372518665817529,0,1,1,0,0
2,1,0.0412556170944091,-0.122449738083632,-0.0500118668830495,0,0,1,0,0
11,2,2.29213624228462,-1.11111324381409,-0.00372656146965718,1,1,0,1,1
2,0,-0.946414842408255,1.61014544619224,-0.987919972503535,0,0,1,0,1
1,3,-0.413999122782682,-0.827083515524651,1.70831979633452,0,1,1,1,0
3,0,-0.85278979634155,-1.41852690060163,-0.806163396971236,0,1,0,1,0
0,1,0.302035895594014,1.39573300230773,0.319213116325973,1,0,0,0,0
1,0,0.521322711057899,-0.314792434266717,-0.521365645671702,0,0,0,1,0
0,4,-1.32805647910058,0.173649463051692,0.848779731448419,0,1,0,0,0
3,1,-0.570710840049435,-0.215886417300473,-0.485886632648313,1,1,1,0,0
3,2,-1.70720940507571,0.52515596125936,0.036029766711675,0,1,1,1,0
1,0,-0.00963430674199174,1.0160670565289,0.279079261170837,1,1,0,0,0
4,3,0.0552540577540321,-0.565489071624762,1.09750124747463,1,1,1,1,0
3,1,1.77568158199305,-1.0279981687973,0.735560449722119,0,1,1,0,0
4,5,0.54712402729326,0.435806183813103,-0.311980508856669,1,1,1,0,0
1,0,1.01414389907338,0.479151188843075,0.714936124685252,0,0,0,0,0
2,1,-1.03724509577366,0.649085653791208,0.598549366280107,0,1,1,1,1
2,4,-1.33096141929007,-0.257550639437551,-0.40873510529681,1,1,1,1,1
0,3,0.690549489679246,-0.228676729358823,0.238702073782313,1,0,1,0,0
0,5,0.699372364701292,0.399600468052854,-1.99871709325033,1,1,0,1,1
0,0,-0.198726928420471,-0.458106730006625,-0.648149470266429,0,1,1,0,0
3,2,0.50798835414941,0.540525562823851,1.07469879899673,1,0,0,0,0
2,1,-0.72749491288019,1.15002785153306,1.87646162062271,1,0,0,0,0
2,2,0.425199371890459,-1.79178897577574,-1.24439473674858,0,0,1,0,1
0,0,-2.12434433638088,1.28446287772056,0.166708707547082,0,1,0,0,0
2,5,-0.0292073397257967,1.45664586709866,1.34536781518944,0,1,0,0,0
4,1,0.306658442709129,1.34412920029951,-1.46226398676376,0,0,0,0,1
3,2,-1.25662783990408,2.1778249905214,0.159693037400166,0,1,0,0,0
2,1,0.127065837033582,-0.755312758642439,-0.224433624840807,0,0,0,0,0
1,2,-1.06445393663418,-0.402128008804537,0.692917268745756,0,0,1,0,0
0,2,-1.4700634566751,-0.532268215853494,1.07939292626451,0,1,1,1,0
5,1,0.567832709427642,-0.870513422503611,-0.251155222863511,0,0,0,0,0
0,0,-0.900334917637651,-0.272587343231462,0.0418482075106987,1,1,1,0,0
8,7,-0.552068907820062,0.754455793033247,1.14198864278855,1,0,1,1,0
0,0,-1.80430458277841,0.744909776887624,0.232366581679319,0,1,1,1,0
3,3,-0.69510983596158,0.979048770023402,-0.68057914937554,1,1,1,1,0
1,2,-1.23081516201027,0.522180761264957,-0.43805758906051,1,1,1,0,1
0,1,-0.392397798371379,0.23516632724905,1.74247246621329,1,0,1,0,1
3,1,1.67861304725941,-1.20117804243188,1.85145116481707,0,0,0,1,0
0,3,1.0921807120496,1.75153965399839,0.267875867307921,0,0,1,0,0
6,1,1.18269970178084,2.75307067794818,-2.06141585259461,0,1,1,1,1
2,0,1.99289997298479,0.878344715083363,-1.97856294382764,1,0,1,1,0
3,2,-0.0770068826538559,-1.25906507595441,0.207173466120085,1,1,1,0,1
0,0,-0.935079577574999,-2.74396994727163,-0.127959109688365,1,0,1,0,1
4,0,1.03739169316604,-0.381732039246363,-0.906371111520733,0,0,0,0,0
2,2,-0.880711090264144,0.694307732835062,0.686571704626598,0,0,1,1,0
1,3,0.623140285498662,-0.619546553165694,-1.0167604416462,1,0,1,0,0
1,2,-0.130399357411062,0.804153591713768,0.127184268751238,0,0,0,1,0
1,2,0.868930423778832,0.936375156264268,0.863198840031597,1,1,1,0,0
0,0,-0.690432655020983,-3.33168954144561,-0.661561631881302,1,1,1,0,0
1,0,-0.105331120215806,-1.11561792594794,0.543823593623546,1,1,1,0,1
0,1,0.48567897863523,1.40661610960672,-0.41656531455551,0,1,1,0,1
2,3,0.398563206634653,1.60614328656235,1.3751067203691,0,1,0,1,0
8,1,0.301483449076732,0.786641963129092,-1.2360016429357,0,1,1,1,0
1,3,-0.889649794960629,-0.105241268125508,0.0774213970401009,1,1,1,1,0
4,0,0.638193077282745,0.346309935372415,1.10198186983424,1,0,1,1,1
1,0,-1.22190351250323,-1.34849593335763,0.242627841664417,0,1,0,0,1
0,6,0.0780196913434845,1.36858401559876,0.737347595379408,0,1,1,1,0
3,0,-0.31014954386773,0.596880469233066,0.207013644694599,0,1,1,0,0
4,4,0.814578566683783,-1.52506672315095,0.940261275330107,0,1,1,1,0
2,0,-0.810210605262507,0.383044213739162,-0.384556235283331,1,1,0,0,0
1,2,1.41327909379734,0.668704793928327,0.643044630533378,0,0,1,0,1
4,1,1.12598592478788,-0.85087015418976,0.344266743918218,0,0,0,1,0
0,0,-0.0594978451010867,-0.0533362085747324,-0.495365434153776,0,1,1,0,0
2,2,-0.0318371036851759,-0.397387051880503,0.0324682073981945,0,1,0,1,0
4,0,1.0628551957469,0.337171900658289,-0.205612256994196,0,0,1,0,0
2,1,-1.38305332097264,-0.406406369250484,-0.868749100278059,1,0,1,1,0
3,1,-0.671267639376231,0.338419645025424,1.04019472842306,0,0,1,0,0
5,1,0.460724780609131,0.899943874531583,0.0399522114233354,1,1,1,0,0
1,2,-0.0381733178686489,0.54482132490237,1.73045780872862,1,0,0,0,0
2,0,0.526835083295738,-0.339629271300317,-0.288366815839743,1,0,1,0,0
7,0,0.436332666465048,-0.796316264563333,-0.99539254436643,0,0,1,0,1
1,3,0.183862645804627,0.328727548601223,0.0861135974362207,0,1,1,0,0
3,0,1.54334103961292,0.707171388031122,-0.120374495521195,0,1,0,0,0
3,0,1.86907036635357,-0.924768902218065,-0.301451906606048,1,1,1,1,0
1,2,-0.739850589850917,0.169459173922285,2.12842490770737,0,1,1,1,1
0,4,0.0601476640052418,-0.773862165969039,0.799187895184356,0,1,0,1,0
0,0,1.09318395961136,0.428619929946237,-1.05688206519556,1,1,1,0,0
3,6,-0.989788477228259,1.67643830220801,-1.42383517521833,1,1,0,1,0
2,3,1.95071710805527,0.194427449153395,0.418331930394619,1,0,1,1,0
0,0,2.07820340736455,-0.62707231326306,1.80926776749691,0,1,0,0,0
3,2,1.3276413862755,0.712777381331845,-0.166206991141554,1,1,1,1,0
0,0,-0.220215653083313,-1.09990454044867,0.899416911953165,0,1,1,0,0
2,1,0.837685992180044,1.7723174705979,-0.203541136008175,0,1,1,0,0
7,1,-1.27722350136641,0.173950716441774,-1.8774815290198,1,1,1,1,0
3,0,0.477461450409602,-1.15387876683499,-1.21553264972815,1,1,1,1,0
0,1,0.21909225955707,-1.52778118999939,-1.97682261443572,0,0,1,0,0
1,0,0.46049853749426,-1.64857432475287,-1.44263177283448,0,1,1,1,0
4,0,0.95226123213593,0.41939450785804,1.01681294300939,1,1,0,1,0
0,0,-2.03101757689157,-0.308212105323666,0.0722567614447406,0,1,1,0,0
2,1,0.805837890506054,0.431725756222343,0.150386876190715,0,0,1,1,1
0,0,2.46919627228646,-0.79043357844105,-0.973791553890174,1,0,1,0,0
1,3,-2.25925378085762,-0.508632136019777,1.20599744657054,0,0,0,0,0
0,0,0.516068619403792,-0.663099122959046,-0.550797979997204,1,1,1,1,1
2,2,0.070059751991986,-1.41495820269618,0.288983501855156,0,0,1,0,1
4,1,-0.28547215640845,-0.377063752867965,0.227268535773775,0,0,1,0,0
0,0,0.466010156938781,-0.666305987580885,-0.594892491071751,0,0,1,0,0
0,2,-1.83130941997532,0.837109266017522,0.583270138381629,1,1,0,1,1
4,1,-1.96381263791006,0.624796721041617,-0.276967416229877,1,1,0,1,0
2,1,0.43418900510728,1.74126128723412,1.28550501229573,1,0,0,1,1
3,5,1.48190232172559,0.948294877870701,1.83857268983727,0,1,0,0,1
1,1,-0.984883026456233,-1.6806675808094,-0.768864032662253,0,1,1,0,0
2,0,-0.254278912772027,0.130270160041111,1.00696011950689,1,0,1,0,0
6,1,1.197931222491,-0.818664216079988,0.43169608552347,1,1,0,1,0
1,1,-1.38429462322971,0.836844808987366,0.0683976131708447,0,0,1,1,1
2,2,0.429256180429965,0.341659233068493,-1.42978190054937,0,1,1,0,0
2,4,-0.677225309770176,0.324125141922395,0.211774562519735,1,0,1,0,0
0,1,0.220652592563591,-1.67705118938838,0.232573338874309,0,0,0,0,0
0,1,2.50049845201374,1.07413739708991,-0.799074906669659,0,0,0,1,1
1,4,-0.491096075852116,-0.371697702111199,2.41615253349039,0,1,1,0,0
3,0,-0.585866261808418,-0.528206271263034,-1.93779070015819,0,0,1,0,0
14,0,0.687132059643069,2.18675855609812,-1.07852504928706,1,1,1,0,1
1,2,0.533574548778009,0.626724282187547,1.20692073834506,1,1,1,0,1
3,2,0.139787654980521,1.13415700662554,2.19990000476893,0,1,0,1,0
4,4,-0.0558782227220642,0.80433046354746,-0.332465353659144,0,0,0,1,0
0,6,0.660515735054054,1.04681934573797,-0.130602061175489,1,1,1,0,0
0,3,1.34276325403013,0.421185809180292,0.752593794060125,0,1,0,1,0
4,0,-1.74385236001192,1.61106569076196,-1.06286137083045,1,1,1,0,0
3,2,-0.0918830380220557,1.55131823279532,-0.0623647840513588,0,0,1,0,1
5,0,-0.239101370748671,-1.10778366531995,-0.6610126176748,0,0,1,0,0
1,5,1.41917143422831,0.861590721839918,1.14431763075516,1,1,0,1,0
2,4,-0.0731403694042871,0.520632850315746,1.07358716734396,1,1,1,0,0
0,2,0.582188729739699,0.035695447750447,0.638214528492517,1,1,1,1,0
0,1,-0.0260754283509665,-0.799661995546692,0.262575767545771,0,0,0,1,0
0,0,0.0505807383206385,0.226497530075964,0.750369509206857,0,1,1,0,1
0,1,-0.948929005101247,-1.60394891012288,-1.08269095767853,1,1,0,0,0
8,1,-1.21632677536568,0.116843187176759,2.66261166864994,1,0,1,0,1
8,0,-0.0728151565285214,0.352712175190148,1.08119332240338,1,1,1,1,1
1,1,1.20498078362799,-0.749759617349112,-0.962376607010532,0,1,1,1,1
6,2,0.227126385694042,-0.556216062299139,0.80923045546368,1,1,0,0,0
5,3,-0.0193327462256739,0.408772857346964,0.152860786601977,0,1,1,1,0
7,3,0.547524980072582,0.709576028637547,-1.99076541415181,0,1,1,0,0
2,1,0.390773923871826,2.10671079350159,0.799150490565699,0,1,0,0,0
1,3,0.0887288049364882,0.2993155947134,-1.13212277805382,0,0,1,1,0
1,1,-0.342081309603659,1.02918087255884,-1.33058197347662,0,1,0,0,0
3,2,0.549715849374453,-1.14988962035366,-0.850801125993115,1,1,1,1,0
0,2,-0.262364168585001,-0.194305692415211,0.446506976851348,1,0,1,1,0
3,1,1.4628268269141,-0.19547855037728,-0.484503286634967,1,0,0,1,0
1,1,0.383282039207415,1.29173887996208,-0.27661564774747,0,1,1,1,0
0,3,-1.55865653439867,0.210528092224495,0.436287919939771,1,0,1,0,0
12,1,2.24639279863725,0.452091577226854,-0.190519737234068,1,0,0,0,0
2,3,1.38361436160941,-0.747343130802045,-0.851829007679861,0,1,0,1,0
0,0,0.780631123399945,-1.68045219458955,-1.32323718066064,0,1,1,1,0
0,0,-0.849625755362144,-0.518960332379037,0.24989346998294,1,1,1,0,0
3,1,-0.262541608151903,0.333898225070653,0.689332274170852,1,1,1,1,0
1,1,-0.670188551045731,-0.901126422967961,1.62710887934397,0,0,1,0,0
5,3,1.29736074127697,0.910424583825137,1.70273999883392,0,1,1,0,1
0,1,-2.98052963719318,-1.16627761778696,-0.500387867854779,1,1,0,0,0
4,1,-0.570376985336242,0.145345982741694,-0.269980806926349,1,0,0,1,0
4,0,1.43542700519366,-0.808851390273854,-2.77244619482086,0,1,1,1,1
0,2,-0.568520241207809,0.88004791485665,0.0593789459296155,0,1,1,1,0
0,1,2.11662532617757,0.47933128096995,1.85897775491292,1,1,1,0,0
4,7,0.66657635303684,0.188158819501119,-0.658318843745449,0,1,0,0,1
2,5,-0.387146863008262,0.26433173387661,-0.775002165723056,1,1,0,0,1
1,1,0.715805374987224,-0.0591716412111538,0.443362300374657,1,0,1,0,0
4,2,0.536602939465535,2.22338296515884,-0.428161389370593,1,1,0,0,0
0,1,0.77444068890307,0.661227767642066,0.368732455735788,0,1,0,0,1
1,0,0.794667289298756,-0.222688886148142,-0.138558231559311,1,1,0,1,0
2,1,-0.14134621772545,-1.44706833746449,-0.769195081051375,1,0,0,0,0
5,1,1.96576483318858,0.101376339654098,0.0244597156314092,1,0,1,1,1
0,0,0.773175020095492,-1.11738752539717,0.413821265897705,1,0,0,0,0
2,3,-1.55007440714446,-0.687794618064145,-0.21664544322107,0,0,1,0,0
0,0,-0.996259269598632,0.955918356464975,-0.183202253907051,1,1,0,0,0
0,5,-0.927546866419819,-0.65166273868453,2.11496931147102,1,1,1,1,0
1,1,0.64377487275858,1.56336273350289,1.28869132685891,0,1,1,0,0
8,1,-1.15396859901393,1.37450679135284,0.177962204684411,1,0,1,0,1
2,2,0.324649283494354,-0.41044309317435,-0.557432563714215,0,0,0,0,0
2,2,-0.0789793921026855,0.308000000584073,-0.0584678525083622,0,1,0,0,0
0,6,-2.2312517727241,0.30517279697913,0.880588878366281,0,1,0,1,1
5,4,0.569691662191032,2.58041698263698,0.0374780819944894,0,1,1,1,0
2,2,1.23830891272497,0.220121871915033,-0.154620039714847,0,1,0,0,0
2,1,-0.501501758309827,-0.724800870909415,0.900211124461665,1,1,0,1,0
1,11,-1.92086677400413,-1.35090395873647,1.10872241790976,0,1,1,0,0
2,1,0.813874753448196,1.41443879823472,-1.35712951728986,0,1,0,0,0
6,1,0.977642889507078,-0.37525966520797,-0.00692687446119899,1,0,1,0,0
1,0,2.44243964639812,-0.333748703889727,-0.468713762714366,1,0,1,0,0
4,2,-0.722213910247516,1.16891197616326,-1.57446094617021,1,0,1,0,0
2,0,0.870832899536122,-1.72461743853445,1.25263434468571,1,1,1,1,1
3,1,-1.34688258260639,1.16061186092145,0.357849832037084,1,0,1,1,0
9,3,0.306009616226673,-2.49069456844806,0.028735167819733,1,0,1,0,1
1,1,0.0430407732409697,-1.23184055397434,0.171736939330778,0,0,1,0,0
1,0,0.371431301293611,-2.23472540545193,0.663096290369526,0,1,1,1,0
3,0,0.165079192752339,0.302809010955681,-0.781649931818647,1,1,1,0,0
7,1,0.183417526823948,-1.6698119788909,0.789937182282452,0,1,1,1,1
1,6,-1.00792529484472,-0.470678990706726,-0.251482560431111,0,1,1,0,0
1,1,0.745712079265438,-1.37660349319278,-0.119790170583482,0,0,0,0,0
1,2,0.144614444765347,0.821724603473871,1.41961422532122,1,1,0,0,1
1,0,-0.274549180111685,-0.598080657803425,0.057803703273831,1,0,0,0,0
5,9,0.929250855645534,1.81223757505999,1.03020225691851,0,0,0,0,1
2,1,-1.05135785522179,-0.117651650585794,0.0409974440398034,1,0,1,1,0
1,0,-0.286311233352275,-0.120174499318024,1.10013456002579,0,1,1,1,0
1,5,0.3205381144348,-0.320448381117432,-0.731233993943208,0,0,1,1,1
1,0,1.56753152310728,-0.66677502915913,-0.374616547112275,0,1,0,0,0
1,0,0.641227503951168,1.00099808647005,-0.158736365037377,1,1,0,1,1
2,0,-0.600450335390264,-0.446835095671586,-0.586201933717387,1,0,1,0,0
0,2,-2.40075208562738,0.726644649663723,-1.00273642049396,1,1,1,0,0
8,1,3.05909931364011,1.08045825731331,-0.826666631133097,1,0,1,1,1
0,4,0.653322187862859,0.126348640542248,0.682884286063374,1,1,0,1,0
1,3,-1.4755059158788,0.155531933522275,0.764781644899446,0,1,1,0,0
1,1,-0.592166902334817,-1.86987682305385,-0.328209515685926,0,1,0,0,0
5,0,0.461769796832084,-1.1120475363307,-0.178614261332487,1,1,0,1,0
2,0,0.486947948958936,0.342969879444037,0.755843571083815,0,0,0,0,0
0,3,1.39641127055275,0.0779784844999887,0.0906847919918322,1,1,1,0,0
4,2,-0.477207807556127,-1.26644326025828,-1.32355189662484,0,1,1,1,1
4,7,-0.321744284403,1.71547080139643,1.45787769086877,1,1,0,0,0
4,1,1.2148331652935,0.269977198884991,-0.462987380798034,1,1,1,1,0
5,2,0.445934260442481,1.35391332099543,-0.286784470523705,1,1,0,0,0
0,0,0.572181840778028,-0.69851086886976,-0.237999187869539,0,1,1,1,1
0,0,-0.673587005661277,0.00669178701478639,0.595031571429759,0,0,0,0,0
3,3,1.93520939238457,-1.61965070229442,-0.844674635692221,1,0,1,0,0
0,3,-0.103598013879755,-0.080603615685984,-0.405248304211948,0,1,1,1,0
2,2,-1.17441267195055,-0.927376439120673,0.323327510055643,1,0,1,0,1
1,2,0.994377112880128,-1.27015479965751,-0.209872154733913,0,1,1,0,0
5,0,-1.65259879140032,-0.201752695799852,-2.17977168700863,1,0,1,0,0
1,0,-0.84629034684731,0.911159744359592,-1.99226255051618,0,1,0,1,0
0,3,-0.382229094401953,1.46098519136819,-0.385157834150115,0,1,1,0,0
8,0,0.949630842858637,-0.250350412795472,1.53759876297894,0,1,1,0,1
2,1,1.28290929212607,-0.441514861450458,-0.0142456029960192,1,0,0,0,0
2,6,-0.590525242839421,-0.436242685868312,-0.0855590792250049,1,1,0,1,0
1,7,-1.37585244617191,-0.0111998037047617,1.42432965960349,1,1,0,1,0
3,7,-0.134596992775142,1.4799376321621,2.60692622893976,1,1,1,0,0
0,0,-2.729794704736,-0.362765046308341,-1.62847371099695,1,1,0,0,0
5,0,-0.802151787069137,0.0148818076730132,-1.2694003232544,1,1,0,0,1
3,1,0.0419483862372512,1.35884195040787,-0.437717669721074,0,0,1,1,0
0,0,0.906411398950003,0.0825052650174121,3.09406525400025,1,1,1,0,0
0,1,0.60038853163974,0.065804193011322,0.158374005292002,0,1,0,0,0
4,0,0.0791567934293054,-0.617957051461421,-0.485486056323249,1,1,0,0,0
2,3,-0.307775497418799,0.957234382414797,-0.400861470590059,0,1,0,0,0
0,4,0.17253726324466,-1.55519493760428,-0.0951948136911014,1,1,0,0,0
0,1,-1.02938977247705,-0.62846328010917,-0.787306742688031,0,1,1,1,0
10,4,0.791786542208588,0.177472454197583,-0.271172530580018,1,1,1,1,0
3,0,0.108061835576644,0.672078404062976,-0.589715203983639,1,1,0,0,0
0,1,1.0021062450767,0.218925315822497,-1.06447717747674,1,0,1,0,1
2,0,-1.36832986480527,0.631409320363322,-0.483383703383032,0,1,1,1,0
6,4,1.03564654310454,-0.0848442413378679,1.01698191062672,0,0,1,0,0
6,0,0.673257407979587,0.795428759747069,-1.08156687831281,1,0,0,1,0
6,3,-0.213227143697069,0.478722991726279,-0.125120354931407,1,1,1,0,1
3,4,-0.225846827212816,2.41304497768699,0.604355351472896,1,1,1,0,0
11,0,1.64923481656569,-0.664966818792481,-0.740862310359117,1,1,0,1,1
1,1,-0.689026546625011,-2.51118207663581,-0.187562353786558,0,1,1,0,0
0,0,0.981709118436972,-1.05243363559802,-0.380835491489146,1,0,1,0,0
0,0,-0.0558620058465845,-0.364376259241791,-1.18511268709271,1,1,1,1,0
2,0,0.358938898284486,0.0197748667004042,-0.757939715019135,1,0,0,0,1
1,1,-0.438374323888069,0.0308555563888152,0.187650360587927,0,0,1,0,0
1,2,1.64934127172831,0.107004191523529,-0.415753583933051,0,1,1,0,1
0,5,-0.28225252967396,-1.01867842187471,-1.2201479370776,0,0,1,0,0
0,0,-1.77970104117287,0.555934884861259,-1.01684691816053,1,1,1,0,0
0,0,-0.701242257696421,1.99084390592177,1.62343872290467,0,0,0,0,0
0,0,1.20168517274928,0.248892158300754,0.466325511382468,1,1,1,0,1
0,2,-0.989499489961484,-0.0446248885041733,-0.271900679123051,1,0,1,1,0
0,2,-1.73902013684947,-0.53495220502591,-0.771326091399374,1,1,0,0,0
4,6,1.11072006220985,-1.40818292773389,-1.34611771250069,1,1,0,0,1
2,1,-0.979674357417719,0.415245977018238,0.461013783992419,1,1,0,1,1
1,2,-0.299400015834745,1.27172406841251,-1.06364480000146,1,0,1,0,1
0,1,0.206054268883248,-0.645968988398978,-0.636390981365629,0,1,1,0,0
1,1,1.01004284955999,-1.21330756830825,0.319396184628467,1,0,1,1,0
0,2,-0.184919265877198,-0.35813989676191,1.11213477041799,1,1,1,0,0
1,1,-0.731184220015871,-0.496918570029063,-0.000498549663889168,0,0,0,0,0
2,2,1.01700873880073,0.580334011895055,0.00485568308878268,1,0,0,0,1
2,3,1.11273947192374,0.999883985655505,-0.57904963034098,1,0,0,1,0
4,3,0.200479300986976,0.775244273738284,0.191563298134893,1,1,0,1,0
0,1,-0.302466921867604,-2.06869711732502,0.536837792510457,0,1,1,0,0
0,3,0.950661618500305,-0.687971639791035,0.0593742460267394,1,1,0,0,0
1,2,2.15142255426031,0.867079516663001,-0.463912702444789,1,1,1,0,1
3,1,-0.650802528460464,-0.954237280334135,2.16320232677446,1,0,0,1,0
2,0,-0.237630925661437,-1.62263175716772,-0.193269009268826,1,1,1,1,0
4,0,-0.00467530380148041,0.242652041581212,-0.956860698042597,1,0,1,1,0
2,0,0.0189526445466409,0.209703754783955,0.190763451281728,0,0,0,0,1
1,1,-0.511006852520649,0.0510363860422079,1.84156258030953,0,1,0,1,0
0,0,-0.883864239083633,-0.380633880919702,0.117188358675202,0,0,1,0,0
1,0,0.964332472780764,0.202948753018186,-0.799007535961191,1,0,0,0,0
4,1,-0.244761348968262,-2.30345509229093,1.0783537536044,0,1,1,0,0
7,4,-0.451848999672168,-0.511372979664258,-1.03343722182785,0,1,0,1,1
2,1,0.421237721547288,-1.2687332793928,-0.299392866292458,0,0,0,1,0
4,5,1.14835920058509,-0.489744326802883,1.59945649838584,0,1,1,1,0
6,0,1.07231921657561,0.220699994572252,-0.588677285037535,1,0,1,0,0
1,2,-1.11867935499397,0.0350717604617132,-0.640723515132988,0,1,0,0,0
1,3,1.17158183497182,1.12279544726701,-1.44119359109787,0,1,0,0,0
5,1,-0.133368139505848,0.0380009246553864,-0.932853029992844,0,0,1,0,1
1,0,-0.0234110362393928,0.890910505254092,0.723314979214108,1,0,1,0,0
5,0,-0.447360070746019,0.90705802230384,0.244489830764947,1,1,1,0,1
1,5,-0.251645649054739,-0.0704904832800989,0.263380919772872,1,1,0,0,1
4,2,-0.352906573685705,0.562145268479489,0.85346793670692,0,0,1,0,0
4,3,-1.38564422669253,-0.155080515273149,-0.0893907678284111,1,1,1,1,0
2,6,-1.29908024943915,0.167468275610467,0.142304671383071,1,0,1,1,0
0,0,-1.65451715073019,0.483873635083556,0.509565215723755,1,0,0,0,0
0,7,0.424724829555308,0.595731331399127,-0.860433288797,0,1,1,1,1
2,11,-0.812784088115453,1.14398946212331,-0.88096093698473,0,0,0,0,1
5,0,0.466996567446818,1.24914654404282,0.611910045781927,1,1,0,0,1
0,1,0.418920045258577,-0.794811971849288,-0.196183828055295,1,0,1,1,1
7,0,0.590747425771977,0.336179507000665,1.82804670126056,1,0,0,1,0
1,2,-1.4398696353384,0.434888961134842,-1.55192243775375,0,1,1,0,0
1,1,-2.70396119184585,0.241827721258008,0.137153899646047,0,0,0,1,1
6,0,-0.478496221454009,0.317074392098741,-0.898790902132306,1,1,1,0,0
1,2,1.09246661403451,-1.30298620547382,1.2215476587278,1,0,0,1,0
5,3,-0.164030096930473,-0.564394795794112,-1.12070990424664,0,0,0,1,1
1,0,-0.0947124540154069,-1.12715631768495,0.376945704374656,1,0,1,0,0
2,3,-0.378524770820351,-0.558764877570997,0.88104287037281,0,0,1,0,0
2,8,-0.337784733666208,1.62538722062488,-0.0464700406938713,0,1,0,0,0
1,0,-0.99686898282679,0.113072826220859,-0.0201167775173779,1,1,0,1,0
3,0,0.498350603970059,-0.770412122281602,1.35817288441055,0,1,1,0,1
2,1,0.247621888862368,-0.741662386582635,0.191515188180501,0,1,1,1,1
4,2,-0.426957187080768,1.07404867742753,-1.4330717030628,1,0,0,0,0
1,1,-1.05380871986041,1.88579011637943,-1.09861124350638,1,1,1,1,1
1,2,-0.442890552614071,0.126819551297123,0.344301534399651,1,1,1,0,1
4,7,0.217410359364412,0.588378161474084,-0.879314244632351,0,0,1,1,0
0,0,-1.0587018770564,-2.34853011364796,1.57064764665095,0,1,0,1,0
1,4,-0.565948383651282,-0.16325161961136,-0.661284310956447,1,1,1,0,0
3,0,0.657727967934215,0.832297303415085,0.0804878267473977,1,1,0,0,0
1,0,1.92758158975579,-0.947060667363203,0.0229404655117037,0,0,1,1,0
1,5,0.841521587152399,0.33132395135092,0.632934618304168,1,1,0,1,0
0,3,-1.54660377204676,0.530365770863394,-0.686399591300904,0,0,0,1,0
0,0,-2.93716996709898,0.406090287503111,-0.234078946443473,0,1,1,0,0
7,3,0.576035747967395,0.649211550949709,-0.311617105128063,0,0,1,1,0
1,0,0.206000122302208,-2.06993872860543,0.608926830313081,0,0,1,0,0
11,0,1.43891948193196,-0.767485618113959,-1.56911965412468,1,1,1,1,1
0,4,-0.270911177140767,-1.32470564386537,0.297068208391822,0,1,0,1,0
0,1,0.994194737095492,-0.20197046480378,2.8618532696928,0,1,0,0,0
2,1,-0.405538735429967,2.00823105838111,-1.18867611081381,0,0,1,0,0
0,0,-1.03145339975093,-0.592190498018723,2.10099841472319,0,1,0,0,0
2,0,-0.231814510431182,-0.188327648668929,-2.06825482634958,1,0,0,1,0
0,1,-1.3468553375124,-0.594592552918325,1.71185626529098,0,0,0,1,0
1,1,-0.995467051464859,0.69165557739364,0.282118423493938,0,0,0,1,0
0,1,0.959803317924455,-0.930172849911064,2.01309256839093,0,1,0,0,0
0,0,0.984338147181376,1.75067999307083,-0.0429722911107801,0,1,0,0,0
3,1,0.587953009225876,-0.238240990450874,-0.620408270800755,1,1,1,0,0
3,0,-0.784627307171974,1.76638084495145,-0.221723462307701,1,0,1,0,1
1,5,0.0990079586674282,1.61298124565119,-0.248102129985576,0,1,0,1,0
0,1,-0.825473197156942,-0.054711915484445,-0.653556845004908,1,1,1,0,0
1,6,0.0291821519900838,-0.353000721108406,0.379816187056165,0,1,1,0,0
6,1,2.282527887372,-0.0694977042457731,0.815439711980421,1,1,1,0,0
2,4,0.234686841789573,-2.27188671671884,0.378236480745472,0,1,1,0,0
1,0,0.190331532121368,-0.532561734767912,0.566393259357586,1,1,1,0,0
4,0,-0.773528687306276,-1.4466127833161,-0.228193861504823,0,0,1,0,1
0,0,-1.3789538087492,2.03923785173883,-0.144440805669848,0,0,0,0,1
0,4,-1.34147010204862,1.63873173476259,1.0721533353045,1,1,0,0,0
0,2,-0.779600304866739,-1.69110062689176,-0.363271103311723,1,1,0,0,0
4,0,-1.11895637080101,-0.0292029387021558,0.189356360784582,0,1,1,1,1
2,14,0.558394695163753,2.3531063507259,1.90147616174139,1,1,0,0,0
0,5,-2.02137409408482,-0.797965645857418,-0.112726065793884,0,0,1,0,0
3,2,1.86680303003923,-2.31396873024854,1.13851594978849,1,1,1,0,0
0,3,-0.224680150022989,1.36727689537351,1.01566943000949,0,1,1,0,0
3,1,0.267087654631531,0.803389002685428,-0.88049885508006,1,0,0,0,0
4,2,0.673215367397404,0.718355210749497,0.185504265707213,0,0,1,1,1
5,1,1.14530652699626,-0.67299149925204,-0.589583192648262,1,1,0,1,0
4,2,-0.641661304838023,0.778312476866174,0.337043698495445,0,0,1,1,1
1,0,0.425965523707744,-1.45914367648842,2.1003083713118,1,1,0,0,0
8,1,-0.47019753827118,0.136668158121429,0.163427431006078,1,0,1,0,0
3,1,0.714367207101223,0.446435696503401,-0.249155691305734,0,1,0,0,1
0,1,0.493643634812409,-0.466886924990087,0.112451327706483,1,1,1,0,0
3,2,0.468042754368105,-1.5634367449252,-0.05278777778127,0,1,1,1,1
4,3,0.15360665594486,-0.9488846602627,0.490200450296279,1,1,1,0,1
6,5,-0.460488402700946,-0.0582300693613496,1.19928808428962,0,0,0,0,0
0,1,-1.10334006000035,1.22341512782344,-0.304934180855646,1,1,1,0,1
3,0,1.21997231956323,0.533154728553071,0.717607417375727,0,1,1,1,0
3,0,-0.142763120015124,-0.975510711351283,0.622733093999431,1,1,1,0,0
0,0,0.162174389404025,-0.115012565807966,1.28548451783184,0,0,0,1,0
1,0,0.552960309052795,1.42453399826551,-0.302438046720544,1,1,0,0,0
8,10,0.74487535294631,2.75696645782598,0.129659986406805,0,0,1,1,0
6,0,-1.31688432160536,-0.873264855888148,-1.40680992766008,0,1,1,0,0
1,0,-0.644851413992309,-0.996536717315724,-1.0598092403087,0,1,0,1,0
2,2,-0.770484102799751,1.97409889905717,0.373827447250317,1,1,1,1,1
3,1,1.23472863365028,0.681383393951018,-0.577896796546895,1,0,1,0,0
0,0,-0.684503213632689,-0.630924772154872,-0.94945425021916,0,1,1,1,0
10,1,-3.54909852833002,0.0810467650444933,-0.551340464260567,1,1,1,0,1
0,0,0.550486892975145,1.09192842741902,-1.19507980352634,1,0,1,0,0
1,0,-0.682777798655661,-0.380661239124849,-0.31985485924573,0,1,0,1,0
2,5,-1.07771454617588,-0.292385899061155,0.837711174759697,1,1,1,0,1
2,0,-0.67847536534114,-1.21341788536591,-0.320699258094665,1,0,1,1,1
2,5,-0.586275819501191,-1.28460884290731,1.84257589777904,1,1,0,1,1
10,1,0.503995547071582,0.0187479102660071,-0.259491878134707,1,0,1,1,0
0,0,0.823903598767416,-0.495860666927623,-0.126006755686369,1,0,0,0,1
1,0,-0.847427821362813,1.51736054694314,0.157120749177132,0,1,1,0,0
2,0,0.72678089431546,-0.224469210569998,0.852455422410743,1,1,0,1,0
2,9,-0.57978172914577,1.61381482649984,-0.44636511113539,0,1,1,1,0
2,0,-1.87602623804259,0.429357161366862,2.76604403074435,0,0,0,0,0
1,9,0.24885724068699,-1.1473333204287,-0.0423767240953115,0,1,0,0,0
2,3,-0.651482435280945,-1.09919326049566,-0.100701768939661,0,0,1,0,0
2,3,0.166168763538673,0.422607794458266,-0.957698741981759,1,1,0,0,0
2,1,0.170462956049057,-0.767624102929836,-0.415573035528626,0,1,0,1,0
0,2,0.61045389096368,-0.243991229975388,0.667571188469876,0,1,1,0,0
4,1,0.377531212450233,0.0276222913455791,-0.732741943383501,0,0,0,0,0
2,0,-0.358270721697838,-0.211787209125181,-0.125106261383541,0,1,1,0,0
4,1,-0.0940352010003126,0.223853514121471,-0.858057708475273,0,1,1,1,0
1,2,-1.34924525135742,-0.925888417910169,0.16749687620219,0,0,1,1,0
2,0,-0.0220166469204665,-2.22111387331497,0.194833159759493,1,0,1,1,1
4,1,-1.06149165721247,-0.258456757629105,-0.148945038152748,0,1,1,1,1
4,1,0.296033688700252,-0.109992739655985,0.119868904474873,1,0,0,1,0
1,4,-0.921730902611473,0.543632085217605,0.796613030326336,0,1,0,1,0
1,1,1.20752530053727,-1.03230982344059,-1.47602086488901,0,0,1,0,0
2,0,-0.448102046699685,-0.736171580180863,-1.24692038405371,1,0,1,1,0
0,0,-0.980918095027399,-0.813020612186808,-0.976716227947726,1,1,1,0,0
6,1,-0.596567953279369,0.357088583406908,-0.457378181089593,1,1,0,1,0
1,3,-0.214518488847041,-1.50068312552504,0.857555253930035,1,1,1,0,0
5,0,0.247661473689773,1.02163531489927,-0.276774335623288,1,1,1,0,0
3,3,0.30668299429863,0.44986087177162,0.331547466872091,0,0,0,0,0
1,8,0.444814115136386,-1.26659549546314,-1.19465947535898,0,1,0,0,1
0,1,0.421663778786122,0.525743149266279,-0.962689339942942,0,1,1,0,0
3,1,1.43814356730981,0.0497215206934855,-0.574526722893616,0,0,1,1,0
10,0,2.11051785345987,0.400863046522828,-0.0545534258233583,0,0,0,0,1
1,0,-1.67041342669026,0.257701466600349,-1.27722521843346,0,0,0,1,1
2,5,0.299830605836959,2.11435124364898,0.188947577004947,1,1,1,1,0
1,3,0.940306805724775,0.687262784877086,0.328759093729006,1,1,1,0,1
3,0,1.07833491733552,-0.677294504844479,-0.486599767277503,1,1,1,1,0
1,0,0.181096639109059,0.419723280206402,0.533596658306962,1,1,0,0,1
0,3,0.494013411198434,1.52069835180594,-0.802542788245606,0,1,1,0,0
0,1,-0.24519292707636,0.257432278764023,0.229674974990664,0,0,0,0,0
5,1,-1.10164190675761,-0.986272124635309,-0.395824882220137,0,0,0,1,0
0,2,1.45023581983819,-0.924135006426649,2.11809352704381,1,0,1,0,1
1,0,-0.134777863071216,-0.539050025218733,-2.02134893854207,0,0,1,1,0
1,0,1.31405328042463,1.01336292234024,-0.678202277719901,0,1,1,0,0
1,5,1.07056125109493,-1.0126938432208,1.12643249041308,1,0,0,0,0
1,2,-1.39955632364545,-0.00749743565910325,-1.28164174358397,1,1,1,1,0
0,0,0.781461016727484,0.530073424434935,-1.54299983010311,0,0,0,0,0
0,2,0.670645231859926,-0.032598605466958,0.516623050767578,1,1,0,0,0
8,3,-2.0580745554286,1.72601021095227,0.528663008889944,1,1,1,0,1
4,3,0.326680553846339,-0.91210575961812,0.571786942065649,0,0,1,1,0
1,0,-0.726012662377335,-1.03491116713422,-0.635948354781922,0,0,1,0,1
0,2,1.84161273256173,0.116284650975833,-1.13910322620495,1,1,1,0,1
2,1,-0.342350857166429,-0.593075132454744,-1.18652934496194,1,0,0,1,1
3,0,0.535019052178494,0.565103939690494,0.311809519505376,0,0,1,0,0
1,2,-0.386308212996338,-0.503235986691861,0.962260864149251,1,0,0,0,0
4,1,-1.74929467264724,1.68313515067016,-1.19602810781554,1,0,0,0,0
3,2,-1.46729182810132,0.79145707657668,0.146578154883211,0,1,1,0,0
1,1,-2.63361288920873,0.261759184365081,0.307673475649888,1,0,0,1,0
1,1,-1.76290812438457,-0.438064655305619,0.298214997782771,0,1,1,1,0
4,0,-0.169570154562341,0.821207433359315,1.6838618433484,1,1,0,0,0
0,0,1.68452439439964,-0.844334054363535,0.512371022537575,1,1,1,1,0
1,2,0.171160079087114,-1.93664356708344,-0.824482986822083,1,0,0,0,0
0,1,-1.63997211085448,0.0415255208650018,-0.981181560052213,0,0,1,0,1
5,0,0.22626705165492,-1.06568825936427,-1.53204362273663,0,0,1,1,0
1,3,0.0456511094007407,-1.40149098046762,-0.698064073527558,0,1,0,0,1
3,3,0.343156965641502,-1.05913768672635,0.934721331732693,1,0,1,1,1
2,4,0.759086422153986,1.60963937333723,-1.11277200030132,1,1,0,1,0
0,1,0.582322237415008,-0.0426356880830142,1.40885213734302,1,1,1,1,0
0,2,0.61199023140146,-0.128854853570055,0.217611862247207,0,0,1,0,0
0,1,1.83093766718446,-0.381937307636309,1.30561084092818,1,1,1,0,0
3,0,0.0948410768704918,-0.357325241197285,-0.433572151056961,1,1,0,1,1
2,3,0.893916129358884,0.909319035346733,0.991572368368328,0,1,0,0,0
0,3,1.29675505475864,-0.140900864712141,-1.03193325418938,0,0,0,0,0
0,1,-0.758784508824494,-0.200774713309097,1.65804283683839,1,1,1,0,0
3,3,-0.263801667751448,-0.0913539896657539,2.23575320619312,1,1,0,0,0
4,1,0.995189804016628,-0.553327777430312,0.329807609091247,1,0,1,0,0
4,0,0.675786640661131,-0.0648356300912334,-1.05555969754828,0,1,0,1,0
1,2,-0.111821241765281,-0.427374750186874,1.10569864901652,0,1,0,1,0
0,0,-0.768829666165546,-0.44595740210023,0.6164862801326,0,1,0,0,0
4,2,0.11786289540028,0.723320915273634,-0.838336713246267,0,0,0,1,1
0,0,0.324972192453452,0.43703692234533,0.270272406068128,0,0,1,1,0
2,1,-0.374790736056768,0.855016383113096,2.17684326804654,1,0,0,1,0
2,1,-0.704462305321886,-1.53250137300025,1.28291223711995,0,1,0,0,0
1,3,-1.80494967015953,0.0298011493734683,1.16384222458546,0,0,0,0,0
1,0,-0.485720510988236,-0.0469094304388002,-1.71274745904621,1,1,0,1,0
4,1,0.0738449756619473,0.356658392465978,0.0264690082560054,1,1,1,1,0
1,0,0.965082827011171,0.26089147230254,-1.84922507643575,1,0,0,0,1
0,0,0.45804023246636,-0.727089245499867,0.242825644461337,0,1,1,0,1
3,1,1.18471217684623,-1.6778621468574,-0.817498867871996,0,1,0,1,1
0,0,0.0991452898852171,0.0551294961084339,0.280625641291614,1,0,1,1,0
1,0,-0.366689849653574,1.66683723143135,-1.04542492569889,1,0,0,0,0
7,2,0.237788515522568,1.06311860241754,0.372664955823935,1,0,0,1,1
0,3,-0.602278967278999,1.33680071330512,-0.534914457106701,0,1,1,0,0
0,2,-0.891587766582786,-0.0157966155327078,1.81720180004862,1,0,0,0,0
6,1,-0.127300244288785,0.579407888650235,-0.21237110221139,0,0,1,0,1
1,1,-1.36989493949376,-2.20104975316183,0.0463693526935635,0,1,0,1,0
0,1,-1.491726094603,0.43861121151944,0.409782815633099,1,1,0,0,0
2,1,2.23585267153955,-0.464270780911889,-1.23738217983273,1,0,1,1,0
0,1,-2.35781911049796,1.0522953283369,-0.702374859711436,0,0,0,1,0
1,2,1.23691547826001,-1.60227585662405,0.443771299417372,0,1,0,1,0
2,0,0.979473365958447,-2.42931435909693,0.196065532083762,0,0,0,1,0
6,0,-0.652427107346317,-0.589274092411442,0.543458020447392,1,1,0,1,0
0,0,0.275374600540914,1.82079560709634,-1.31409412066072,1,1,1,0,0
0,0,0.234642021129168,-1.21933950617709,2.43965257429117,1,0,1,1,1
4,0,-0.427333342574764,1.24656578929359,1.47292996086623,1,0,1,0,0
2,1,0.056149418235362,1.23941292848728,-0.615255265663345,0,0,1,0,0
3,1,0.984536489852397,0.351908981276181,-0.0916313851493232,0,0,1,0,1
0,7,1.25722854665977,1.17404727511961,-0.646503862193248,0,1,0,1,0
1,0,0.0158990159098213,-0.996552742940999,-1.27355365468461,1,1,1,0,1
4,0,-1.20146488067312,1.57109491243395,0.411340781840295,1,0,0,0,0
1,2,-0.793703805169457,0.522694422454514,0.430673113450479,0,0,0,0,0
2,2,0.55107520449587,-0.272461767835763,0.209208857272044,0,1,0,0,0
20,0,2.36209729515652,0.663140503225976,0.853034442149534,1,0,1,0,1
3,2,-0.772158013574851,-0.355226452001269,-0.990811331752917,0,1,1,1,0
6,1,0.725148700855936,0.548466502343502,0.127352681045834,0,1,1,0,1
4,0,-0.675196843137231,-1.30447268425008,-0.957644628535282,1,1,1,0,1
5,2,0.727549672102105,1.87883341347778,2.01985134192111,1,1,1,0,0
3,5,0.651414286223651,-0.768812509507371,1.50583423818861,1,1,1,0,1
5,0,-0.10430873733633,0.825410522135836,-0.0287532488612565,1,0,0,0,1
0,0,1.63233714927249,-0.320587745344883,0.425203473439815,0,1,1,0,0
0,0,-1.36790071555577,1.17322879215486,0.188303960032337,0,1,0,0,0
1,0,-1.99578269440318,0.375931119496445,1.07890776617958,1,0,0,1,0
2,1,1.22990126767936,0.715246341871219,-0.482017268011072,0,1,0,0,0
6,8,-0.236704621522311,-1.28690782459433,0.483657944558501,0,1,0,1,1
2,0,1.3074359689548,-1.40338945756679,0.473047642659541,0,1,0,1,1
0,0,-0.0670695809602743,-1.39691109629993,-0.179943607065987,1,1,0,0,0
1,1,1.78200345409032,-0.642958581725597,-0.884130258295791,0,1,1,0,0
1,4,-0.454890558575489,-0.109487659149657,1.08163866445555,0,0,1,0,0
0,2,-0.786347273545845,-1.34983013208482,-0.389361446604645,0,0,1,1,1
2,1,-1.09105919110799,-1.02855414381248,0.542037503420503,1,0,1,0,0
11,5,-0.365692424382148,-0.338371959797114,0.115349645375964,1,0,0,1,1
2,0,-0.247311984740986,0.682538339661112,-0.19052051414804,1,0,0,0,0
0,1,-0.157580504565602,-0.140788244947159,-0.752028134009857,1,1,0,0,1
3,0,-0.0503881196290097,0.0638432807519044,-2.06400399094733,1,1,0,1,0
0,0,-1.78234094180664,-0.904258447755695,0.432276489049147,1,1,0,1,0
4,3,-0.53770709684218,-0.563708149608665,-0.671582206374052,0,0,1,1,0
2,1,2.31391116885668,-1.5731298747078,1.22533195525995,0,0,0,0,1
1,1,1.81273516593183,-0.397411933231247,0.486894150165607,1,0,0,0,0
3,2,0.879315557728208,-0.177938749019846,-0.664433784977427,0,1,0,0,1
0,1,0.711938003892401,-0.277707467522876,-0.843902639579544,0,0,0,1,0
2,1,1.52610665153604,-0.194447747456103,0.15102019870416,1,0,1,1,1
1,1,-1.09197322740975,-0.772214872538927,-1.8170042027695,1,0,1,0,0
0,1,-0.796385017605228,-0.636773416073569,-0.287900245841056,1,0,0,0,0
0,6,-0.0396616712520664,0.565396424944254,1.38740996966708,1,1,1,1,0
0,0,2.16403471008467,-0.406721447165251,-0.160422488175213,0,0,1,1,0
0,5,-0.655717872465197,1.93527413655482,1.61384228726257,0,0,0,0,0
2,1,-0.672058780542086,-0.254431581741387,0.375334557525594,1,1,1,0,1
9,2,0.626709461647664,-0.07972227426541,-0.779853254565272,0,0,0,1,0
2,9,0.964634758945284,0.830257590290784,1.19599466406887,0,1,0,0,0
4,1,-0.0539925068169914,0.880447614054137,-1.82707884084092,1,0,0,0,0
4,2,0.0699606345908193,0.526691805052776,-1.13550296417468,1,1,0,0,1
1,0,-0.734097163756108,-0.610489923241465,0.0782276252765292,1,1,1,1,0
2,2,0.44082889381462,-1.53302935815484,-1.29642965320034,1,1,0,0,0
0,0,1.67486930091904,-1.41340043740833,-0.266072927578589,1,1,0,1,0
2,0,2.4623879221237,-0.0904191183752915,-0.0701846975153839,1,0,0,0,0
0,3,-0.110826149367584,-0.790133292976151,2.14720009737376,0,0,0,1,0
6,0,0.271998528953077,-0.666271338726727,0.870692516357791,1,1,1,0,0
0,2,-0.231541485420894,0.514354338396293,0.550442581108804,0,1,1,1,1
2,4,1.72338656333367,0.317673654134865,-0.00597587318974136,0,1,1,0,0
2,0,-0.331655447926609,1.37844228717092,-0.975291802523929,1,1,1,0,0
0,0,-0.70890115852737,-1.71548287301534,0.040336282774954,1,0,1,1,1
2,0,-0.372185789302406,-1.93814521274955,0.502923358195663,0,1,0,0,1
0,1,0.874358712771231,1.21326338968306,0.68976535442784,1,1,1,0,0
2,2,-0.328348958492767,-0.320969971958873,1.22419660733411,0,1,1,0,1
0,2,0.142942928968201,-0.260108106133702,0.412325239850204,0,0,0,0,0
8,1,-0.950696239865135,-0.0974883569625448,0.727024964042238,1,1,0,1,1
1,2,1.17676496429437,-0.764596507431736,1.71694364946784,1,0,0,1,0
0,2,-0.345874795876848,-1.2734242294013,-0.129088386320564,0,0,1,0,0
0,1,1.84026337894959,-0.351409167975958,-0.025284990445686,0,1,0,1,0
0,0,1.24489501343008,1.09926267213265,-1.84365328965197,0,1,0,0,0
0,1,-1.39644838090717,0.600126404160188,0.930660237154892,1,0,0,1,0
0,0,-0.727257480338755,-0.620473176183439,-0.547368049229938,0,1,1,1,0
3,1,-0.138785402514375,-0.702125722673808,-1.68538996017086,1,0,1,0,0
0,0,-0.411838196704018,-0.99625187120465,-0.387772112962677,1,0,1,1,0
4,1,-0.714680224183118,0.572517243666752,2.104094162589,1,1,1,1,0
3,7,0.382261315803768,0.375497952769992,1.54156887032797,1,1,1,0,0
0,0,-0.59688302921706,-1.42926658261828,-0.60152224906651,1,1,1,0,0
1,3,0.133365910717681,-0.0639344830289069,-0.114458777933103,1,1,1,0,1
3,1,0.390026990728442,1.2395689391147,-0.412825734989498,0,1,0,1,0
7,2,-1.30572667127307,1.25709178279392,-1.48295561327076,1,0,1,1,0
1,0,0.146030258690886,-0.653447631588603,0.795384402371623,0,1,0,0,0
7,3,-1.1158291004482,-1.31921988816466,-0.788530424951453,0,0,1,0,1
0,0,-0.898234177697066,0.758169204481742,-1.51644833095539,1,0,0,0,0
1,0,-1.91258180380591,-0.556172412949766,-0.55230200572197,1,1,1,1,0
1,0,-2.36045758560575,-2.38034612649824,-0.347479080695978,1,1,1,0,0
3,2,-0.0117582568284689,1.34236733158522,0.577095883245969,1,1,1,1,0
0,0,-0.0285271757377824,-1.92166214180851,0.805105938288861,0,1,1,0,0
2,1,0.475885048146139,-0.773086265444578,0.728950098155428,1,1,0,0,0
1,3,0.735384791436554,-0.962172270844496,-0.169062383409958,0,0,0,0,0
1,0,0.0208943066027584,1.02434729854704,0.215496280799177,0,0,1,0,0
2,1,-0.47729200391221,0.373385672182795,0.226018280769776,1,1,0,1,0
0,0,-1.76585635871693,-0.744202551239486,0.0135142901628437,0,1,1,0,0
7,2,-0.0195977327866138,0.274017900747909,0.315584898295929,1,1,0,0,0
0,0,-0.649834967858945,-0.240972599996476,-0.069463813134728,1,1,1,1,0
6,5,0.0465974692739434,0.137618456846394,1.86278643619431,1,1,1,0,0
1,3,-0.111630018832007,0.945853182421068,0.527428190480417,1,1,0,0,0
14,3,-0.500626836371549,0.688140171488401,-2.31344932434432,1,0,0,1,0
2,2,0.00896529232120506,1.81039732632298,0.456654793511456,1,1,1,0,0
5,1,0.927529318092682,-0.84471757549492,1.07649198544135,1,1,1,0,0
3,2,1.21380612279353,0.507191193333711,1.03731498086851,1,0,0,0,0
2,3,-0.845589622498792,0.0895963062763838,1.15050042284415,0,1,0,0,1
12,0,-0.934125707402648,1.37832726187653,0.102607847430884,1,0,1,1,0
3,1,0.653453459384564,-0.108852435980632,2.0468727663982,1,0,1,0,0
0,0,1.73767135827773,0.287221438781437,-1.18474569918456,0,1,0,0,0
7,6,-0.608010896161342,-0.296857286317773,0.319871017980852,1,0,0,1,0
1,1,0.159649572870041,0.567908301550618,0.183232691461654,1,0,1,1,1
0,1,-0.484051160507393,0.353532132319892,-1.77723101171492,0,1,0,1,0
2,1,2.86964943903739,-1.40946064095646,0.80836816108382,1,1,1,1,0
1,5,1.17007872357512,1.32560632550294,-0.19187069734125,0,1,0,0,0
2,0,-0.759165645894603,-1.23410777383081,-1.78177397316117,0,0,1,1,0
0,2,0.0065942639894306,-1.08174461071745,0.803306578290838,1,1,1,0,0
0,4,-1.45819548310238,-0.846241086830838,-0.510287046330164,0,1,1,1,0
0,1,0.0560586784809846,-0.489012010338826,-2.22712387858239,0,1,0,1,1
1,4,0.463589317466194,0.15513725003629,1.12025531165313,0,1,1,1,0
4,4,-0.924809127011981,0.244301757298762,0.257522071560284,1,1,0,0,0
0,0,-0.774833933844919,-0.358317936836932,-0.252497892009669,0,1,1,0,1
2,2,0.297320338335989,-0.313447438351161,0.438254784928175,0,1,0,0,0
5,0,0.309144380670675,-0.744205751614142,0.762893723788699,0,1,0,1,0
7,3,0.83713153660238,-0.269700836608105,-0.599583834403676,0,1,1,0,1
1,1,0.403354981402839,-1.72549196339047,-0.215747065572142,0,1,0,0,0
9,0,1.84275302896357,-0.475017567463564,-0.076656865445613,0,0,1,0,0
0,0,-0.60942435492841,-0.900479475492195,1.03210292084436,0,1,0,1,0
1,0,1.68705879994264,0.651502361962386,-1.49187446267636,0,1,1,0,0
1,1,-0.80885084620986,0.632504347484587,-0.543053730563159,0,1,0,0,0
1,1,-0.340185095262286,0.462600442695443,1.5027486745004,0,0,1,0,0
2,2,0.0988322543402437,0.436078349969932,-0.747303313975019,1,1,0,0,0
6,1,0.602055899873432,1.59579360864755,-0.264091921992665,0,1,0,1,0
2,3,0.640461171927714,-0.746625432415243,1.18458914681624,1,1,0,0,1
0,1,-0.178984521888784,-0.35321058785112,1.3334867068172,0,0,0,1,0
3,2,-0.273437225711215,-1.43927970895117,-1.48293811298915,0,0,0,1,0
1,1,0.595559775044301,-0.125235689762963,0.0781842700639658,0,1,1,1,0
1,0,1.35072162455969,-1.55830230105494,0.782901753768788,1,1,0,0,1
2,0,0.69369180491261,-2.18679289810609,0.291063565440109,1,1,1,0,0
2,3,-0.774869670568911,0.753246721884416,0.109639155340283,1,1,1,1,0
4,0,-0.730222759091441,0.275789764837934,-0.410396167739413,1,0,0,0,1
1,0,-0.567089266016597,1.09640774691482,-1.97581715373755,1,1,0,0,0
0,2,-1.63275725190677,-0.171676161975001,0.50700962244711,0,1,0,0,0
2,4,1.87757805570496,0.445635076676132,1.71966401664701,0,1,1,0,0
0,0,-0.512927785037092,-0.285955068607723,0.447420744245519,1,1,0,1,0
1,0,-0.336338256859109,0.983992725811946,-0.245956313682004,1,1,1,1,0
22,8,1.09213628377565,1.53926060114037,0.610654116392281,1,0,1,1,1
2,8,0.07602044861869,-0.14798364895639,-0.928633669926444,0,0,1,1,1
2,1,1.36205679621589,0.710300412966006,-0.775841150496022,0,1,1,0,0
2,3,-0.0292123363160788,0.986271975915829,0.831625980818974,0,1,1,1,0
10,4,0.857489363163086,-0.993760247850857,-1.30836134640244,0,0,1,0,0
4,0,1.13715320287413,1.08563633266823,-0.0360182746524291,1,1,0,1,0
1,10,-0.5329944242142,0.0934145563368043,1.10165625215626,0,1,0,1,0
2,0,0.428903148894145,-0.878199405683476,0.825307373627741,0,0,1,1,1
2,0,-0.533384279100055,-0.245058793942938,0.342533975616183,1,0,0,0,0
1,0,0.421941607499508,0.280384895883058,1.29359191622746,1,0,1,1,1
2,2,0.502367754511082,2.40499946396776,1.22101016602091,0,1,1,1,0
1,1,-0.799431121788777,1.42254905159255,-0.35696114763281,1,1,1,1,1
2,1,0.527121409947533,1.76516411000964,-0.301424641550632,1,1,0,0,0
2,0,-0.746897550245082,-1.12713399914839,1.15162340620945,1,1,1,1,0
2,0,0.149602324291875,-0.63569846541493,0.359090104660953,1,0,1,0,0
2,1,0.910928550065561,-0.877012667189862,-0.371502948369062,1,1,1,0,1
3,2,0.956228057984571,-1.03669737667233,0.0164137335505903,0,1,1,1,1
11,2,0.949061716701464,1.95783932188108,-2.90744694506332,1,1,1,0,1
5,4,-0.728672123481326,0.208850133725245,1.74593753737104,1,1,0,1,0
4,4,-1.83210732244871,1.76409441320476,-0.771907414769332,1,0,0,1,0
2,1,-0.393911667572379,-0.135958696632082,-0.275008206335377,0,1,0,0,1
1,1,-1.49168445751126,-2.21657481926718,0.222919733551124,0,1,0,1,0
1,0,1.23914709642081,-1.6737898693399,-0.872351996414899,1,0,0,0,1
0,0,0.0843181418057839,-2.29399963378018,-0.101799138734554,0,0,1,0,0
0,2,0.022088895748938,0.531618278174334,-0.634396422414228,1,1,0,0,0
4,0,-0.417137614900728,-0.590838971081607,1.38824713736732,0,1,0,0,0
3,1,0.440103823152674,1.09690361630234,-0.315936947017414,0,0,0,0,1
1,1,-0.101108268514908,0.885190631427856,1.2415910729555,0,1,1,1,0
1,2,-0.794837657109074,-1.67613595838747,1.16941677071638,0,1,1,1,0
1,0,-0.522879412325234,-0.0716334498267989,-0.0614721000009535,0,0,0,0,0
2,2,0.380274980437866,1.03560174737904,0.994933654139332,0,1,1,1,0
0,0,0.416644323766203,-0.282294025724236,-0.466486268547874,1,1,0,0,0
3,1,2.41536115052492,-1.30327588580648,-2.97694905082049,1,1,1,0,0
1,2,0.111937960053256,1.80651427328929,1.18267107923532,1,0,0,0,0
2,2,0.350655882309424,-1.78632146966323,0.604745368399315,1,0,1,0,0
0,1,0.614905054264185,0.0939885626841754,1.61292715095904,0,1,1,1,0
2,1,1.47380875927714,0.805408288994045,0.271427201839191,0,1,1,0,1
2,3,0.371166918961521,1.06859573037939,0.872668324103567,1,1,0,1,0
2,4,-0.0102850633929439,0.687162994697717,0.219688120554545,1,0,0,0,1
3,4,0.681796955112051,0.214669543536789,0.0108230794400515,1,0,0,0,0
1,4,-1.63469938417785,1.64149075611592,-0.407341867742932,1,0,0,1,0
1,2,1.14534949258538,0.981774447054312,1.40469194926999,0,1,1,0,1
1,10,-0.143008923297422,0.827240483901309,-0.867900436094107,0,1,0,0,1
3,1,-0.475234686244851,0.599068912701923,1.08887818521764,0,1,1,1,1
2,0,-0.942777424140848,0.0929303694176031,-0.980821059672305,1,1,1,0,0
1,2,0.580752168708573,-0.0367464109456285,0.139154954022784,0,1,0,0,1
2,7,1.21074230785156,0.153003691499883,0.393890338582807,1,1,1,1,0
2,0,0.43394101810995,-1.49589223932661,-0.844882701586998,1,1,0,0,1
2,2,-0.980870064646255,-0.211937800726526,0.640363519290583,0,1,1,1,0
1,1,-0.506132622961807,-0.57590342727296,-0.335014930498097,1,1,1,1,0
4,1,1.46889944238365,0.152998733687949,-0.567496731587305,0,1,0,1,0
0,9,-2.12156298459264,-0.472890962574839,0.259232571706381,0,1,1,1,1
1,3,-1.17656496201417,-1.15270803595603,-0.418771205052089,0,1,1,0,1
1,0,1.30422766079642,0.342682225287284,-0.0484864736224139,0,1,1,0,0
1,3,0.393503490444981,0.894011913642485,0.279818901473112,1,1,1,0,0
3,2,0.0704547969458765,-0.96744834040126,0.750305016067531,0,0,1,0,0
1,5,-0.274487990524476,0.797564018480501,-1.42823381822406,1,1,1,0,0
3,0,0.657115901560522,-0.328367737634706,-2.04744051029316,0,0,1,0,0
2,0,-1.72929102084008,-0.609130391322556,-0.516439226245583,0,1,0,0,0
0,0,-0.343655205923371,-1.25940916447396,-0.783656045925759,1,1,0,0,0
2,0,0.740634414332376,-0.125702370779255,-0.614231568480203,1,0,1,1,0
2,2,0.169066666251757,-1.29620144077903,-0.510916173937522,0,1,0,1,0
6,0,0.848940091771404,-0.0515953586010885,0.233889654973422,1,0,0,1,0
4,1,0.313106236554321,-0.159443604867123,-0.677657438409079,1,0,0,0,0
1,0,-0.286874893605217,0.583069212312912,-0.743971812522129,0,1,0,0,0
7,4,-0.25893644776149,1.17752993490447,0.585923512298803,1,1,1,0,1
2,2,-1.2788678135979,-0.76116159852873,-0.717868705453194,0,0,1,1,1
1,1,0.231421928415456,1.20453651822867,-0.289706366211271,0,1,1,0,0
1,5,-0.653619951444195,1.5127467772673,0.114588667473471,0,1,0,0,1
9,3,-0.193830772421812,0.318754623191383,0.341346961809002,1,1,0,0,1
1,5,-0.582470215004028,1.21862755797686,0.973160083641532,0,1,0,0,0
7,3,-1.60411319351963,0.396880532971359,-1.45105872549477,0,1,1,1,0
1,1,-0.381635259987709,0.618195499885586,-1.66445208738143,0,0,1,1,0
3,0,0.578131115722216,0.737039238345439,0.350203074268403,0,1,0,0,0
2,0,0.676814047922625,-0.768324351336361,1.20109028183289,1,1,0,0,1
7,6,0.17008264543947,0.447274547705225,0.540203992576622,1,1,1,0,1
1,2,0.0937096003614105,-1.9549088728895,0.871009158303096,0,1,1,0,1
5,2,-1.09744295693845,0.219097662313604,0.690449942377183,1,0,1,1,1
2,0,0.299834766861233,-0.809134346236314,0.0918640526384593,1,1,1,0,0
0,1,-0.904718902314884,-0.55190362456853,-1.21477090427067,0,0,1,1,0
1,1,-0.265055992456283,-1.5224611651322,-0.374875966124454,1,1,1,0,0
1,1,-1.83149574025016,-0.263320457626967,0.859211429540176,0,1,0,0,1
3,2,0.115572315894601,1.15762301448181,0.436821284302846,1,1,1,0,1
3,5,-0.699725225685657,-0.695240015040834,0.168966785235225,0,1,0,1,0
2,4,-0.891040215777162,0.236743456104732,0.328795349691192,0,1,0,1,0
0,2,0.0699732589489017,-1.02000567003167,1.9279200684861,0,1,1,0,1
5,0,1.14763656644262,0.628739341127894,-0.744184570632003,0,0,1,1,1
1,0,-1.30135858776695,-0.401745880896291,1.31478222358395,1,0,1,0,0
3,1,-0.0147980056909404,2.03407123535276,-0.196114148742192,0,1,1,1,0
3,0,-0.995876486813826,-1.13465340032789,0.651457916990108,0,1,1,0,0
3,1,-0.157531664637264,-0.0889139668330126,0.9428288642252,0,1,0,1,0
3,1,0.888904756408982,0.212378364925128,-1.14849143194166,1,0,0,1,0
3,0,-0.463060944782274,0.286125001458997,-0.289082949831989,0,0,0,0,1
0,1,0.35241956537377,0.745991692515298,-1.27985140924837,0,0,0,0,0
8,1,0.65167794404088,1.23346001641304,0.288946319360616,1,1,1,0,1
0,1,0.00266956780088198,-0.471654897202743,0.124302730191489,1,1,1,1,0
5,0,0.259757168498993,-1.1897958125484,0.229595787407563,1,0,1,0,0
0,0,-0.214667498383812,1.49908961305668,0.571150806901553,1,1,1,1,0
0,0,-0.731884637942744,-1.48497573627681,0.601177148834476,1,1,1,0,0
0,0,0.496824944355633,0.731942083407873,-0.160624436450566,1,1,1,0,0
0,1,-0.415343006336429,1.59410978469007,-1.03591133864885,0,0,0,1,0
2,0,-0.363425712205055,-1.07625419829718,1.73571380161852,1,1,1,0,0
1,0,-0.566293693679178,-0.64399333170631,-0.897633446311705,0,1,1,0,0
1,0,-0.0418556432294291,-0.844858580867841,-0.452883579159365,1,1,0,1,0
1,1,-1.52166455004239,0.713396242770527,0.57551735973897,0,0,1,1,0
0,1,1.1596160466517,0.274736628836994,-0.729913733741203,0,1,1,1,1
1,3,-0.266794027097258,0.0494415485367564,-0.798357468880082,0,1,1,1,1
0,1,0.26905289001322,-0.809499839987875,2.33405642352864,0,1,1,0,0
2,0,0.166506387626785,0.645302106462522,1.90185612624566,0,1,1,0,0
3,0,0.533298613743017,0.353920145055391,0.756005635593371,0,1,0,0,0
1,0,-0.1977926839405,1.2130538459631,-1.33676377494884,0,0,0,0,0
0,0,0.146428404289276,-1.9031151420536,0.12350869039186,1,0,1,0,0
4,1,0.853122950991143,-0.440469557190878,0.652565674289907,0,1,1,0,0
2,6,-1.70723638201085,1.20799253123674,0.461106493218132,0,1,0,1,1
0,1,1.02275418419495,-0.176035628497349,0.687883075179757,0,0,1,0,0
0,1,0.927464717438484,1.80099608969961,1.41239547380404,0,1,0,0,0
1,1,0.353982002799938,1.36343676455378,0.288176803396746,0,1,1,0,0
2,0,0.320929027367172,-0.26458230402571,-0.46947236196018,1,1,1,0,0
1,2,0.165363951136575,0.561879135092667,-0.950590639752342,0,1,0,1,1
7,4,-1.1781951287518,0.729099059515976,-0.630589270071229,1,1,1,1,0
1,0,0.460949632796765,-0.450420854182425,-0.130705779933895,0,0,1,1,0
2,0,-1.6733859593276,0.396573563979557,1.82897069615374,1,1,0,0,0
0,3,-0.827145799321117,0.649289098372145,-0.767627464355244,0,1,1,0,0
1,3,-1.2050191409195,0.750147380241314,0.526753395610063,1,1,0,0,0
2,0,-0.510447820629803,-2.32893552743363,-0.270303279884444,0,0,0,0,0
4,1,0.0687752105199707,0.0292259583207228,0.719873123130965,0,0,1,0,0
1,1,0.443279983482765,-0.597113018793599,0.00775506732515793,0,0,0,1,0
2,0,-0.0901878385907875,-0.59308773129212,0.263001542715167,0,0,0,0,0
1,0,-1.9372907321614,0.53031662276975,-1.31674481511993,0,0,1,1,0
0,0,-0.30658732830996,0.257790741534958,0.400043618762727,0,1,1,0,1
2,0,1.86139713489553,0.0856446787514573,-1.43100724847096,1,0,0,1,1
2,0,-0.961473166104765,0.862245848211934,2.03329595316819,1,0,1,0,1
0,1,0.223131929686871,0.452099931167998,1.35162087081141,0,1,1,0,0
2,0,0.0178863232856011,-0.433096754787271,0.838774930397485,1,1,0,0,0
3,2,-0.118454633996823,0.720110583567141,-1.46501905532122,0,1,1,0,0
1,1,-1.42526390784898,-0.694383555591785,-0.170475666761324,1,0,1,0,0
4,5,0.319836519049756,-1.00300686257891,0.835869548109769,1,1,1,1,0
1,8,1.02922000834192,1.48152603914957,-0.115033949293477,0,1,0,1,0
1,0,-1.60970624984339,-0.73398254313494,0.0564458267369565,1,1,0,0,1
0,0,1.26641317954915,-1.54548202911326,2.56771369098404,1,0,0,1,0
2,1,-1.59118345464098,1.48436302651076,0.729998481251592,1,1,0,0,1
0,0,0.441637455157188,-0.45993326280493,-0.735506970935676,1,1,0,0,0
5,2,-0.510602833348336,0.172185493345081,-0.589013203509112,1,0,1,0,0
2,0,0.706383730058968,1.23125716475797,-0.64700124829249,0,0,1,1,1
4,1,1.63749264588473,0.574502878360173,-1.37980364573684,1,0,1,0,0
6,3,1.004641810378,0.226646989019016,0.499546469514578,1,1,0,1,0
0,1,-1.98036631939599,-0.441447167708401,-0.0497871003626638,0,1,0,0,1
4,2,-0.622333180603857,-0.917966076523386,-0.31107913007737,0,1,0,1,0
6,0,0.0156591689129513,0.652880627782937,-1.13091906419616,1,0,1,0,0
0,0,-0.343742246914188,-0.764123228670168,1.28705095939701,1,1,0,0,0
1,2,-1.70496339083283,-0.00467160063106347,0.0315989152498242,1,0,1,1,1
1,0,-0.0294292942462847,1.83118212807707,1.10973103491629,1,1,1,0,0
10,2,1.73234549869222,-0.0255672269367252,0.164080423516739,1,1,0,1,0
0,0,-0.532349629985045,0.326590439578792,-2.99398658305925,1,1,0,0,1
2,2,-2.00585316737595,0.561290562245862,0.42446391000954,0,0,0,1,1
2,4,0.302236505283741,0.191130896834803,1.42977164997877,1,0,1,0,0
2,6,0.024557920155963,-0.0240315146375378,-0.41289126651052,0,1,0,1,1
2,0,0.114207058164444,-1.25161796483736,-0.825136981167192,1,1,1,1,0
0,3,-0.399165528034009,-0.65324920813269,0.135494039207114,0,1,0,0,1
0,5,-0.298004572163677,0.400720175824732,-0.366185479310362,0,1,1,0,1
2,1,0.38020714700965,0.68300608385909,1.01516431662033,1,0,1,0,0
3,0,0.37269494195989,-0.890030768330122,-1.34557087535694,0,0,1,1,1
4,3,0.0470285629594216,0.293478118987841,-0.298848537661469,1,1,1,1,1
10,7,1.47128332316567,-2.1188909702302,0.235846278801401,1,0,1,0,0
3,2,1.04690696147386,-0.357522503200769,0.943497320839108,1,0,1,1,1
0,2,-0.847296608997103,-0.118395858562918,1.719522274006,0,1,0,0,1
0,0,1.01642146478723,0.248444383417699,0.29426052776429,1,0,1,1,0
2,1,0.279160326378259,-0.3460911915316,-1.9211668258503,1,1,1,1,0
0,4,-0.562057741622165,-0.47521766122908,1.07563243380113,1,1,1,0,0
3,2,-0.19349319432722,-0.428098694335332,0.15874801131522,0,1,0,0,0
3,1,1.75854621738918,-0.547493921624052,0.233386888626615,1,0,1,0,0
0,2,0.687425712937127,0.781357581614523,-1.60220325068465,0,0,1,1,0
1,2,-0.919739834584634,-1.68139151220781,-0.0649594058443563,0,1,1,1,0
0,4,-0.511564856597316,0.670796856384623,0.907425797829883,0,1,1,0,1
2,1,1.03914815878932,0.871733524026462,-0.673989547184813,1,0,1,1,0
5,6,0.804045067486126,2.33935002778387,0.953326215822087,1,1,0,0,1
6,2,-1.39642612751923,0.586648720019511,0.415006802785503,1,1,0,0,1
2,2,0.767105797703145,-1.46798181290831,-0.0131556552630379,1,1,0,0,0
9,0,2.65236985152141,-0.262405408523296,-1.00170464240293,0,0,1,0,0
1,0,-0.528478940036698,-0.0582474353958333,1.22091815378754,0,0,1,0,0
2,5,-0.478414710547197,-0.201541640529323,0.8212654008683,1,0,0,0,1
1,9,-0.600571680979435,0.218655536107276,1.17807528484386,0,1,1,0,1
0,0,-0.376217449116503,0.131666703656683,-0.946711398414921,1,1,0,0,0
0,0,1.0409508244986,0.306306831961174,1.23216723448808,0,0,0,0,0
2,0,0.60673159061521,0.909155403998599,-0.222505712732216,1,1,1,1,0
0,0,0.278960737795428,0.1887200767298,-1.00480597233382,1,0,1,0,0
4,1,0.777795923780944,-2.16277291115837,0.646709168765587,1,0,1,1,0
1,0,0.440543483896566,-0.364411520190313,0.960739269043504,0,1,0,0,1
3,3,0.253082773204634,-2.33241438128434,-0.660309354024167,1,1,1,0,1
1,0,1.3924359775637,-0.0362633658848265,-0.748591235777288,1,1,1,0,0
10,1,-1.51256443480042,1.82651938367954,0.355980683364921,0,1,1,1,0
0,4,-0.55408984263545,-0.801709387579262,-0.439724927869356,0,1,0,1,1
3,1,0.590305168217638,1.58333180022477,1.5999569136494,0,0,0,1,1
6,8,0.14219626891901,1.80176971250886,0.0904519547952379,1,0,1,0,0
1,1,-0.775532184847767,0.0892358327765159,0.536904973168693,0,1,0,0,1
1,1,0.170229650595284,0.279700067440407,-1.01080328414449,0,1,1,0,0
1,0,-1.06711262143476,-1.64540751894922,1.02169270930694,1,1,1,0,0
2,1,-0.082257830195571,-0.135811336301053,0.141091335632871,1,0,1,1,0
0,2,-0.211429832941621,1.51562033935077,1.39055116065703,0,1,0,0,0
3,2,-0.0397903815685168,0.283424050089451,-1.57824635705877,0,1,1,0,0
2,2,0.225406872908913,0.212849791845505,-0.211239150380785,1,1,0,0,0
3,1,0.13837398698416,-0.990414357539506,-1.41025378648724,1,0,0,1,0
0,3,-1.2283285035794,-0.237533836322612,0.177519779855133,0,1,1,0,0
1,1,1.21521372825493,-0.279758454010275,0.431106258110289,1,0,1,1,1
15,0,1.65636562085171,-0.697686815811022,0.466014645767986,0,0,1,0,0
0,6,-1.86117970235442,-0.541731672467718,1.40851138162151,0,1,1,0,0
0,0,0.844710074547932,-0.630253036153889,0.388846847993208,1,0,1,0,0
19,2,1.88719352877105,0.413896043271329,-1.13854317126732,1,1,1,0,0
2,0,0.492693780768798,-0.6554105546868,0.0951784414756049,0,1,1,0,1
2,0,0.23681247041657,0.342406936363237,0.222134103775052,0,0,1,1,0
2,1,-1.76706567882314,-0.0251711878560203,-1.02949699403925,1,0,1,1,1
1,8,-1.5419310766804,2.27972647891959,0.456372648942072,1,1,0,1,0
4,0,-0.979663791745315,1.11097236656863,-0.997110166308407,1,0,0,0,1
0,0,-0.0366297675827204,0.274056835143573,0.0672259954396133,0,0,0,1,0
1,0,1.19971080122725,-0.822053828215102,-0.9604756343574,0,1,1,0,0
1,0,0.204712828270983,-0.891958549911055,-0.194161209248155,0,1,1,0,0
0,0,0.0140848041681329,-2.57204844896277,0.229456089979268,1,1,0,0,1
0,1,0.574821925331489,-0.838793640475557,-0.788271972951158,0,0,1,0,0
4,5,-1.01461071616817,-0.150274314748497,-0.450020330618346,0,1,0,0,1
1,0,0.269684166928221,0.278929551175903,-0.571562375572531,1,1,0,0,0
1,2,0.359175961130673,0.574903340429596,0.40320021065842,0,1,1,0,0
2,1,0.322573956663292,-0.640637366328652,0.969256869113376,0,0,1,1,0
5,1,1.69834519542543,0.629098071920157,-0.976973054147787,0,0,1,1,0
0,3,0.0935971151452289,0.493521118996866,2.55701859296613,1,1,1,1,1
1,15,-1.12746646861896,-0.622330426671613,0.673588336505303,0,1,1,0,0
0,3,1.02717609451483,0.122742053727857,-0.491031043191888,0,1,1,0,1
0,3,-1.07893892637062,-1.148594710699,0.628714350849517,1,1,1,0,1
0,0,-0.139621848095616,-1.07107005223779,-1.36719578903034,1,0,0,0,0
0,1,-0.348839737033342,-0.638256430079996,2.33933174861098,1,0,1,0,0
2,2,-1.30205077331752,-0.954386194482606,-0.131767242605657,1,1,1,0,0
6,3,-0.10143072772095,1.85786859091869,-2.69926564489409,1,1,1,0,0
1,1,-0.468714222270704,-1.45884275171697,-0.800509482932016,1,0,0,1,0
0,1,-0.244067713487669,-0.513716341523409,-0.478020292810269,0,1,0,1,1
0,2,-1.59765097083619,0.281776690810555,0.469797596947794,1,0,1,1,0
2,2,1.301584998245,-0.590809711822285,1.15459301757566,1,1,0,1,0
3,0,-0.458977619641816,-1.96744514812592,0.688017955817829,1,0,1,1,0
1,2,-1.12079852101122,-0.383931793554194,0.215634944402473,1,0,1,0,1
1,0,1.16149936586397,-0.785062233761046,-0.388924056958076,1,1,1,0,0
0,1,0.234283139190049,0.252804006185186,0.677062202690972,1,1,0,0,1
1,3,-0.867768294927337,0.148405757414648,0.679701329073977,1,1,0,0,0
3,0,-0.486160995556588,0.901593148166511,0.500348952267663,1,0,1,1,0
2,1,0.326356106535737,-0.0619594752670274,-0.856496878135551,1,1,1,0,0
4,0,-0.709959890796285,1.08273788254733,-1.36989465047255,1,1,1,1,0
1,2,-1.16027144756941,0.7734274456993,0.413956377097484,0,1,0,0,0
1,3,-0.87228752594644,-0.217529124720286,0.138176596140015,1,1,1,0,0
6,3,-0.080805856512006,-0.995913639837704,2.04434110352651,1,0,1,1,1
3,0,-1.0682651286806,-1.62086370879497,-0.0834428941871281,0,1,0,0,0
0,1,-0.270626588810126,0.878483939413053,-0.512837313147022,0,1,1,0,0
3,0,0.755551736309377,0.517247688134803,1.05349551737354,1,1,1,0,1
1,4,0.140074383116191,0.471676517035657,1.53936781782536,1,1,1,1,0
3,1,0.377602976906827,1.8213732493472,-0.705229773180447,1,0,0,1,0
1,2,-1.02855623008526,-0.283296197078438,1.31400152484965,0,1,0,1,0
2,0,-0.116459129035565,0.637406650220047,-1.68461734907396,0,0,0,0,1
2,1,0.107819529997865,-1.67032746554855,-0.720801450327017,1,1,1,1,0
2,0,-1.62535817538879,-2.2009412879282,-0.798335881728624,0,1,1,0,0
4,4,0.834960693062892,0.318893797053166,-1.00068904602059,1,0,1,0,0
2,0,-0.863911157434325,-2.70610753156878,-0.785841417063154,1,0,1,0,0
1,3,-0.299402887503609,-1.23386035688285,-0.159743518280089,0,1,1,1,1
1,3,-1.7433219716953,-1.74517645900392,-0.502479830983303,1,1,0,0,1
0,6,-0.430065157895155,0.243565358830205,-0.237115818099089,0,0,1,0,0
0,3,0.184979128828178,0.389262446885589,0.25448543161011,0,1,1,1,0
0,2,0.101355490973894,0.314992488209535,-0.573833084759672,0,1,1,0,1
4,0,-0.803684302010378,-0.743673010299231,-0.634876328426067,0,0,0,1,0
3,1,-0.169051463769313,0.387025016203865,-0.0124660033027337,1,1,1,0,0
4,1,0.0325058754493804,-0.112742254677137,-0.0682874987708339,1,0,1,0,0
9,2,0.192876635459692,0.0850300742164151,-1.26988848993054,1,0,1,1,0
1,0,-0.234406240211195,0.381573624252466,-1.15817582939457,0,1,1,0,0
6,0,1.62009656982336,-1.1884138369591,0.376398084041108,1,0,0,1,1
1,0,-0.433052345497572,0.455384550014784,0.44320080498623,1,0,0,0,0
3,2,-0.0262957816695965,0.452806199448976,-1.0062564069815,0,1,1,1,0
5,1,0.880735114212773,0.416361147125384,-0.549955688604223,0,0,1,0,1
0,0,1.82098217079616,0.377672880965556,0.225288173210948,1,0,1,0,0
1,2,0.542458875316646,-1.27659301303377,1.90774626874452,0,1,0,0,0
0,2,-1.58941757884375,-0.2096906503142,1.0507114696601,1,0,1,0,0
1,0,-0.344890034483077,-0.138337417724986,0.492805686647897,1,1,1,0,1
1,1,0.14013752413453,0.242529479968082,-0.14234161197803,0,1,0,0,0
1,2,0.0264440981226001,0.229608070640526,1.10978409833095,0,0,1,0,0
0,0,0.144233783122839,-1.46159854256542,0.211150808322546,0,0,0,1,0
1,1,-2.53306832718023,-0.389104852403893,1.47753434589449,0,0,0,0,0
1,0,-1.02634607934382,-0.58384964280613,-0.819146319075255,1,1,1,0,1
0,0,-0.188931043157878,-0.83884410860327,-0.961029792961745,1,1,1,0,0
2,1,-0.668702601313439,-1.17571859670287,-1.29155954578308,1,1,1,0,0
4,2,1.02782575037819,0.638491060001644,0.989648007190453,1,1,0,0,0
4,4,-0.18678122654964,1.47572755302892,0.253853300302686,0,1,1,0,1
0,0,-0.872083904132422,-0.228206014017586,0.491890660667083,0,1,1,0,0
2,2,0.853877460542154,0.438007748636117,1.1519884705718,1,1,1,0,1
6,2,-0.0685978200002831,-1.03428210685141,0.277215164133413,1,0,1,1,0
3,1,1.04209596671958,-1.89347648304557,1.0846026482615,1,0,0,0,0
3,1,1.34136669127956,-1.03462881283564,-0.367316498363954,1,1,0,1,0
1,6,1.65945327281277,-0.891566910166016,1.10019136270706,0,1,1,1,0
3,0,1.24954399171957,-0.456493605094945,-0.000931476992060331,0,1,1,1,0
0,8,0.30743626555935,0.542431358975821,0.861606777463095,0,0,1,0,0
9,2,-1.54007503648495,-0.153026469675896,0.0381648509430913,1,1,1,0,0
2,1,0.213094848411606,1.07827058437139,0.186628038580702,0,0,1,0,0
5,3,0.258991299903071,-0.222145337811973,0.0273796299115527,0,0,1,0,1
12,0,0.301471580314497,0.670949816179022,-1.44185826546717,1,0,0,0,0
0,0,0.291130239156936,-0.70466644437047,0.248664061975231,1,0,1,0,0
3,2,-0.668008497005701,-0.789195896104143,1.04950646593192,1,1,1,0,0
0,0,-0.327280618154514,0.578274415632424,-0.409843121793058,1,1,0,0,0
1,4,1.37722887896438,-1.35467372579511,1.76406313224635,1,1,0,0,0
2,2,-0.0725856156067651,1.47351475502058,-1.32936056316557,0,0,1,0,0
5,2,0.358441696803243,1.63138521944132,1.21726661163755,0,1,1,0,0
2,3,-0.274379764136532,1.07181446428709,1.83073163564123,0,1,0,0,1
2,3,1.1501902368497,-0.0095470070594244,1.16051332065828,1,1,1,0,1
2,2,1.19487695547562,0.186093467047589,1.23931923635367,0,1,0,0,1
2,2,-0.996796080525189,-0.415996732267731,1.0031473561092,0,1,0,0,1
0,0,-0.224788007103373,1.43925628568792,1.01709512262954,1,1,0,0,0
1,0,-1.75525343444108,0.506929487676418,0.0880945060718538,1,1,0,0,1
0,1,-0.43425226664631,0.0740467884003125,0.993149454754113,1,1,1,0,0
6,1,2.2229037546651,0.887596371569546,0.052577791029685,0,1,1,1,1
1,1,0.381390276198364,-0.897102218644292,0.187073214293498,0,0,1,0,0
2,1,0.733668934593198,-0.128977693162223,-0.167251727827063,1,1,0,0,0
0,0,-0.336322518344102,-0.586935704472034,-0.653464969347653,1,1,0,0,0
2,0,0.0150390248043333,1.48656142617828,-0.860179440624946,1,1,1,0,0
3,2,0.291138568168005,-0.581936014597346,0.420390855434311,1,1,0,0,1
0,3,-0.454828322973064,-0.931433916156746,-0.100614075908023,1,1,0,0,0
0,4,0.354878537817352,-1.13805494635321,0.99554125806352,0,1,1,1,0
1,1,-0.407315600367356,-0.426437200414909,1.73091447001609,1,0,1,1,1
1,1,1.11369072316599,1.00885972445961,0.589302630750759,1,0,0,0,0
2,2,-0.0519449721558507,-0.700602619180654,-0.293519565814559,1,1,1,0,0
4,1,0.475985005973278,-1.38759486538729,-0.59788399506452,0,1,0,0,1
1,2,-0.358799477000126,-0.735496365486267,0.275565912997787,0,1,1,0,0
0,0,-1.05478265359899,0.720352475928968,0.625936434105011,1,0,0,0,1
3,1,0.116506127698888,-2.30277229282287,-1.1986958981173,0,1,0,0,1
0,3,1.63605742768817,-2.65577460440308,0.627036280699795,0,1,1,1,0
0,0,1.39102870523522,0.961075480240976,-1.58178025252977,1,1,1,0,0
0,0,-1.85485832449713,1.14466198517639,1.38751875863451,0,1,1,1,0
3,5,1.8357487407575,0.502064608087893,-1.09564881183959,0,0,1,1,0
5,3,0.976994704850532,0.320027628885568,-1.3427754868402,1,1,1,1,0
0,0,0.689346855058791,1.42148507781705,-0.802798277279899,0,0,0,0,0
3,4,0.885044771005534,-2.24221493792608,-0.891999794416319,1,0,0,1,0
2,6,-1.40860686499592,-0.26332038006585,0.943788674368963,0,1,0,0,1
0,1,-0.0625158929899074,-1.49079948907304,0.55921087535932,1,0,0,0,1
5,1,0.720786010515731,-1.07587418969474,0.980451444225671,1,1,0,1,0
1,2,-0.250267054678358,-0.576224085167528,-1.07246670707257,0,1,0,1,1
1,0,0.978944999147283,-0.392241837326261,0.192689783117194,0,1,0,0,1
0,1,1.18282364148782,0.167037841207958,-1.02504858262809,1,0,1,0,0
1,9,0.106893071964043,1.76233212680245,0.995968993036564,0,0,1,1,0
1,1,-0.723695184973506,-0.394875857615188,2.03117322436852,0,1,1,0,0
3,10,0.280117700846182,2.22568993536211,-1.22897890414315,1,1,1,1,0
0,0,1.32941921868123,0.879512463709206,0.486443627035094,1,1,0,0,0
2,29,-0.00866303647703962,2.2424313916268,0.902852882096068,0,1,0,1,0
0,1,-0.803139102452822,-1.06373140581299,-2.25844312600157,1,1,1,0,0
0,0,-1.23584110605574,0.173795576777591,-1.67670535216548,0,0,1,1,0
10,0,0.660159577440815,1.13235193494377,-0.592015716859488,0,1,0,1,1
2,5,-1.26787468648054,-0.0892095395390615,-0.497470115608786,0,1,1,1,0
0,0,-1.07070337716874,0.768551889170769,-0.00104599138070736,0,1,1,0,0
5,0,2.2611600650021,-0.675190013290976,0.830070746308659,1,0,0,0,1
0,0,-0.22390063240754,-0.401677493731351,1.11089105706845,1,1,1,1,1
5,1,0.965090660947949,-0.860394081980504,-0.781192597352998,1,1,1,1,0
0,0,-1.73939297411344,1.04651397317354,-1.64518790612434,1,0,1,0,0
1,2,0.0227457066603,-0.471354818079408,1.48612261392198,1,0,0,1,0
0,4,-1.59453934323098,-0.381093034998449,1.92738116945546,0,1,0,1,0
1,2,-0.1691297434179,-1.19425000960335,2.0108491799717,0,0,0,0,1
1,3,0.0460919500476944,0.348254765520878,0.29152098542784,1,1,1,1,0
2,0,-0.409423592460871,-1.57631014304939,0.0431279002956241,1,1,1,1,1
4,7,0.29732646846863,1.24188806830572,-0.83199698270834,0,0,0,0,1
0,0,-0.112337978714821,-0.921875532863666,0.634685473996983,0,1,0,1,0
3,2,0.713323412235846,-0.0547087480915208,1.48939091719809,1,1,0,1,0
3,3,-0.201043673515708,0.619233619668044,-0.241436343131802,0,1,0,1,0
5,0,-0.348175363597593,-0.672035843027243,-0.77556320768271,1,0,0,0,1
1,0,0.36028297448821,-1.85797420387647,0.354378299629758,1,0,1,0,1
4,2,-0.592199084008979,0.576110942466813,-0.884954323814398,0,0,1,0,0
5,3,-0.120728182670221,-0.608370456076782,-0.303431277667938,1,1,0,1,0
0,1,-2.49344342944778,0.61990079092362,1.27205645857165,0,1,0,0,0
1,1,0.781229206406896,0.472369781485519,0.00162945871112762,0,1,0,1,0
0,0,0.0445604862889958,-0.375782912587633,-1.10002645018041,1,0,1,1,0
5,2,-0.689264366999407,0.397697456063265,0.246340833190395,0,1,1,0,0
0,0,1.40927194019359,0.0129347171987284,0.763794645854502,1,1,0,0,0
0,6,0.97657111895336,0.485485646933813,0.149116156036349,0,1,0,1,0
1,3,-2.24742409320282,0.752025852641749,0.642428709946483,0,0,0,0,1
2,1,3.31447125558045,-0.112475411638524,-1.4331859775896,0,1,1,1,0
0,0,0.739060527916331,-1.0317050363698,-0.398575215995015,1,1,1,1,1
0,0,-0.106415360740907,-0.710354145806889,1.18446877643477,0,0,0,1,0
1,1,-1.20298474381111,0.371017347551368,1.14123814868732,1,1,0,0,0
2,1,1.16196413059301,-0.162265649625674,-0.734313437393955,0,0,0,1,0
2,1,0.334203255590311,0.832067493486976,1.29379034122676,1,0,1,1,1
4,0,-0.688813096960991,0.733006753081248,-0.806422923156357,1,1,0,0,0
0,0,1.68424462224446,-1.27271270562798,0.46341065203988,1,0,1,0,0
0,2,-0.462543728935743,-0.950438330441995,0.793319607145224,0,1,1,0,0
0,5,-0.199990384600961,0.008938519830704,1.92500057183812,1,1,1,0,1
0,1,0.703138472387062,0.776408873574883,-1.80439545877148,0,1,0,1,0
2,0,2.00344612258099,-1.829305003143,-0.296270831247915,0,0,1,0,1
1,2,0.467255998592323,0.677829028499202,-0.685099955720442,1,0,0,1,0
0,3,1.71868675978785,-0.0739660197526101,0.823144648141904,1,1,0,0,0
0,0,-0.0232484914080569,-0.412965778571181,-0.892984632289557,1,1,0,0,1
0,0,0.788133028965503,0.977730000191572,0.192414909159093,0,0,1,0,0
8,4,-0.805759456937847,0.983788422356055,-0.168106374343198,1,0,1,1,0
6,2,0.933603020974418,-0.655991579600418,-0.451995842917677,1,0,0,0,0
1,2,0.0638850399422699,0.417885524741725,2.81286030736027,0,0,0,0,0
3,0,-0.146314593690838,-0.43634895114209,-0.0781796378280815,1,0,1,0,0
1,5,-0.47160979818965,0.139050472317696,0.0610636469999726,0,1,1,0,0
13,3,-0.784384232369107,1.57846088000992,-2.15629893236932,1,1,1,1,0
3,1,0.105522806545181,0.237648602644729,1.60366508511186,0,0,1,0,1
6,0,-0.995684049730206,0.0746363862496838,-1.02065459466781,0,0,1,0,1
6,1,0.940007121917751,-0.972654096563036,-0.537243832756002,1,1,0,1,1
5,0,0.382041486588954,-0.0795083892673682,0.270469058338331,1,0,1,1,0
4,0,-0.0571313192669202,0.0226538258507209,-1.23251008570605,0,1,0,1,1
1,1,0.408253567351302,0.310028867837561,-0.545611487060442,1,1,0,0,1
4,1,-0.631495442439651,1.63402224226889,-0.98498939791524,0,1,1,1,0
1,0,0.00917585041105263,-0.602930997995286,-0.674226216190286,0,0,1,1,0
4,4,1.05490216283163,0.63988811244582,0.33292606333338,1,1,0,1,1
0,1,1.91721342421336,0.123887230841524,1.481778522605,0,0,0,0,0
4,1,1.7185958319814,-1.1171718502036,1.9130128157981,1,0,0,0,1
4,2,-0.836421674680423,1.85101527057753,-0.957628532862708,1,1,0,0,0
3,0,1.28267736972728,1.25603011894817,0.65202788722719,1,0,1,0,0
2,0,1.06503532070755,-0.852924042484317,1.18158122472796,1,1,1,1,0
0,1,-0.121465022632812,-0.513966898138145,0.199572556622276,1,0,0,1,0
1,2,-0.838719985490759,1.02467428206442,0.565814038608147,0,0,1,1,0
1,2,0.738561112128366,0.339295831505542,1.37572440828749,0,0,1,0,0
4,1,0.886684699821656,-0.0475426674284267,0.490580256887337,1,1,0,0,0
2,2,-0.0515442763480088,-1.72135033414686,1.82158160059595,0,0,1,1,0
3,0,0.0706162116208685,0.294092953519588,-0.720293221779114,0,1,1,0,0
1,5,0.595211827350219,0.292015017663778,0.557446281156315,0,1,0,0,0
7,1,0.523399487187714,-0.568068136968315,0.0790916566326137,0,1,0,0,0
0,0,-1.43857564856486,0.324854512255224,0.910640225525353,0,1,0,0,0
2,4,1.19574871758401,0.623231503080174,-0.434382734590649,0,0,0,0,0
3,10,0.668921034789758,0.824693238703999,0.776183454794962,1,1,0,1,0
1,0,-0.562894843212813,-0.49547348368314,0.230054030721359,0,0,1,0,0
2,1,-0.990410751520471,-1.03449890609948,-1.02503836141573,0,0,1,1,0
7,2,-0.870819866082313,-0.709466839453602,-0.36870292018133,1,0,1,0,1
0,0,-0.805154503839544,-0.0670080028879858,-0.133934563150948,1,0,1,1,0
1,2,-1.49592834452993,-1.41105503067552,0.237196794220691,0,1,1,0,0
2,0,-0.964829909406959,0.688931131580981,-2.10205530768767,0,1,0,0,0
6,1,-1.35633849783745,1.05612720229326,-0.0338636469588359,0,0,1,0,0
7,0,2.36165213781744,-0.749786303402101,-0.861359325987316,1,1,0,0,0
1,0,-0.341128822601276,-0.254654193814268,-1.30970539545579,1,1,1,1,0
0,0,0.393677106144307,-0.634580184167751,1.4807412673946,1,0,1,0,0
2,3,-0.144514628688575,0.834045525450303,-0.951391205156472,0,0,0,0,0
16,0,0.254524379858238,-0.447429244790524,-0.982473050227235,0,1,1,1,1
1,3,0.393850100082567,-0.217073311474477,-0.761134722737856,0,1,0,1,0
2,4,0.605116401548046,0.170174826071915,0.723390172989314,0,1,1,1,0
3,2,-1.2628695709525,1.67223933986821,-0.742447888195644,1,1,1,0,1
1,0,-0.495803771604929,-1.75429446288336,0.503701356245711,1,0,0,0,0
6,6,1.54783634189478,0.133418593312087,0.533313870270003,1,1,1,1,1
1,3,0.359579308364957,-1.05527787331775,1.80625620609713,0,1,1,1,0
6,3,0.747776867254083,0.00313366618595059,0.949241245872484,1,0,1,1,0
1,0,0.193991449701491,-0.811727131566175,-1.23384294101582,1,1,0,0,0
2,2,1.18870064746667,-0.490031068678921,0.754808672110728,0,0,1,0,0
0,0,-1.92207391169364,-0.507912184025415,-1.998235927756,0,1,1,1,0
0,1,0.149930258010417,0.604024343855314,-2.11180954297164,0,0,0,0,0
1,2,-0.846097884984273,-0.652333453453261,0.794612611930339,0,1,0,1,0
0,0,-1.34787106288792,-0.254230159429678,1.44091286388094,0,1,1,0,0
1,8,-1.96739351842547,0.384825870162683,1.09903408686351,1,1,0,1,1
0,0,-1.68210186786215,0.0539638041014258,-0.373317573291918,1,1,1,0,0
0,0,0.453267550121273,0.24487673482865,0.653797053310825,1,1,0,0,1
2,2,-0.27363457821628,-0.124123674198254,-0.32740136828621,1,1,0,0,0
2,1,0.462344018673828,-0.277078300125824,0.0255634944121305,1,1,1,0,0
1,0,1.93735014021161,0.611899929569162,0.969541272392406,1,1,1,1,0
1,2,0.512390074182523,1.03806023703539,0.872397776562116,1,1,1,1,0
2,4,0.428279213485173,-0.65981361238604,-0.0385411387020889,0,0,1,0,1
1,6,-0.622867167663983,2.04097055588459,-1.07586113227456,0,0,0,1,0
0,1,-1.20769632381119,-0.641069172963325,1.48338420578611,0,1,1,0,0
6,0,2.43182740005735,0.371833555608305,0.842532224080978,0,0,1,1,1
3,2,-1.4584916161155,0.128053044988797,0.00464258039531334,1,1,0,0,0
4,0,-0.170547402784715,-0.184770991708162,-1.70674937989203,0,1,1,1,1
0,1,-0.495459985893483,0.551889183722863,0.412308733199594,0,1,0,0,0
1,4,0.03878772051493,1.34857607160095,-1.02697634964519,1,1,0,0,0
0,1,-1.54134416930635,-0.643944119011445,-0.807778840646222,0,1,0,1,0
1,2,0.175840541289857,-0.344746350547186,-0.623000066472458,1,1,1,1,0
2,3,-1.89923030678414,-1.19367038027788,-1.04988109205196,1,0,1,0,0
1,2,0.326034834566324,-0.939011237812233,1.84255877205536,1,1,1,0,0
1,4,-2.14688945560231,0.766554702475167,-1.187134440033,1,1,0,0,0
3,2,0.702648271732394,0.714445747270569,-0.708244067904192,1,1,1,0,0
36,2,2.81677847132069,0.531794286748817,-0.0815103257567534,1,0,1,1,0
4,0,0.690097728494376,-0.121604926233869,-0.265974015895969,0,0,0,1,1
6,5,-0.0789948966696615,1.26020354277339,-0.65358679148578,0,0,0,1,0
1,1,-0.29725259528847,-1.61477956870867,-1.28199867355459,0,0,1,0,1
0,0,0.675759564492494,0.390564680461753,-1.21249627594644,1,1,1,1,0
7,2,-0.671680953263006,-0.195663961622844,-0.700790101547043,1,1,0,0,0
1,2,-0.196852213695976,-1.52366232449545,-0.911482422744475,1,1,1,0,0
0,0,-0.0471545391270977,-0.909821501282787,-0.848581441779741,0,1,0,1,0
1,0,-0.122106639028899,-0.826349005799577,0.717859936005055,1,0,0,0,0
1,3,-0.343422720991832,0.277770370807594,-0.399906652938893,1,1,1,0,0
0,1,-0.141434098573438,0.152874351757966,0.965612125836254,0,0,1,1,0
2,3,-0.27970485039769,-0.788501789081789,0.568040412267051,0,1,1,0,0
0,3,0.6712959473936,0.505124644249656,0.600164236574672,1,1,1,0,0
3,8,1.58250209854795,1.97468053228448,-2.12807734001734,0,1,0,1,0
0,6,-0.37544592315329,0.374462052290107,0.0191091971147742,1,1,1,1,0
6,1,-0.076314654238844,0.213035615909454,-1.14064160856354,0,1,0,0,0
3,0,2.10087856200966,0.810334971755733,-1.13628388650267,0,0,0,1,0
2,0,1.27582316209421,2.64039760124829,-0.397012345438257,0,1,0,0,1
6,0,0.284385408748645,1.92908391639702,-0.638723253323161,0,1,1,0,0
2,1,0.0897164456246569,0.152765076503683,0.823070824668423,1,1,0,1,0
1,2,0.483695133816502,-0.830898265524009,0.372035315624692,1,0,1,0,0
1,11,0.382199077560123,0.449757224153494,1.03136872582758,0,1,0,1,0
6,2,-0.666700339103496,-0.411736633179108,-0.861877471384003,0,1,0,0,1
2,0,0.0223497609293033,-0.204113315469824,0.786654446707532,0,0,1,0,0
3,2,1.07308010367399,0.593322957960926,0.273410646874039,1,0,0,0,0
5,1,-0.229527259022516,-0.091676617520492,-0.94210660166428,1,0,1,1,0
3,0,-0.936838204310701,-0.853385668649966,-0.377784753570919,0,1,1,0,0
6,0,0.355975215312771,-0.614600062395215,-0.207079871145446,1,1,1,1,0
2,4,-0.756655378603715,0.684186065422414,0.387762861749887,1,1,1,1,1
6,0,0.291662711358759,-0.54033021148693,0.940816335643921,0,0,1,0,0
0,0,-1.61830141761638,-1.14751129698637,-1.26303335200997,1,0,0,0,0
2,0,1.51660925717419,0.495185101006304,-1.34692181234456,0,0,0,0,1
2,2,1.43635741019476,-2.3312711774062,1.49561295283341,1,1,0,1,0
1,0,0.785006513552427,-0.299452947286616,-0.653331607371672,0,0,0,0,0
9,1,1.41391681327198,-0.924815481036,-1.03200514250042,0,1,1,0,1
1,4,-1.50216412527638,1.36059751324079,-1.54735953257965,0,0,0,0,0
7,0,0.79207530582933,1.17627803693433,-1.76003612972326,0,0,0,0,0
4,4,0.0226795173176731,-1.85168551259477,-0.874471525142376,1,1,0,0,1
0,1,-0.0843420617916926,0.121926400047632,-1.07785721740261,1,0,1,0,0
8,8,0.995691281417158,1.05549473491427,0.560391164714783,0,1,0,1,1
2,0,1.3578692198233,-0.635680188778907,0.0295233134793002,1,0,1,0,0
2,0,0.621118984298291,0.369444538888107,-0.1253802370238,0,0,0,0,0
1,4,-1.39204444355042,0.0389842401883822,-0.0395329594019941,0,1,0,1,1
4,7,0.192789832134063,0.957254398869334,1.07351730815728,1,1,0,0,0
5,3,0.499845414996854,1.08053909919869,0.866873122968578,1,0,1,0,0
6,2,-0.0824031632535639,0.848312344742474,0.128638487662342,0,1,1,0,0
5,3,0.189355288760898,0.517433021138611,-0.544254199488443,1,0,0,1,0
4,2,0.475238832673289,-0.841691799639451,0.729687777268395,0,1,0,0,1
1,2,0.223427039754077,0.0692815729011929,-0.76661022649198,0,1,1,1,0
1,3,-1.2711482990606,0.434058911085924,-1.15098011355378,0,1,1,0,0
0,1,-1.90238870009259,-0.67528799254691,1.40978765589441,1,1,0,0,1
1,9,0.952338163057149,0.497042002444223,-0.0447311500060491,0,1,0,0,0
1,0,1.20941027427356,-0.0173498857506346,1.86182484287785,1,1,1,1,0
2,0,0.609278191073631,1.11909221871282,-1.33242759546862,1,0,1,0,0
2,0,0.653268043373185,-1.09634273809934,-0.519947201771622,0,1,0,0,0
3,1,0.293342857071433,-1.06640474128109,0.0821578981956239,1,1,1,0,0
1,1,-0.307866651912636,-0.63679915265024,-0.15727958500629,0,0,0,1,0
6,0,0.695926551218534,0.352276306710793,0.88283579273733,1,0,1,0,0
0,0,-0.891452521800611,-0.611523452990638,-0.155929508549206,0,0,0,0,0
1,1,-2.00033143104762,-0.513324167184009,-0.577353782430535,0,0,0,1,0
5,2,1.21585526232607,-0.146295526857618,0.0534014373703487,1,1,0,0,1
3,5,0.0726205876129241,0.784150260385897,0.399576542237218,0,1,0,0,0
1,0,-0.294728561145914,0.830296286271786,-1.48512140564793,1,1,1,0,0
1,5,0.999341610788042,-0.36087364874553,-0.686198713221132,1,1,0,0,0
3,1,-1.39840575393147,0.949170560356549,0.756597122355437,0,1,0,0,0
0,0,-0.191517725804221,-1.27832264706263,1.90110325040315,1,1,1,1,1
9,2,1.19395480305246,1.54241564898989,-1.69597769464627,0,0,1,1,0
1,10,-0.960376308940259,-0.076232094725133,0.0651271846126628,0,1,0,1,1
0,3,-0.101837169089624,1.96473706757889,-1.2644540432165,1,1,1,0,1
0,3,0.219685972275833,-0.220121074248654,0.313451570824816,1,0,0,0,0
1,0,0.779268058150772,-0.259817911058515,-0.753837462011872,1,0,0,0,0
4,0,1.15648284170811,0.70470610647499,-0.925341899484923,0,1,1,0,0
0,0,0.646701784994713,-1.42421415520998,-0.3005990411492,0,1,1,1,0
1,2,0.917520669030512,0.436112924591512,-1.77431420030831,0,1,0,1,0
1,0,1.00812461795867,-0.22392099796781,-1.48918235158588,0,1,0,0,0
1,1,0.683594230022647,1.13428744544438,0.339198760340214,1,1,1,0,0
4,1,0.124044607613709,-0.24483081135004,-0.387531084608435,1,1,0,1,0
0,0,0.705099527297904,0.314611798490277,0.620408131313523,0,0,0,0,0
3,2,-0.220406441565256,-0.753801187800276,1.54260948616588,1,0,1,1,1
3,4,-0.327943223766527,1.35287133744688,-0.20200022601903,1,1,1,0,0
2,4,0.403000818539573,-0.293097545868052,0.0906470253965486,1,1,0,1,0
1,2,0.445464284395901,1.77240059066191,-0.728792618562393,1,1,1,0,0
1,3,-1.35263591884583,0.716081599065184,0.679220997261086,1,1,1,1,0
3,2,-1.03436211815653,0.602627544451755,-0.666829328515485,1,0,0,1,0
2,0,-0.960948837401984,1.00240025071203,-1.38878449509437,0,0,0,1,0
0,1,-1.05748138710906,-1.86313664063432,-0.979751192710577,1,1,0,0,0
1,3,-0.850697482339467,-1.58767811485419,-0.305204732917837,0,0,1,0,1
5,2,-0.0136272464073805,-0.459860744010128,0.434427956735582,0,1,0,1,1
0,0,0.638307158283432,-1.05073843676507,-0.50082190255318,1,1,1,0,1
7,3,0.242347021286638,0.605745011815533,-0.324227752503825,0,1,1,1,0
0,0,0.282967218504337,0.801866507975574,1.16888009661769,1,1,0,0,0
1,3,1.08556971502279,-0.617271265089351,1.04344448398009,0,1,0,0,0
1,2,-0.452203922215486,0.260921757426884,1.60207570535481,0,1,0,1,0
5,0,1.99175571559171,-1.58368871362186,-0.828625050835212,1,0,0,0,1
2,1,-0.435096857705608,2.25304770424029,-0.441397571974862,0,1,1,0,0
1,0,0.119623073127101,0.922820427345212,-0.831717458946053,0,0,1,0,0
1,2,0.117107686989699,-0.121076662055686,-0.942447109037729,1,0,0,0,0
1,6,0.9838613194883,0.0952848375389721,0.948824145042396,1,1,0,0,0
1,0,0.371642893284242,-0.566067861242764,-0.392061684324651,0,1,1,1,0
11,3,0.693711673444548,1.67877365036939,2.18084569822514,1,0,1,0,0
4,2,-0.580061806315253,2.24808632319743,-0.122082577045724,0,1,0,1,1
1,0,-0.141494717378477,0.023360612806282,1.65864774723871,1,0,0,0,0
11,5,1.83866768884654,1.94631007930257,-0.756172964760053,0,1,1,0,0
0,1,0.828360926483232,1.08538088397082,-1.14417301342593,0,1,0,0,0
2,3,0.811704404723284,-0.851058179818816,1.73001904639807,1,0,1,0,0
0,5,0.106982951796118,1.01382948494702,-1.21541642746112,0,1,0,0,0
4,0,1.066989011042,-0.103515268349469,0.833642167234753,1,1,1,1,0
0,0,1.01807128078894,-1.1153289774048,1.16127474091159,0,1,1,0,1
5,1,-0.0865356517018198,-1.81796434027505,-1.10863471826331,0,1,1,0,1
2,0,0.510268421541788,1.09117122036118,-2.98742634183176,1,0,1,0,0
1,0,-0.440432444080945,0.364908212698876,0.280902910381609,1,0,0,0,0
4,2,0.181625415124782,0.26887772996645,0.649632687359613,1,0,0,1,0
1,1,-1.20503157073388,1.34454696318215,-1.08491003218082,1,1,1,0,0
0,2,0.000337624203153266,-0.0763215157385803,0.448484206087635,0,1,0,0,0
0,0,-0.801386553462747,-0.988913542209775,-0.122341047981629,1,1,1,0,1
2,2,0.612806035890826,-1.05200502317982,0.854442335312561,0,1,0,0,0
3,7,-0.296961792871602,0.381053719856595,0.154153736281559,0,1,0,0,0
0,0,-1.28835226180552,-0.209814284448029,1.3130333632706,0,0,0,0,0
4,0,1.99378943745717,-0.99296699406919,-0.859519873349317,1,1,1,1,0
1,0,0.634877844717784,1.81982676536564,0.577056008535704,0,0,1,0,1
3,2,-1.0589621445285,-2.26301979480351,0.534920574894957,0,0,0,1,1
3,3,-0.536681387634914,-1.22054426481585,-0.30934449043871,0,1,1,1,1
1,0,-0.109545984184279,-1.04379596963704,0.869309440032821,0,1,1,1,1
0,1,-1.9330705038801,0.722008888574172,1.10060506457019,0,0,1,0,0
2,1,-0.232613143895994,-0.331236008708106,0.78055800340175,0,0,1,0,0
5,2,0.538031773218339,-0.0702790195693091,-0.819864683388825,1,1,0,0,0
1,0,-0.526701017033351,-1.93821214686153,-1.1202008591178,1,1,0,0,0
1,3,-0.355323624835519,0.313510216659098,1.4238709463581,0,1,1,1,0
1,1,-0.621830280305226,0.340239264621411,-0.536770385261925,1,1,0,0,0
15,0,1.53930999015251,0.351009248423127,0.912194486383475,1,1,1,0,0
1,2,0.547339890967461,-0.227504533620584,-0.680418919943696,1,1,1,0,1
4,0,1.22945447606878,-0.119497278439404,0.151058069499531,1,0,1,0,0
2,0,-0.608431136921991,-0.559697272844548,-1.23669020289591,0,1,1,0,0
0,6,-0.538702073296963,2.27450089342858,0.943269393854752,1,1,1,0,0
5,1,0.427587339677549,1.38764237999014,-1.31701646184124,1,1,1,0,1
0,5,-0.117315389034968,0.74523028000509,-0.830955408935456,0,0,0,1,0
2,0,-0.625543933277321,-0.240045085096808,0.0712835008221112,1,1,0,0,0
3,7,0.775631537485851,0.192998804726019,0.18315015391116,0,1,1,1,0
3,0,0.982567987192057,1.66495345775212,-0.567195241488976,0,0,1,0,0
0,0,0.096182708027461,-1.38495320971351,1.13385640422677,1,0,1,0,0
2,1,-0.90995784596769,-0.954390628795198,0.88958523539247,0,1,1,0,0
0,2,-1.12445902598096,-1.38659676310963,0.711230100857221,1,1,1,0,0
1,0,-0.630862933567406,2.57600191044399,0.99308054701134,1,1,1,0,0
7,1,0.616565989912101,-1.11645920049483,-0.627522372207225,0,0,1,0,0
0,0,-0.465159841343066,0.8253038428868,-1.88396081701229,0,0,1,0,1
3,0,0.383366722087928,2.5646773526627,-2.08543601106417,1,1,1,0,1
3,1,0.75060869450325,-0.778378007879827,0.309401824009108,0,0,1,0,1
3,1,1.38351534085493,-0.585938748029254,0.0341577823356778,1,1,0,1,1
1,1,-0.106089124429127,-0.636895226483319,-0.427250337733448,1,1,1,0,0
0,2,-0.842282867433653,-2.48734746365399,-0.918425792121799,0,1,0,1,0
1,3,-0.139027779852193,-0.419848753123102,-0.850402191001966,1,1,1,0,0
5,0,1.56754042068057,-0.107901260439811,0.817108078255835,1,0,1,1,0
0,2,-1.77763186096321,-0.0208726352710725,0.57352779853538,0,1,0,0,0
1,1,-0.265656004151079,0.0551811736153755,0.221772720753737,1,0,1,1,0
1,0,0.503181915000843,-0.714351850476507,1.25853138531642,0,0,1,0,0
8,4,-0.148095299836032,1.56857758949351,1.18983878468685,0,1,0,0,0
4,1,1.58888242813246,0.0978491609249146,0.949078146929094,1,1,0,0,0
4,0,0.380884341553953,-1.27107366264416,1.10101739767078,0,0,0,1,1
1,0,-0.373606325904348,-0.262452353686838,1.236315767717,1,0,1,1,0
1,0,-0.10720479648347,-0.571261208885388,-0.195916333683227,1,1,0,0,0
3,0,1.36324742701527,-1.87666009954858,-1.09543230358649,1,0,1,1,1
1,1,-0.238887412946125,-0.0898803555030758,-1.52869386335282,0,0,1,1,0
0,0,-0.140296205789572,0.181028817356733,-0.29469401697446,1,0,1,0,1
2,1,-0.63345662061254,-0.471675034880932,-0.1433352614624,0,1,0,1,1
2,5,2.69186979963729,-1.841969485759,2.33804592462095,1,1,0,0,0
2,9,0.541445598586906,1.87367331758599,-0.289500501248781,0,1,0,1,0
7,3,0.54975219279524,-0.163297030010265,-1.00403868974652,0,0,0,1,1
13,1,0.647463276993389,0.761106318419769,1.96603049541549,1,0,1,0,1
8,3,1.83695553497193,-0.562741258750453,0.6153190927995,1,1,1,1,0
2,3,-1.38690737243513,-1.73791789600391,0.212291756946787,0,0,1,1,0
2,1,-1.5444426765714,-0.598375636260718,1.4854208476272,0,0,1,1,0
1,2,1.13036693870992,-1.51264604835394,1.03221579786677,1,1,1,1,0
2,2,0.124933607375533,-1.88306713452697,-0.257345981304128,1,1,0,1,0
11,2,0.862979817487079,-0.456359294677902,-0.0389350055781867,1,0,1,1,1
7,1,1.30767398152234,0.287620767710886,1.07806146740429,1,0,0,0,0
3,2,0.203018229104899,-0.759313779899927,-0.447630647776775,0,1,0,0,0
1,0,-0.226624628451259,0.413827134638728,-0.190253691862973,0,0,0,0,0
1,1,-0.232437781732615,-2.38752242757522,-0.639910205113284,0,0,1,0,0
5,4,0.989261916651356,-0.731184284564226,-0.375066803603831,0,0,0,1,0
1,2,-0.304949027451174,-0.608136357796109,0.511193829979106,0,0,0,0,1
2,0,-1.28855763197884,-1.92838787576396,0.0645781616922746,0,1,1,0,0
2,2,0.421834873898584,-0.705330319051621,1.7530711270813,0,0,1,1,0
2,1,-0.250845817634436,1.64416348090675,-0.122092443821655,1,1,0,0,1
0,1,0.21497985427957,-0.86261338689793,-0.801664098035664,0,1,1,0,0
1,4,-0.573332561404085,-0.0834394066135929,1.52998719118581,0,0,1,0,1
3,0,1.21280190739617,-0.562279587051675,-0.0151214299515926,0,1,0,0,1
0,2,-0.691165915608714,0.560945617041125,0.293570326047836,0,1,1,1,0
4,1,-0.120500028705332,0.280528692562643,-1.70784321272748,1,1,1,0,0
1,1,-1.81941944268248,0.883474994177705,-0.210771890626496,0,1,0,0,1
2,3,0.412043323552268,-1.18756104250464,-0.462374911623123,0,1,1,0,1
4,3,-1.15569695843883,0.737206507067907,-1.92665076889321,0,1,0,0,1
3,2,0.502382429671994,-0.0572641560334915,-0.346138087748457,0,0,1,0,1
0,0,0.355108362076091,0.957842211955961,0.328757804670497,0,1,1,0,0
0,1,-0.0554625484101239,-0.412897868129167,0.335681696673649,0,1,0,1,0
3,0,-0.489529479876189,-0.191385188482213,2.2407080845296,1,1,1,1,1
11,1,0.447935101272594,0.652999042578586,-1.13334389898052,0,1,0,1,0
2,1,0.853242192011885,0.932548238979626,-0.386301321114956,0,0,1,0,0
1,0,0.551295585100356,-0.220036822125915,-0.397647642548699,0,0,1,0,0
0,1,0.746381736865904,-2.64436514923395,0.122648065579081,0,0,1,1,0
4,2,-0.116201167442524,-0.236372942925406,0.26455757580876,0,0,1,1,0
0,0,0.812263422851563,-1.42265832480173,-1.1194429197672,1,0,0,0,0
1,0,-0.316724236999502,-1.17895625530543,-1.5720452118019,1,1,0,0,0
9,1,0.119019145874556,-0.0667309392495307,1.11861932817076,1,0,1,0,0
0,0,-0.86304209473645,-0.481198119034733,-0.446011544527521,0,1,1,0,0
1,5,1.25825688538797,-0.129829974246514,-0.162731227537872,0,0,1,0,0
3,4,1.11990505427026,1.04153453824885,-0.496582217140357,0,0,0,0,0
4,1,-0.910552655722222,0.725979934240681,-1.80157602248705,0,1,1,0,0
7,0,0.784862156363264,-0.489907169769153,-0.780246044145497,0,0,0,1,1
0,0,0.685234163083298,-1.6454153005396,0.194227732409427,1,0,1,0,0
0,0,0.589558056800594,-0.0377228228118704,-1.13400793261508,0,1,1,0,0
10,9,1.15868492330875,0.941878179413644,-0.919540201922644,0,1,0,1,1
0,2,0.401802852483617,-0.993796418726184,0.246049271501627,0,0,0,0,0
2,1,-0.85171086335809,-0.168139086960685,-0.414255032641657,1,1,0,0,1
2,0,-1.26099791137942,-0.531700206707554,0.122585627727908,1,0,1,0,0
2,6,0.444804417659261,0.981790142354554,1.7258416208969,1,0,0,1,0
1,4,-0.390280266137341,-0.242370435556272,1.62489348964744,0,1,0,0,0
4,4,-1.80280124209014,0.376914639610123,-1.75137912438464,1,0,1,1,1
0,0,-1.4400029379523,-0.927388088654321,-0.627651205420743,0,0,0,0,0
2,0,1.59967215905021,-0.824825076864526,-0.581004699876705,1,0,1,0,0
0,1,-0.813998065529426,0.164708788426924,0.704137372717969,0,1,1,1,0
2,2,0.120574062189783,0.419655079032654,1.71106209109994,1,0,1,1,0
2,2,-0.771249183412081,0.45086374944792,0.822786504895318,0,1,1,1,0
4,0,1.15456789791224,0.895536495701969,-1.288667729158,0,1,0,0,0
1,2,-1.39039995798709,0.256999188572464,0.676712108002329,1,1,1,0,1
3,2,-0.784690584264849,0.79398070553706,0.384553141725399,0,1,1,0,0
0,0,0.864403672605319,-0.557333174859775,-0.458756265034116,0,1,0,1,0
3,6,-1.28946736933537,0.0347172636857703,1.35550393037966,1,1,0,1,0
1,0,-1.46030982125949,-0.0138704984127228,0.0551792220965774,0,1,1,0,0
3,1,-0.00833356499546455,-0.0135271887299676,0.592781355754973,0,0,1,1,0
0,1,-1.75891342961296,-1.48540158838137,-1.03776494583702,1,1,1,0,0
3,0,-0.392557189444079,-0.836105868430592,-0.433787308637183,0,1,0,0,0
2,3,-0.666895819438439,-0.848585920818903,2.80715020014688,0,1,0,0,0
1,1,-0.826525023312227,-0.371817062707984,0.311696874707549,0,0,0,1,1
1,6,-2.52850181035519,-1.11080601911428,0.85893002181841,0,1,1,0,0
19,1,1.86272216276093,0.209374150353651,1.040461096765,0,0,0,0,1
1,1,0.571168149399024,-1.7069921700592,0.288173003498893,1,1,1,0,1
3,1,0.206686388868313,-0.738869387499249,-0.500471207630638,1,1,0,1,0
1,1,0.100642506157546,0.851191593283084,-0.561307382768522,1,1,0,0,0
1,1,0.599615180592963,0.806715340652845,0.0749815806085455,0,1,1,0,0
0,2,-1.57866505689147,0.60848825652994,-0.660929439017893,1,1,1,0,0
6,2,-0.0599479652856132,-1.31773644520556,-0.0319244354854427,0,1,1,0,0
1,0,0.178086231255381,-0.753724464895562,-0.886531097989488,0,1,1,0,1
4,1,-0.927623324330395,-0.59765695537594,0.490335600557192,1,1,0,1,0
0,3,1.91936548982939,-0.246259373510916,-0.515516596787813,0,0,0,0,0
3,2,-1.95060492727965,1.18634161219113,-0.362251114321487,1,1,1,0,0
0,0,-0.42151028966018,-1.8701762047139,0.742201794415904,0,1,1,0,0
2,1,-0.227917020785279,-0.10308962896652,0.321165145019259,0,0,0,1,0
1,4,-1.93376363928574,0.526940887055018,1.83407813600903,1,1,0,1,1
2,2,0.957212344289189,0.712610770675896,-0.346000179838794,0,1,1,1,0
1,0,0.187935608373926,-0.784606090192629,0.821592720553045,1,0,1,1,0
13,2,1.47533059526723,0.506654845101812,-0.747506036941238,1,1,0,0,1
0,0,0.244275867942214,-0.726382624507217,-0.303700391872354,0,0,1,0,0
0,4,-0.266201010226224,0.744323011497604,0.841545121707743,0,1,0,1,1
6,0,0.812921280313849,0.237964244661736,-0.427118957834042,1,0,1,0,1
1,0,0.279266782567498,0.126933456196463,0.637061870752692,0,0,0,0,0
0,2,0.738466237701635,0.167794429438101,0.277060348375251,1,0,0,0,0
3,1,-0.706889307156894,1.05105283376866,0.618027031288281,0,0,0,0,0
0,2,0.816143746909988,1.96116966734461,1.15395085663818,1,0,1,0,0
1,2,-1.72034864566115,-0.0329040837040435,-0.878623616227873,1,1,1,1,1
1,2,1.22685539939389,0.0730345009066141,-0.38684306188891,0,1,0,1,0
5,5,-0.324466183524298,1.8979247253974,0.411300689242067,1,1,0,0,0
9,2,-1.42750307854543,0.021103478637425,0.93287385422866,0,1,0,1,0
3,0,0.827831500388488,0.771869203815714,-0.513877456884192,1,0,1,0,0
3,0,0.538360478528435,-0.361394923001562,0.598968725942396,1,1,1,1,0
1,0,0.334388500190264,0.286585495153882,0.506200613722358,0,1,1,0,0
0,0,0.548583737311906,1.02894061024985,0.351456209138239,1,1,0,0,0
8,2,-0.769716162328419,-0.446718540377498,-1.25760887550346,1,1,1,1,1
0,9,-0.544180842003316,2.79440962622851,2.11119886849974,0,0,0,1,0
1,1,0.820684743382051,0.270580992436641,-0.445595486581414,0,0,1,0,1
7,4,-0.48009356621281,0.443507902111247,-0.768764895162197,1,0,1,0,1
7,0,-1.34490914253175,1.92692644538615,0.549864047212939,1,0,0,1,0
0,0,-0.17622754634289,-1.5902982482803,0.448073783224286,0,1,1,0,0
1,2,-0.603129749608655,0.460010766891406,0.0799853986983916,1,0,1,1,0
2,0,-0.388450800479791,0.117611071170306,-1.71075573008917,0,1,1,0,0
0,0,-0.577039976447332,-1.19774177399398,-0.487594344675157,0,1,0,1,0
0,0,-0.918092920902982,0.403046612142021,0.771922057483216,1,1,0,0,0
2,1,0.544148576177299,-0.932693295441009,-1.54736309080016,1,0,1,1,0
10,0,0.770513194048864,1.01338312529497,-0.128928339533067,1,0,1,1,1
5,4,0.0833950749485768,1.40489394619365,1.15887222485825,1,1,0,1,0
2,3,1.80284568072308,-0.606206878883965,0.826605157176717,0,1,0,1,0
5,2,1.43093954801777,-1.04550068482781,0.714598762043137,0,0,0,1,0
0,1,-0.437786652386994,0.730373589585538,0.34022173674909,0,1,0,0,0
1,1,0.588090727798459,1.08974692953738,-0.227367620275935,1,1,1,0,0
3,1,-1.55073278113305,1.2218747328931,-0.188035863696002,1,0,0,0,0
1,0,0.429231413590386,0.19027933820519,-0.0820082022476044,1,1,1,1,0
0,0,-0.298432150959483,-1.39549411167427,-1.32012295475111,1,0,1,1,0
1,2,-0.458426150315121,-0.399229956790357,2.66319664332256,1,1,1,0,0
7,0,1.4061633763399,0.121049208274515,0.184377292975258,1,0,0,1,0
8,1,0.925562033760558,-0.611179858668574,-0.282146854776802,1,1,0,0,0
2,0,0.863481081164876,-1.21263256303659,0.273042081717624,1,1,0,0,1
3,0,1.97664399668688,-1.55656461452928,1.00079373164022,1,0,0,0,1
3,2,-2.15787128690329,0.562698617801797,1.66275225499299,1,1,0,0,0
1,2,0.0796858976017047,0.71225360236508,0.62212347695294,0,1,1,1,0
2,0,0.287415242492798,-1.36846110177635,-1.63117647255701,0,1,1,1,0
1,1,1.60744058074405,0.796912710207307,1.14416579632118,1,1,1,1,0
4,2,2.27556423492344,-0.963110583300892,0.78150094195443,0,1,1,1,1
3,0,-0.66915380332538,-0.71776957241228,0.33754937866036,0,0,1,0,1
1,0,0.162885830035556,1.02716860893253,-0.155757497869054,0,0,1,1,0
1,2,0.845335919106956,-2.33268320817353,1.81278267682953,1,0,0,0,1
12,3,1.83014359168696,1.78482380432651,-0.572437078867351,1,1,0,0,0
3,0,0.902157583230337,-0.793516723348075,-0.499536479454769,1,0,1,0,0
3,4,-1.09915437756515,-0.451660217314735,-0.635383126574378,1,1,1,0,1
9,0,0.746294600403399,0.448597412568064,-0.576221862342095,0,1,1,0,0
3,0,0.171180073864708,-1.48038834869355,-1.12298567274945,1,1,0,1,1
2,0,0.626581990348769,1.29306123680077,0.203751323251265,1,1,0,0,0
8,1,0.574412191954538,-0.918588807373967,0.92728294781747,1,1,1,0,0
7,2,1.11458421734018,-1.07368559844737,0.53064917976872,1,1,0,0,1
7,0,-0.854707086613852,0.0322530840863332,1.60872714286716,1,0,0,0,1
0,0,-1.11135203713958,1.64385696071952,0.523883745597439,0,1,1,0,0
3,3,-0.94574538028043,0.308147344356666,-0.627264843407382,0,1,1,0,1
1,0,1.02086468349373,-1.53875434234107,0.804866203688308,0,1,1,0,0
0,1,-0.375357211280442,-0.342761975919912,0.331197100682965,1,1,0,0,1
3,2,-0.269555474034442,-0.666624807072199,-1.75925600368665,1,0,0,0,0
4,1,0.639227114059748,-0.338583618632948,-0.912195118536294,1,1,1,1,0
1,1,-1.29229419462801,0.666136203286442,-0.92301739922008,0,0,1,0,0
0,0,-0.545646453645795,-2.56531742052953,-0.879998148040996,1,1,1,0,1
6,2,1.47077567162498,-0.00933244458961915,-1.72801668822245,1,1,1,0,1
6,0,-0.429072555286727,0.321998996338203,-0.873001592397015,1,1,0,1,0
2,1,0.921794348677307,-1.23806940405999,-2.04343129561558,1,1,1,1,0
3,4,-0.496272138378905,-1.03602303096892,1.2900996539984,1,1,1,0,0
2,1,1.34946395829346,1.07553615721146,-1.89033052793673,0,1,0,0,1
0,1,0.816106552891236,-0.387567843897263,0.787222298051994,0,1,0,1,0
2,4,-0.774199951229587,0.682377703756946,-0.256835899865778,0,1,1,1,0
5,0,-0.832693575994474,2.07039736875079,-1.49322574264137,0,0,1,1,0
1,0,0.513362868636227,-0.379526874852522,1.40216017604183,1,1,1,0,0
3,4,-0.520476291592115,1.55339385450582,-0.716775292339321,1,1,0,1,0
17,0,2.1649978226784,-0.349214450656865,-1.53037375879183,1,1,0,1,0
0,1,0.043286342093481,0.284909212240407,0.227858080351945,1,1,1,1,0
2,0,1.28389898496975,-1.14215902982821,-0.621634274486765,0,1,0,1,0
3,4,-0.628220817404202,1.44909388835715,1.33660593000091,1,1,1,0,1
5,0,0.526790968361622,-1.05291727110048,-0.0141877507207339,1,1,1,0,0
5,0,-0.40295728453198,-1.10081292236336,-0.273195724438037,1,0,1,0,0
2,2,-0.474218019864151,-1.90674400658372,1.65718550047785,0,1,1,1,0
5,3,0.869503811948401,1.24527102710909,0.186100514081859,1,0,1,1,1
1,3,-0.42449324048462,-0.128040691574846,1.24508439868529,0,1,1,1,1
0,0,0.561909581690273,-1.43555985120188,0.478128533204313,0,1,0,1,0
5,1,1.10569028351455,1.02944680020975,1.55849118528981,0,1,0,0,0
7,0,1.17380364231562,1.51818258130748,-1.20306047136577,1,0,1,0,0
1,3,-1.75992947743557,0.723677784446685,0.681705700300471,1,1,1,1,1
1,2,-1.24587634728845,0.139274012872381,-1.16834677735254,0,1,1,0,0
10,1,-0.722091203783716,0.569438182342129,-0.234527086119948,0,1,1,1,0
5,3,-1.25447490401739,-0.390136902179238,1.18853879907543,0,1,1,0,0
0,3,0.288278563354959,-0.936753834033656,0.442617612960714,0,0,0,1,0
0,1,-0.187404595444433,-0.0562238654269333,-0.385216715906052,0,1,0,0,0
2,1,-1.47021809624391,0.556383533532593,0.218080265038577,1,1,1,1,1
0,0,1.23051730652359,-1.60048917874704,0.193082838155296,1,1,0,1,0
7,3,0.479754841165544,-0.938284364930463,0.341495366385617,1,0,1,1,0
0,0,1.18320554136362,-0.0638396796627386,-0.420232509757579,0,1,0,0,0
0,0,0.0895859268476219,0.149004371397432,-0.453706483262919,1,0,1,0,0
2,0,0.279081849529537,-0.761994118102966,-1.350781808381,1,1,1,1,0
0,0,-0.862701755377518,-1.39569694920208,-0.358590840701389,1,0,1,0,0
0,2,0.129256910621801,-0.771561557904162,0.208461470391293,1,1,1,0,0
9,1,2.10172242573261,-1.2526450142031,1.68846906593025,1,0,1,0,1
4,0,0.616117059069596,0.997653008324998,-0.666739497557438,1,0,0,0,0
3,0,1.69746066010907,0.372763686409062,-0.223057290993553,0,1,1,1,0
0,1,1.25952506891725,0.336179419716496,-1.58883659690015,0,1,0,1,0
2,2,1.29164711709345,1.44186226801907,0.508888647736707,0,0,1,0,0
5,3,1.1623433139401,-1.02039596869669,-0.385085966738245,1,1,1,1,1
0,1,-0.0416797001295399,1.05629796759907,0.107903746574324,0,1,0,0,0
5,2,0.256645533312364,-0.301661511032352,-0.307985286923048,0,1,1,1,1
2,3,0.0313813664243208,-0.830693779278418,1.85697754803695,1,0,0,0,0
0,0,-0.539648293600693,-1.47882341898049,-1.6275551196462,1,1,0,0,0
1,0,-0.537165116194423,0.726481575995078,0.567607150166584,0,0,1,0,0
5,2,1.44253520726976,-0.687320022025334,1.39593321157711,1,0,1,1,0
5,0,-1.75314285818469,1.32801243255283,0.0777003863970929,0,0,1,0,0
0,8,-0.161604389025786,0.0253321221675991,1.5727560648731,1,1,0,0,1
1,0,-2.2814959206722,-1.39916004454477,1.1659197112937,1,0,0,0,0
3,0,0.458732750645185,-1.23913376063061,1.50900129966391,0,1,1,0,0
2,0,0.0615227083184929,-2.30862245363094,-0.411789306058244,1,1,0,0,0
7,2,-0.0863726740946929,0.0658463084864009,-0.771504534491083,1,1,0,1,0
7,0,1.67629754653319,-1.6976568022743,-0.719466134711528,1,0,0,0,1
1,0,0.76925464043,1.3355271408797,-0.0774974676244713,1,0,1,0,0
0,1,-1.87530390726753,0.0813270988911044,-0.644071899923844,1,0,1,0,0
1,0,0.437216390457329,-0.62400725198329,-1.51463959178699,0,0,1,0,1
1,2,0.675375114225888,-0.848515838968618,0.99276331193121,0,1,1,0,0
1,0,0.0457344509676319,-1.32207592035559,0.100146972908219,0,0,1,1,0
2,0,1.40912928671288,-1.36313425139163,-1.24735577302738,0,1,1,0,1
1,0,-0.184929621556955,0.163807039825024,-0.260061579462861,1,0,0,1,1
1,0,-0.896526945181615,-0.306981576948016,0.0894692993458892,0,1,1,1,0
4,0,1.48059176429782,-0.901423427467923,0.90458658419978,0,0,0,0,0
2,2,-1.64562318953523,-0.196137638363718,0.00454444249083504,0,1,0,0,1
5,7,-0.266343786029697,0.03719432950878,0.430112399007159,1,1,1,1,0
2,6,-0.590283819174435,0.511864448297789,0.967718153066839,0,0,1,0,0
0,0,1.8205767171195,-0.547629027676551,-0.798931918222152,0,0,0,0,1
0,0,-0.478430427380874,2.52035283879844,-1.0257478531566,0,1,0,0,0
1,2,0.492710135769425,0.611411151447016,0.788368504193345,0,1,1,1,0
6,2,0.590388584906838,-0.417710434681979,0.306790753899602,1,0,0,1,0
5,1,-1.18891597369534,-0.307853760143926,-0.672952186842442,1,1,1,0,1
1,1,0.358272479825192,-0.0857732710382775,1.70030323368294,0,1,1,0,0
3,1,0.390840361751206,-0.36378850049656,-0.765871055553496,0,1,0,0,1
20,4,0.699965984676691,1.64830550063287,0.630788756543083,1,0,1,0,1
2,3,-0.853908865775326,0.553154943338554,-0.343035283443798,1,1,1,0,0
0,1,0.72450409118244,-0.190065650416517,-1.17068614968205,0,0,1,0,0
1,2,-0.865435654767267,1.76738523815108,-0.934846727993902,0,1,0,1,0
18,1,0.214017993668421,0.709551694060128,-0.953129289836485,1,1,1,1,0
4,3,0.891759535435401,1.01669928985868,0.796196272902462,1,1,0,0,0
0,0,0.535656430662312,0.0173079388683366,0.511495140359647,0,0,1,1,0
3,1,-0.86394280589295,-1.40855586199213,-0.328734247704692,0,1,0,0,0
6,0,0.841945536023943,-0.430213773543895,2.03857404308613,0,0,1,0,0
1,0,0.958923487623729,0.684335514165963,0.380650565184157,1,1,0,0,0
2,2,-0.0705025219269015,1.13296063854914,0.0422227832571985,0,1,0,1,0
6,0,-0.83976829607607,0.0602368453223452,0.251366581000053,1,0,0,1,0
4,2,1.5034396768153,-0.740002102966589,0.65941994228399,0,1,1,1,0
2,0,-1.17775902304145,-1.46988776342297,0.0681936151853556,1,1,1,0,0
3,1,-1.36936722468183,0.770992753459725,-1.0429510201242,1,1,0,0,0
2,2,0.0889178262983392,0.849632032565625,-1.23749105632143,0,1,0,0,0
1,1,-0.012799425634822,-1.51826346636765,0.0917186114082818,1,0,0,0,0
2,6,-0.284668431725317,1.51173470385061,0.582140789363398,0,1,1,0,0
0,0,0.408439250219313,-1.3344045353543,-0.385603561088062,0,0,0,0,0
2,1,-0.934450412944356,-1.22942534436615,0.249830858389794,0,1,0,0,1
1,3,1.02488954099928,-1.13566788926771,2.15207306323304,1,1,1,1,0
3,0,0.96313816344926,0.915282740089129,-1.70293717472322,0,1,0,1,0
7,1,-0.431408701750945,1.20188547367948,-1.30337507378264,1,0,1,1,0
1,1,0.617463170928119,0.758448117780677,-1.22001253852231,1,0,0,0,0
0,3,-1.43963307974492,-0.752324198311879,0.834394810406748,0,0,1,0,0
2,2,-0.794242296881363,-0.370676819493007,-1.6576199188747,1,1,1,1,1
4,3,-0.2248949157443,-0.698176210953083,0.402261384501202,1,1,1,1,1
3,4,-0.0662163960042535,0.703388727984914,-0.204968039852268,1,1,1,1,0
0,1,0.120344056366753,-1.3335273412599,-0.0451982145223385,0,1,1,0,1
3,1,-0.117649845824392,-1.27386222544791,-0.717990808005961,0,0,1,0,0
2,1,-0.562067212596271,-0.260325658477059,-2.50678741003298,1,1,1,1,1
1,3,1.57152001096237,1.72127909835016,1.13967858396338,1,1,1,0,0
1,8,-1.24646233589135,1.13201566193577,-0.681896486683921,0,0,1,1,0
0,0,0.0179143188031377,-1.92855335255602,-0.566793208131619,0,1,1,1,0
14,0,1.80979540885851,0.974817945371143,0.120460719156544,1,0,1,0,1
4,0,0.450346321360114,1.34858122364294,-0.833112847947978,1,0,0,1,0
4,0,0.191545023487117,-0.395679666388813,-0.827900936182851,1,1,0,1,1
3,3,1.45981300956741,0.821303855864769,0.448363365264549,0,0,1,1,0
5,2,-1.03994104639762,1.1827945954492,-1.46307567644733,1,0,0,1,0
0,2,1.4418006249383,-0.00209192449142824,0.529932556953376,0,1,1,1,0
0,0,-0.578655034690841,-1.48699696331281,1.32275468607805,0,0,1,1,0
8,0,1.72425476773184,0.287646747652143,1.1110759003021,1,0,0,0,1
0,2,4.57288893893178e-05,0.336059073572026,1.79033690182656,1,1,1,0,0
1,3,-1.54448375351404,0.023404632062159,-0.94754071334566,0,1,0,1,0
4,1,2.03415180003903,0.29857138231056,-0.69964602568164,0,0,1,1,0
9,1,1.56925998961801,-0.0581929931607836,-0.457692914250655,0,0,1,1,0
1,4,-1.30900626272963,-1.53737684406469,0.512317613834275,0,1,0,0,0
1,1,0.17157187852757,-0.891626133290125,1.43024461424648,1,1,1,1,0
1,3,-0.483018364981248,-1.52256108455936,1.75048654718254,0,1,0,1,0
2,0,0.377635759537147,0.972692220700371,0.959158373032167,0,0,1,0,0
2,1,1.35107522976758,-0.607402132495613,-2.75490824477316,1,1,0,0,0
6,0,1.0530353132033,-0.907871749197439,0.486435028430276,0,1,0,1,0
1,1,0.643542490256363,0.812512056871096,-0.737862124350783,0,0,1,0,0
0,0,-0.220090172343547,-1.72984745824738,-0.336230692778608,0,1,1,0,0
0,0,-1.27837213588202,-0.254234040289395,-0.745601446381523,0,1,0,1,0
0,0,-1.60663951813805,-0.611322887883294,0.0769314950320648,0,1,0,0,0
2,0,3.00318258901076,-1.25836454201643,-0.540838054781901,0,0,0,1,0
0,0,0.983857433257098,0.996184502226455,-0.627598775234558,0,0,0,0,1
8,0,0.556444842368167,-0.0891760731033264,-0.582849129596973,0,0,1,1,1
1,0,0.879457198715886,0.591460489828139,0.34459846392362,1,0,1,1,0
4,3,0.865022769303837,-0.409271352050718,-0.702689983116214,1,0,1,0,1
3,3,0.109788777718375,1.40134675017063,0.495272378444382,1,1,1,0,0
0,1,0.11458286221346,-1.20165052302384,-0.26679106876045,0,1,1,0,0
5,3,0.15426801782722,0.672993610216277,0.604723600043247,1,1,1,1,0
1,0,-1.6083888407791,-1.64043390354483,-0.556595471619539,0,1,1,1,0
1,0,0.635231674425802,-0.0766000793992032,-0.662958398184413,0,1,1,0,0
1,0,-0.0911847626487087,0.191455165311147,0.414461867564209,1,0,0,0,0
0,1,-1.08450972661424,-2.02322325527476,0.960782847895638,0,1,0,1,0
3,2,0.97859625175363,0.949882665282713,0.665306822760457,1,1,1,1,0
0,3,0.320578734528677,0.167343188604134,-0.273384799689878,1,1,1,0,0
2,1,-0.0714736726464728,-0.357346333503953,-2.07296547358411,1,1,1,0,0
2,1,-0.553287938141955,-0.843053742293751,0.0364850604198308,1,0,1,0,0
4,0,0.232392738807629,0.977028344362462,-0.856223662562519,0,0,0,1,1
3,0,-0.966609527505177,-0.843308668483573,-0.373908804946716,1,0,1,1,0
2,1,-0.631875515209044,-0.0630428792120203,0.707941623362164,1,1,0,0,1
2,0,0.956555639669678,-0.181015405008105,-0.886297809510071,1,1,0,1,0
6,2,1.67423968992691,1.31231086423087,1.79610491998747,0,0,1,1,0
0,6,-1.70001342803008,-1.16686365858045,-0.250895256635867,1,1,1,1,1
3,0,0.917148566779418,0.50405208723697,0.20483446712607,1,1,0,1,0
0,0,0.00647455660669238,-1.28870700716952,-0.0889815916849897,1,1,1,0,0
0,2,-1.4400515086044,-0.153379911595616,1.47000479948872,0,0,1,0,0
0,0,1.04061324513526,-0.435662042592701,-1.4811584996635,0,1,0,0,0
3,18,-0.507994673839774,2.81201701156578,0.791891771761136,0,0,0,1,1
2,4,-1.30629927501038,0.350987897493132,-0.624367886151013,1,1,0,0,0
0,0,0.455496389278998,-1.09767976125414,0.3425321936836,1,1,1,0,0
7,2,0.0657103549960747,0.864601192472913,-1.45895676492418,0,0,1,0,0
0,3,-0.188214886400893,0.185071777150558,0.00187487821790541,0,1,0,1,1
7,0,-0.448784759886714,0.375462248305803,-1.16952849004125,1,1,1,0,0
0,7,0.0342241015186444,0.595748362888931,1.18938204072038,0,1,1,1,0
5,0,-0.679075503466856,-0.613777653041063,-0.903537589617038,1,1,1,1,0
0,1,0.373682359321478,0.146481050169253,0.992653433368065,0,0,0,1,0
4,0,0.924040204090088,-1.02273583751184,-0.739524763941686,0,1,0,1,1
0,0,0.668904264581253,-0.145985002579952,-1.04941361803945,0,1,1,0,0
4,4,-0.223408327755134,1.04672566527662,1.63694010347154,1,1,1,1,0
6,1,-0.406616780486381,1.12141434801425,-1.34268602267875,1,0,0,1,0
1,1,-2.09578203654132,0.961890352675492,-0.849227865170204,0,1,0,0,1
10,2,-1.47660269440541,0.166081374968521,1.09851439213821,1,0,1,1,1
2,1,0.614364149939188,1.66022777981217,1.23351138421448,1,1,1,0,0
0,3,0.581351889170283,0.641269621304214,1.57581258757709,0,0,1,1,0
3,0,0.534762891070265,-0.0494573582101573,-0.205342748110438,1,1,0,1,0
3,2,0.551279258377161,-0.837425510930367,-0.060075278044495,0,1,1,1,0
0,0,-0.497785892543599,0.478877179270585,-1.44407425864701,1,1,1,1,1
5,0,-0.958265916288061,-1.81705766753123,-0.228512538462557,0,0,1,1,1
1,1,0.55062640141939,-1.14611152795791,1.70409677064462,1,1,0,0,0
0,0,0.923650418289382,0.390536381922075,-1.88397835582056,0,0,0,0,0
0,1,0.658929284181021,0.0981308719872206,0.0678007989562165,0,0,1,1,1
1,5,-1.0113316677424,0.0216000719629733,-0.311590545849135,0,1,1,1,0
3,3,1.2170069416957,2.09429378373514,0.0866983862755485,1,1,1,1,0
7,0,0.0529788574818261,-1.81220076121512,0.527119961606502,1,0,1,0,0
3,1,0.37120424240547,0.0491506624973245,-0.458355612895726,0,0,1,1,0
0,1,-0.81970260008602,1.18551217476605,0.148945216650051,1,0,0,1,0
1,1,-0.512802038702838,0.14125048685969,-1.22865175248271,1,1,1,0,0
3,0,2.28540766401928,0.875591906354775,-0.655797408844256,1,1,1,0,1
1,4,0.251965578301059,1.05644825832246,-0.540806059124161,0,1,1,0,1
1,10,-0.301468790906507,1.25828404568065,1.63702021308955,1,0,1,1,1
0,1,0.424386663341802,-0.489583274645964,0.680774383591575,0,1,1,0,0
1,0,-1.67101803390127,-1.03075078106753,1.36807726196179,0,0,1,1,0
4,2,0.387547762701159,-0.549862204279369,0.691247500994923,0,1,1,0,0
6,0,0.4512669323809,-0.170190608581924,1.50204182949084,1,1,1,1,0
1,7,1.75354685672859,-0.485706871329932,-1.13154142836227,0,1,1,1,0
2,1,-0.0917808465490628,-0.278034156894641,-2.29204192282161,0,0,1,1,0
6,4,1.62257527317342,2.1561495094679,-0.274005373722322,1,1,1,1,0
1,3,-0.421773988601772,-1.25588458827604,0.057182740821709,1,1,0,1,0
0,2,0.0893840422787312,-0.95278396509603,-0.479373846677474,0,1,0,1,0
2,0,-0.418841068503813,-0.252238400480939,0.987768323193969,1,1,1,1,0
6,0,0.174370818543054,0.312698304614157,-0.161827259561958,1,1,1,0,0
2,2,-0.688320470289164,-0.846928068678154,0.523805680203607,1,0,0,0,1
1,3,0.465083220614289,2.07173907574634,0.21332157307921,1,1,1,0,0
1,0,0.179972295567269,0.497759586130187,0.640013496953053,0,0,1,1,0
1,1,0.211612683585642,-0.421610745767091,1.29013761994534,0,0,1,0,1
0,7,-0.156658807713308,-1.9053451848189,0.957132069739698,0,1,0,1,0
1,0,-1.00069588901387,0.0816233940654309,-0.836784933765811,0,0,1,0,0
4,1,1.03775719005893,2.16105826110476,-1.48049737318736,0,1,1,0,0
3,1,-0.173830098763347,0.615428580235813,0.865169848846067,1,0,1,1,0
4,0,-1.81873627356502,0.629881163625569,-0.619857594688907,1,1,1,0,0
3,0,-0.444774737313031,0.115928941975037,-0.168405956195537,0,1,1,1,0
1,4,0.312516223991964,2.1127297322807,-1.18743721800763,1,1,0,0,0
4,0,0.248761697317873,-0.195811813074811,-1.80788737915717,1,0,0,0,1
1,1,-0.403048485846724,-0.547434443801853,0.562930988687733,0,1,0,1,1
3,0,0.720985244192657,-0.687498203381116,-1.14024157674467,0,0,0,1,0
0,1,0.392921510651978,-0.708433515869699,0.303357113819126,0,0,0,0,0
0,0,-0.0548002972746271,0.160455538428219,-1.8182190137066,1,1,1,0,1
4,2,0.16971511515766,2.2561920662376,0.17113554827142,1,1,1,0,0
3,1,0.660169671476689,-0.210058314285667,1.55561036915021,0,1,1,0,0
5,1,-0.151475465386745,-0.112095670759876,-0.412662249761814,0,1,1,1,1
8,0,1.66710934191448,0.964461668978012,0.871114886472797,1,1,0,0,0
5,2,0.417422650210721,-0.0661546983039258,-2.19461594378894,0,1,0,0,0
2,4,0.431611795170173,-0.023593498103236,1.16783060162246,1,0,1,0,0
8,1,0.0498595075499664,-1.26305160203104,0.303739517330022,1,1,0,1,1
1,1,0.219066882506251,1.3716676855138,-0.978253696132528,1,1,0,0,0
3,4,-0.515606018963986,1.29605365395621,0.124085574809755,0,1,0,0,1
5,1,-0.30194820409971,0.833959079786069,-0.715866289849586,1,1,1,1,0
1,3,-1.12424679620044,-1.74284716004566,-0.494698160611182,0,1,0,0,0
0,3,0.53915510663002,-0.0405676658100605,-0.499837289141561,0,0,0,0,0
1,1,0.06750102886072,-0.859172713739067,0.364291382548737,1,1,1,1,0
0,1,-1.55807564189187,-1.36242480658531,-0.277913007387456,0,1,1,1,0
0,0,-0.502009869262413,-1.42418265386966,-0.416126805644979,1,0,0,0,0
0,6,-0.752071526496094,0.692577918105685,-0.902038032068285,0,1,1,0,0
1,1,0.547580169008754,-1.42697996530547,0.46842568940039,0,0,0,1,0
28,1,1.55099027584906,0.490800112858337,0.18662670007644,0,1,0,0,1
4,0,-0.687880197533627,-0.129597126649882,0.0769651833689387,1,1,1,0,0
1,1,0.353972728947526,-1.38813305512487,0.261776401933626,0,1,1,0,0
2,2,1.7308096388535,0.769294829197836,2.27361091778717,1,0,1,1,0
1,0,-0.200711009817335,1.21675622146551,-0.434255682519759,1,0,0,1,0
0,4,-2.64153741493815,0.164139196859655,0.122735779089655,1,1,1,0,1
1,10,-0.948077787059069,-0.841111313183319,-1.30964195051223,0,1,0,0,0
0,2,-0.578378172457996,-0.148969559768087,0.829500060980079,0,1,1,1,0
4,13,1.34874232048356,1.08765022375414,-0.12031826584084,0,1,1,1,0
0,0,1.20250172208965,-1.85993737115387,1.31626073573294,1,1,1,1,1
0,0,0.636879451463317,-0.558389244317105,-1.61994818616634,0,1,1,0,0
1,0,-0.0069074644940105,-0.415248535199288,-0.11788268864036,1,1,0,0,0
1,1,0.294628488950571,-0.0683914931430669,0.829694943316875,1,1,0,0,0
1,1,-0.109696132160426,-0.146989886149238,-0.316802426169161,0,1,1,1,0
1,7,-1.35405303481797,-0.473187319180249,-0.0848175989082454,0,1,0,0,0
3,0,-2.32765977522582,0.719711607608092,-0.146853900705437,0,0,0,0,0
3,2,-0.241417986162367,-1.44557015843483,-0.0466365036615852,1,1,1,0,0
0,1,-1.12074150552599,-0.206877777897182,0.374503889196917,0,0,1,1,0
0,1,-0.0647018574005716,-0.945702352080317,0.232354333038786,0,1,1,0,0
1,1,-0.494456593961036,0.734411122592582,0.295063942543132,0,0,0,0,1
0,0,0.625031122499148,-2.07929699156752,1.02129157810302,0,1,1,0,1
2,10,-2.71424199308864,0.689324704944615,1.0756786682398,1,1,0,1,1
0,1,-0.0122239411264346,0.0831091949326357,-1.10107416886706,0,0,1,0,0
1,2,0.383147879513744,-1.08419163978088,1.57642561793741,0,0,0,1,0
2,3,-0.838985797551644,0.64905429984089,0.130329347270378,0,1,0,0,1
2,4,-1.28541450578056,0.769519607195735,-0.52528338234928,0,1,1,0,0
2,2,0.321504362571028,2.13963120194587,0.994974866994088,1,1,0,0,0
2,1,0.368479243691984,-0.734165141253491,0.0711540141464179,1,0,1,1,0
1,2,1.51991733619584,-2.99157832997665,2.27340760238385,1,1,1,0,0
1,0,-0.518148910207688,0.579491228254693,-0.777130044694713,1,0,1,0,1
2,0,1.66865126787359,-1.50125848465651,1.33218573498725,0,0,0,1,0
8,1,0.51948393518658,1.29074584631679,1.40830641628773,1,1,0,1,0
0,2,-1.66793524801176,0.476560886948357,0.467398593842962,1,1,0,1,1
0,0,-0.298530593890711,0.891842010971307,-0.240553226519093,0,1,0,0,0
2,2,0.0683080094197179,-2.82051639600427,-0.148390777333105,1,0,1,1,1
2,0,-0.510785501982843,-0.240886205580486,-1.28639895851553,0,1,0,0,0
10,2,0.930618227525883,0.867283156571807,-2.60178212043397,0,1,1,0,0
0,0,-0.790845688025784,-0.162352981732044,1.15424109829465,0,1,0,0,0
2,0,1.43455092577468,-1.40857435590727,-0.272796383119427,0,1,1,1,0
1,3,-1.58805236183425,-0.130475348401163,-0.273244992578418,1,1,1,1,0
1,10,-0.355251694963882,1.25337106200581,-0.719333323552436,1,1,1,0,0
6,6,0.909657315870549,1.22279256278119,-1.57351638035641,0,1,0,1,0
0,0,-1.22633604770799,0.259505703349415,1.43550013552479,1,1,1,0,0
1,0,1.91242340864624,-0.846529380949186,-0.974941848803905,1,1,1,0,0
0,0,-0.888169539867279,-0.138883399297683,-0.79437686325493,1,1,0,1,0
1,2,-0.328241479388676,1.01958500954158,0.767372822977147,0,1,1,0,0
0,4,1.19696772370649,0.249680559291801,-0.245296872502994,0,1,1,1,0
1,4,0.940688893537951,-1.74171245953289,0.302621200010173,1,1,0,1,0
2,0,1.19656613780389,0.180047316994109,1.79553220915815,0,1,1,0,0
0,3,0.681685603847905,0.606633807006364,-0.737679017105855,0,1,1,1,0
0,1,1.25215030843991,1.14745613713265,0.392723078416955,0,1,0,0,0
2,2,1.62571999443441,-0.555173643353476,-0.825388690594972,1,0,0,1,0
4,4,-0.0449976129330398,1.83585849658631,-0.124071411430946,1,0,1,0,0
0,1,0.435300108298791,0.335879098591225,1.97791742120661,1,1,1,0,0
2,2,1.53769113543754,0.921565264199904,-1.24799513528069,1,0,1,0,0
2,2,-1.77766278422817,1.14711658681003,0.204903213112152,1,0,0,1,0
3,10,-0.976933425469588,1.75589452437946,-0.975825242961246,0,1,0,1,0
1,0,0.211803705799839,-0.202441176435937,0.370405552672997,1,1,1,1,0
3,0,-0.177331118167676,1.0369362573176,0.418283560909147,1,0,0,0,0
2,2,0.36592731337697,-0.23819279816157,0.487133595386553,1,0,1,1,0
2,0,0.37264458276227,-1.25771694737261,0.0577109515901067,0,0,0,1,0
9,1,0.305917395958214,0.210762593977373,0.227392047038333,1,0,1,1,1
5,3,-1.27804577256477,-0.746047634120647,-0.718104406166292,0,0,0,1,1
1,0,-0.493545072270697,0.631807697534043,0.652172808837683,0,1,0,0,0
0,0,-0.823264258815831,-0.864755467210973,-1.1506459494931,0,0,0,0,0
6,3,1.23631741888504,0.303628603595776,0.547596195492905,1,1,1,0,1
0,0,-2.28594955727202,-0.0434970399508538,-0.814506142262927,1,0,1,1,0
1,1,1.63426492551334,-0.517028797806942,0.222677762155857,0,1,1,0,0
1,2,0.385476743301669,-1.10828892411048,-1.32963390943074,1,1,1,0,0
1,3,1.22936325665726,-1.93041822002522,0.303381660169259,0,1,1,0,0
5,0,-0.125766485909228,0.249743931044746,-1.97080279096085,0,1,1,1,0
5,0,-1.76478544017031,-0.171359960055555,-2.6516296552928,0,0,0,1,0
1,0,-0.571550152043688,-0.363924797593598,0.39090128169622,0,0,0,0,0
5,2,-0.469782135439457,0.647780617236764,-1.64162975196549,0,1,0,0,1
0,0,-0.844121818591939,0.391394071723903,0.466099046371741,0,0,0,0,0
9,2,2.98061612745663,-0.00024851175517493,0.325354505880386,1,0,1,0,0
1,0,0.0858893151466866,1.22675839469162,0.40867630956994,0,1,1,1,0
0,1,0.926870181216141,-0.21365570842851,0.181550709720348,1,1,1,0,0
0,2,-0.388974932988685,0.293616705380965,0.90424394639671,0,1,1,0,0
10,0,0.0193338235732786,0.0281473382497071,-0.612038651779786,0,1,0,0,0
7,3,-0.997836206788539,0.276531024554851,-1.21988753532328,0,1,0,0,0
4,2,-0.436323815618639,-0.0926576554560714,0.112281494304083,1,1,1,1,0
1,0,1.13979104865105,-2.87017693895398,0.699341977337356,1,1,0,1,0
1,4,1.19414366521632,0.129680534772644,-0.851955262596216,0,0,1,0,0
7,5,-0.543035278709999,-0.281198418800201,-2.17405240309093,0,0,1,1,0
0,2,-1.10616988877966,-1.01990719177951,1.10130452878778,0,0,0,1,1
1,0,-0.942470458007126,-1.07846251014901,-0.880408906152606,0,0,0,0,1
0,1,-0.367091852327737,-0.120914893279956,1.2291318754371,1,1,0,0,0
0,0,0.442451591324041,0.0755578290881864,-0.0750062176351317,1,0,0,0,0
1,6,-0.551576087601837,1.6661665386967,0.815515003524299,0,0,0,0,0
2,1,-0.270393729634661,1.62475183657897,0.16373231472831,0,0,0,0,1
0,0,-0.382623970871645,-0.281522718037812,-2.03305843795137,1,1,0,0,0
0,0,2.13163912160727,0.431722973348222,0.154103618632598,0,1,0,0,1
2,1,-0.373525444549933,0.553876944638921,0.599389932457779,0,1,1,0,0
0,2,0.684838240374592,1.3549288967073,0.98584769376764,1,1,1,1,0
1,1,-1.92190441778914,-3.51618057472987,0.780825336484823,1,0,1,0,0
0,0,1.47075323718577,-0.801669143166464,-0.802708002728303,0,1,1,1,1
0,1,-0.847239719447519,-0.714830898096294,-0.189052852453521,1,0,1,0,0
0,0,1.23044039971738,0.292585812093585,0.328274759845305,1,0,1,0,0
2,2,1.15251977417511,-0.773464878310833,2.04290862124009,1,0,0,1,0
2,0,-0.977797001633907,-0.842519157735375,-2.14602997569611,1,1,0,1,1
1,0,-0.731157413975665,-0.0592279328241946,-1.95493035424935,0,1,0,0,0
2,2,-0.753886849911404,-1.13981535043825,-0.112259384401599,0,1,0,0,0
2,4,0.314368330934837,-0.455054549511118,-0.84407340490244,0,1,0,0,0
3,13,-2.00805172174677,1.85318660876444,0.0485093857032471,0,1,0,1,0
0,0,0.343833029915955,0.0386799574160547,-1.24729460144193,1,1,1,0,1
1,2,0.576909175629168,-1.19518890908623,0.731636751534797,1,0,1,0,0
0,3,0.706693144522228,-0.419186784113107,0.461626735567114,1,1,0,0,0
1,2,0.421894160755076,0.272681264972992,-0.410790740737838,0,1,1,0,0
4,6,0.240585238040777,0.736802420454892,0.51741311529474,1,0,1,1,0
3,6,-0.553552092913398,1.2185773134075,0.440257600038873,0,0,0,0,0
0,2,0.383365463244137,0.0196611105588217,0.642823644118321,0,1,0,0,0
6,1,2.27982309002524,-0.0426153443114588,0.810744908912739,1,1,1,0,0
2,5,0.321992222973904,-0.817190682638591,0.332108339971539,0,0,0,1,0
11,5,1.18916490511103,1.13458145999645,0.35176588512936,0,0,1,0,1
3,1,-0.107075226125305,-0.999483401405076,0.345247049430026,1,0,1,0,1
5,2,-0.448479477160383,0.725668236583508,0.641555200969371,0,0,1,0,0
1,0,0.338261741230497,-0.953160045616221,0.128817745290468,0,0,0,0,0
2,0,-2.2744429810178,0.381982001089813,-0.17262910362203,0,1,1,0,0
3,0,0.305934982333971,-0.271216131139972,0.578641946067187,1,0,1,1,1
1,2,-1.66786584961654,0.739926293504896,-0.896847376861467,1,1,1,1,0
5,1,-0.3297493708331,-0.622370295461906,-0.222760894533062,1,1,1,0,0
0,7,-1.24624312462683,-0.039222184451867,-1.61389681342297,1,1,0,1,0
1,1,0.469062339222159,-0.164790555875798,-0.635372242896047,1,0,0,1,0
3,2,-1.17430673749126,-0.690565770814615,-0.989625600624163,0,0,1,0,0
0,5,-0.53661808566843,-0.524948614525028,-0.17275532457884,0,0,0,0,0
2,1,-0.195482809165197,-1.11375673750592,1.78421920355235,0,1,0,1,0
0,5,-0.189220737885375,0.321957706908246,0.847430533953288,1,0,1,1,0
7,1,-0.541476715788203,-0.763640926978544,-0.104940510426599,1,1,1,1,1
3,2,0.488485684378899,-1.31340276520992,0.213028856210804,1,1,1,0,1
0,3,-0.00857407204901646,-1.90930249683824,1.48634113910245,0,0,0,0,0
8,1,-2.24384808727172,-0.387799716908583,-1.77415579347779,1,1,0,0,1
0,0,-2.03115597364905,-0.224134988865644,-0.62816598733274,0,0,1,1,0
0,1,-1.2423217258939,-0.078103640397634,-0.191638123366281,1,0,0,1,0
4,1,2.03038264163906,0.571865961790724,0.608344317622278,0,0,1,0,1
5,3,-2.47302015303662,1.10608197613823,1.70577875235687,1,1,1,1,0
7,0,-0.400543161232418,-0.645985028200079,-0.460665368354756,1,0,1,0,1
1,0,-1.15226264296405,-0.223451148633071,0.0822509052510768,0,0,1,0,1
3,1,-1.49546732897896,-0.813520176734236,1.70912852999381,0,0,0,0,1
5,0,-1.73143026856379,1.32436277754913,0.131148403882445,0,1,1,1,0
1,0,-0.265560973611225,1.63399896947316,-1.59254609450986,1,0,0,0,0
1,4,1.33640131835391,0.278627869552444,0.929492566312004,1,1,1,1,0
0,3,-0.660877136224759,-0.322338480076704,-0.659499265805965,0,1,1,0,0
1,3,1.02422497817785,1.27161963160559,0.635933565187583,1,1,1,0,0
1,4,-0.147963269464196,-0.548978877917228,-0.0527106863564331,1,1,1,0,1
1,0,1.01363830144857,-1.73656547435618,0.312728825646179,0,1,1,0,0
0,0,0.668380439306203,2.32807929579096,1.29478789043544,0,1,0,0,0
5,1,0.611058721680602,0.850807459824234,0.842107403466703,0,0,0,0,1
6,1,-0.768620334702573,-0.0562244283662061,-0.126466515909917,1,0,0,1,1
2,1,-0.662180293985486,1.18550511290551,1.53365636197823,1,1,1,1,1
2,0,0.739999404625017,-1.14829088644431,0.591267451263935,1,1,0,0,0
3,0,-0.929510162387902,-1.82176979538517,-1.53655736496046,1,0,1,0,0
1,6,-0.184402147822195,1.60711352457918,0.307555704584066,0,1,0,0,0
0,0,0.295984346131289,-0.0443205368750538,1.07796303198346,1,0,0,1,0
1,1,-1.10116940469385,-0.936487147920612,-0.374364960976444,0,1,0,0,1
1,1,0.127662882849479,-0.543559422645221,-1.03186496662324,1,1,1,0,0
3,0,-0.0389645523986003,-0.214246808200389,0.40002687794101,0,1,0,0,0
2,2,-0.19968617654768,0.219137365949665,1.2910729799271,0,0,0,0,0
1,0,-0.497954577362837,-2.63601459502445,0.82331725357516,1,0,1,0,0
2,3,1.14141222547012,1.18304276929628,-0.692790937571159,0,1,0,1,0
1,0,-0.0491459005029044,-1.12659770133403,-0.754499710254966,1,0,1,0,1
3,0,-0.8766603833891,-0.574972979206171,0.151754832399658,0,1,1,1,1
2,4,0.510265075280919,-1.30857732373805,-0.551215077195065,0,0,1,0,0
15,0,2.08907266933313,-1.01726152318724,-0.631715349930365,0,1,1,0,0
1,2,-0.22389525543491,1.36796551904011,-0.35524862962221,1,1,1,0,0
3,2,-0.185519386381709,-0.128034162526824,0.0679478891519931,0,0,0,0,0
14,0,0.71978267382612,0.575808311961211,1.0291249059633,1,0,1,1,0
1,0,-0.134689988344133,-0.156753279349687,0.185958972300224,0,1,1,0,0
1,0,2.28563517183375,-1.00347814593579,-0.456851714020371,0,0,0,0,0
4,2,0.850017578607343,-1.07661298602941,-0.944488034864502,1,0,1,0,1
3,0,0.185613077552708,-0.520158831405487,-1.86552447803474,1,0,1,0,0
2,1,0.690538361329728,0.308370208421767,-1.62586469003979,0,1,0,0,0
4,0,0.881242495856734,0.900677974099252,0.634081021959976,0,1,1,0,0
0,2,-1.5503971813493,-0.401131967588897,-0.271585258585916,0,1,0,1,0
2,6,-1.39419036429311,1.94326974184304,1.62158571297952,0,1,1,1,0
0,0,-0.829145575736912,-0.196407136846511,1.3428166551544,0,1,0,1,0
1,3,0.0522297478230775,0.0730716212444851,0.962719029126941,0,1,0,0,0
1,2,-0.669603203667488,1.80436151805303,0.989229573046989,1,1,0,0,0
0,9,-1.57949530329098,0.654049317992718,0.463571545423102,0,1,0,0,0
3,2,0.962870980869315,1.99923841572002,-0.358224549418924,1,1,0,1,0
1,4,0.707966298599518,-0.0214958614285242,0.222601179109597,0,1,0,0,0
5,6,-0.7651133000583,-1.30207878751874,1.4928753384666,1,1,1,1,1
0,0,-0.781574399974781,-1.14341293955518,0.162344865694525,1,0,1,0,0
0,0,-0.769249434799962,-1.65500517006257,-0.504538919544715,0,1,1,0,0
2,5,0.355408891100632,1.30172683898459,-1.00394847112039,0,1,1,0,0
4,1,-0.405321630099697,-0.903345866003718,0.646992817689789,1,0,1,0,1
3,3,-2.02185379132369,-0.775752420257865,0.775752715822555,0,1,1,0,0
13,4,0.647583178354903,-1.56598580756874,-0.817085920041774,1,1,1,0,1
4,0,-0.733632066510514,0.440567230382624,-0.071796773741168,1,0,1,0,1
2,3,0.243485002479446,0.677678540071452,-0.072245374017247,1,1,0,0,1
0,2,0.235602893361693,-0.111501187493409,1.20296303547719,0,1,1,0,1
0,2,-1.24310187656052,0.00225645962919931,1.13112833682413,1,1,0,0,0
10,1,1.97780494746179,-1.44640114285225,-0.0225678064047328,1,1,0,1,0
0,1,-0.168958086401775,-2.23400308599194,-2.74300604001801,0,1,0,0,1
5,1,0.248001533209527,-0.697475157818817,-0.464540484749917,1,0,0,0,0
0,0,-2.27621384438904,0.12362560550318,-0.672273738114727,1,1,1,0,0
2,1,0.322282756313972,0.8610852315168,0.341808156116271,1,0,1,0,0
0,1,-0.00195210245745967,1.12402383512105,-3.68196363925942,0,1,1,0,1
1,0,1.10820175671651,-0.177426913737229,0.428681722845019,0,1,1,0,0
9,0,0.270655993371593,-0.824109494710175,-0.449576530383841,1,0,1,1,0
3,8,0.297143515545487,0.948935556938448,0.787172639672012,0,1,1,1,0
2,0,0.0613083129800316,-1.87589826468563,-1.40948288191684,0,1,1,0,0
4,4,1.11013540663912,-1.89393147016702,-0.949143718376115,1,1,0,0,0
2,4,0.805235399682432,0.194534106599643,-0.496513426663617,0,1,0,0,0
3,1,-0.760289433318238,0.171695731339522,-0.795268484175568,1,1,1,1,0
4,3,2.23041252169325,1.45888876319744,0.810341471130631,1,0,0,0,0
5,1,0.840192435433379,0.983016472988388,-1.59562473304443,0,0,1,0,0
6,3,0.456449551227533,-0.160553508282384,-0.663562877364524,0,0,1,1,0
4,2,-0.546268835161229,0.436420843048716,-1.77135145827291,1,1,1,0,1
1,0,-0.881433963163245,0.187752946256264,-0.109501755677681,0,1,1,1,0
3,4,0.374580542585659,2.21901436858045,-0.520985534130975,0,0,0,1,0
3,0,-1.01780684977369,-0.88960043356581,0.563347846373101,0,1,1,0,0
1,0,-0.57309849292045,-2.57253370316982,-1.30649281069979,1,1,0,0,0
3,2,-0.0913308815596407,-1.36156427059423,3.14550701806529,1,1,0,1,0
1,0,1.05705012840617,0.919416313951195,0.869276083911767,1,1,1,1,0
4,2,-0.638167927366765,-0.177765779470093,1.01145764372376,1,1,0,1,0
1,0,0.46064855596091,-0.463079073781275,-1.22712207100966,1,1,0,0,0
2,1,1.39027882518969,-1.41912006502695,-0.231140799372148,0,1,1,0,1
2,1,0.67677719392558,-0.262078804666425,0.479803471933983,0,0,0,0,0
2,1,0.951099841796944,-2.11953743925433,2.22326356401827,1,1,0,1,0
1,5,1.59339239833973,-0.107672627683362,0.69791291636522,1,1,1,1,0
1,3,-1.4778914148366,-0.882630195309322,-0.078156375840671,1,1,1,0,0
0,1,-0.87315442894542,-0.367670750420315,3.20459024265017,1,1,1,1,0
1,2,-1.38379921833655,-0.75066523422193,0.296390721309767,1,1,0,0,0
2,3,0.755850458382657,0.397004049360198,0.522364940862447,1,1,1,0,1
4,4,0.786892124964149,0.321281770621134,-0.0257115856791978,1,1,0,0,0
2,5,-2.10586680829453,1.60018914880053,-0.809798877636485,0,0,1,1,0
1,4,-1.00564781309547,0.0075190736079039,-1.87738459371212,1,1,0,0,0
0,2,-0.455744902438061,0.447105350962532,0.645358878804752,0,1,0,1,0
0,3,-0.4764619452226,-0.832337053020327,-0.236549159125678,0,0,1,1,0
0,0,1.75619688084048,-0.416947994338525,-0.445610511932756,1,1,0,0,0
2,0,-0.306875941713003,-1.08200778488515,-0.875612745655778,1,0,0,0,0
3,6,0.423397703131574,0.0296134646820077,0.638924487457614,0,1,1,0,1
1,4,-0.896537798881642,-0.679919746338026,0.76130408045785,1,1,0,1,0
2,0,0.741638115088922,-0.439722587602592,0.651394676238567,1,0,1,1,1
4,1,-1.87418607643865,-0.521519199316091,-0.2591773461741,1,1,0,1,0
0,1,-1.77851580664418,1.54871517738212,0.599724000344837,0,1,1,0,1
1,3,0.581121507618542,-1.87727533403652,-0.366031624195655,0,1,0,0,1
2,3,0.567819239374808,-1.12136632629828,-0.26491624262353,0,0,1,0,0
0,1,0.207707498673315,-0.278588071282962,-0.340304306791801,1,1,0,0,0
1,1,-0.586198131596738,0.607353693648402,0.746820375725802,0,1,0,1,0
1,1,0.360614404312678,-0.048075880388824,-0.752171943969039,0,1,1,0,0
0,1,0.997771979429177,0.543230423444629,0.205419575775068,0,0,0,0,0
0,3,0.716373649316276,0.510707316744131,-0.183943402052085,0,1,1,1,0
0,0,0.82879212455254,-0.190585670728788,0.381553105179484,0,0,0,0,1
0,1,-1.2395046909685,0.594479449823834,-2.02898070677443,0,1,1,0,0
0,1,0.322822225491939,-0.141944485610307,0.264258859732102,0,0,0,0,0
1,7,-0.062367935888458,0.560575800222345,-0.219564104873072,0,1,0,1,1
0,1,0.856287877458298,-1.64485874825886,0.797269867144045,0,0,1,1,0
4,1,-0.327653415128635,-1.23218270195946,-0.181378671899364,1,1,1,1,0
3,0,-1.06594878032653,-1.69363545032195,-1.31196767379285,1,1,1,0,1
6,0,0.997422008945845,-0.783414666290405,1.86508376215306,1,0,1,1,1
0,0,-1.09095188640248,-1.64245338882601,-0.623979096774937,1,1,0,0,0
2,3,-0.0948448133168679,0.816301391814471,1.038945773616,0,1,0,0,0
0,1,0.407442156339043,0.196168651307013,-0.0915147819271128,1,1,1,0,0
3,5,0.716978608843059,-0.112325862617165,-1.54680938662029,1,0,0,0,0
1,0,-0.453892998929697,-0.071116991652284,-0.327943352210192,1,0,0,0,0
5,1,-0.337742475611119,-0.899153982574698,-1.23744789091311,1,1,0,1,0
1,0,0.57816418774939,0.738256232156223,-0.344572926637698,1,1,1,1,0
2,8,0.807103936626155,1.42255741796216,-0.507138580376051,0,0,0,1,0
1,4,0.363095255331277,0.655894864619455,-0.716804319282042,1,1,0,0,0
0,0,0.586000097003297,-1.71550207000355,0.331988805365416,0,1,1,1,1
3,6,0.30982525929074,1.40956418552377,-0.197434261424907,1,1,0,1,1
4,0,-0.778830691609405,0.155933151816538,-0.357736899395982,1,1,1,0,0
1,2,1.05719624109008,0.0261249976518887,0.963705484087373,1,1,0,0,0
4,0,-0.258788892260104,-1.83218815540638,-1.27142559351785,0,0,1,1,0
1,7,0.140043810330325,2.30071355821745,0.386283786042152,0,1,1,1,0
1,1,-0.832888367743977,0.520249825934499,2.16543340794682,0,1,0,0,0
1,0,-0.818070285496961,2.06732495075944,0.177708670838096,1,0,1,1,0
6,4,1.51452992374202,0.588266624667259,-0.930425091894771,1,1,1,0,0
1,0,0.228983522664091,-0.00611159214903557,0.459105335634849,0,1,0,0,1
0,2,-1.09266858123924,1.72394501632727,-1.06444138471765,0,0,0,0,0
0,4,-0.329586282231032,-0.655638865756695,-1.2609421810666,0,1,1,1,0
2,1,-0.387583371737034,1.26636146789052,0.262457751569404,1,1,0,0,0
2,0,-1.7828370707919,-0.530766504587366,1.37650658351536,1,1,0,0,1
0,0,-1.16048782227898,-0.431365268644146,0.150133607752041,0,0,1,1,1
3,1,1.1095410901354,1.55720426140756,1.07014424819579,1,1,0,0,0
3,0,3.17653733676319,-1.49025511332388,0.644423669473678,0,1,1,0,0
2,1,-1.54020726844723,0.899138416963404,-0.988281830328787,1,1,0,1,0
7,0,-0.38731427529545,1.00802849689426,0.418532925963814,1,1,0,1,0
2,3,-0.786833877108989,-0.427072089674399,1.39659876555374,0,1,1,0,1
4,4,-0.476466466905884,-1.42274901195336,0.166516434405103,0,0,0,0,1
1,4,-1.26062165715478,0.300465243213349,0.1547141158373,1,1,0,1,0
0,1,-1.10096057900044,0.0925545057683756,0.697983336796945,0,1,1,0,1
5,1,0.424374183811765,0.94317082249138,1.55222330187107,0,0,1,1,1
1,3,-0.855183559637586,0.828210933419635,2.47276883225542,0,0,0,1,0
2,0,0.386266570343543,-1.50405547963239,1.07950418818735,1,0,0,0,1
6,1,0.126582077274418,0.280728121944749,-1.72502660603049,1,0,1,0,1
0,3,-0.526653008583106,2.19467246747995,-1.11579802134699,1,1,1,1,0
0,1,-0.126824277694439,1.06953693372831,0.20365814058746,0,0,1,0,0
2,1,0.15983819014935,-0.5327152549744,0.191891845189425,0,0,1,0,0
0,1,0.166476914314399,-0.653516172234421,0.177301678685425,1,1,0,0,1
0,1,-1.01290758682762,0.83352110867485,0.889278201114331,1,1,1,0,0
1,1,0.163589308492328,-0.198220852403967,0.418045029385387,1,1,1,0,0
0,0,1.0928461643576,1.33960150619396,-0.283322722124694,1,1,1,0,0
0,0,-0.405234129673846,-0.242836046181894,-0.485474055681603,0,1,0,0,0
1,1,0.170327341033885,0.0611490117285934,-1.76084346543617,1,0,1,0,0
1,0,0.664142733225763,0.556170534157881,-0.0720161627902358,1,1,1,1,0
2,0,0.467903823177585,-0.626028482743627,0.0563190290066235,1,1,1,0,0
2,1,-0.0970420400225932,1.87048519461055,0.22363644651183,0,1,1,0,0
1,2,0.251570838353489,-1.10280208283716,-0.495785700125581,0,1,0,0,0
0,2,0.354116426068486,-0.543397313907711,1.39214683770234,1,1,0,0,0
1,1,0.496353341221157,0.302251519365648,0.0909780561422316,1,1,0,0,0
1,1,1.34254669007318,-0.896202851391917,-1.86529507365254,0,1,1,1,1
1,2,-0.305850790789016,1.06266458317187,0.391495959506374,0,1,1,0,1
0,3,-0.785004111000567,-0.262451789714207,-2.15515320145781,0,1,1,0,0
2,0,0.503235132259299,0.817546158448717,-0.14236832474112,0,0,1,1,1
2,14,0.305598249694584,1.43693959419289,2.12908650580759,0,0,1,1,0
2,2,1.44433010334386,1.62370625260641,0.243253237350926,1,1,0,1,1
0,0,-0.818651170549297,-1.58026479108606,0.549359694997529,0,1,1,0,0
1,0,-1.0379942687179,0.164167588162187,-1.16386125129039,1,0,0,0,1
5,0,0.52882166250911,0.155484496364349,-1.31236775037964,1,1,1,0,0
1,0,-0.0206663431978346,1.07457035874132,0.270936977999759,0,0,1,0,0
2,0,0.121796373386979,0.0465399805369914,0.00935134293483704,1,1,0,1,0
0,0,-1.83471121648967,-0.0333448454720214,-0.0641485066220426,1,1,1,1,0
0,0,0.0859132156253718,-0.264433789008057,-0.686605142790355,0,1,0,0,0
6,3,-2.10333621097717,-1.05136937589092,-0.459451106135762,1,1,0,0,0
1,4,0.839122934123963,0.502393319548291,-0.842468037431862,1,0,1,0,0
1,1,-1.86644103318142,-1.52591021917783,-0.153260991099953,1,1,0,1,0
4,1,-0.4456527170355,-1.10715803371708,0.237298894477288,1,0,1,0,0
4,0,1.2244498360177,-0.257591874537173,-1.29416245220162,1,1,0,0,0
0,1,-0.153952857682571,-1.06347028605716,0.421071396276151,1,1,1,1,0
1,3,-0.756365283033434,1.47918550633854,0.408701783420352,1,1,0,0,0
1,1,1.4883257289369,-0.328275168686307,1.91202644842029,1,1,1,1,0
0,3,-0.0264406618983686,0.0355077771858329,-0.0187414066002854,0,1,1,0,0
1,2,-0.828543784313304,-0.944657220793079,1.35226790307026,0,0,0,0,0
2,3,-0.852866181673689,0.397494533357049,0.44316327503132,1,1,1,1,0
0,1,0.391014292881057,2.29256391672911,0.0785145924136306,1,1,1,0,0
1,2,1.64752960135459,-0.725208733664582,-1.38435842194862,0,1,0,0,0
1,11,-0.475973642395574,0.702968711368568,-0.393625066545765,0,0,1,1,0
2,1,-0.0709035065549119,-1.10419764655708,0.106969062206774,0,1,1,0,0
0,1,-1.24023468793937,-0.0149090976267626,1.11747278350883,0,0,1,1,0
0,1,1.00828927978366,0.998823680925865,0.635847548148447,0,0,1,1,0
0,0,1.37636461601182,1.89646775197218,2.11433098350976,1,1,1,1,0
2,1,0.824440828283598,-1.43589635162296,0.056802330269074,0,1,1,1,1
8,0,0.707719037305207,1.29986877642431,-0.557311922359698,1,1,0,1,1
3,0,0.974858654153323,1.27149034566447,2.09712944319609,0,1,1,0,0
3,4,0.715918501778691,-0.0133822705338728,1.89744374170877,0,1,1,0,0
2,0,0.0470295989911467,-0.349724014257871,0.381228222073048,1,0,0,1,0
2,1,0.201797180052003,0.0130524775714915,2.34766832056123,0,0,0,0,0
3,3,-0.74729782468837,-0.422856753716913,-0.057833298086312,0,1,1,1,0
0,4,0.0128273124886403,-0.306537376683767,0.318413472885152,0,1,1,1,0
3,3,-1.2114655472874,0.325762960093451,-0.62976119034179,1,1,1,1,1
0,2,0.682440444540232,-0.398848625977002,0.645123294666617,0,0,1,1,0
5,3,-0.455599243042551,0.528885253390684,0.347022175216774,0,1,0,0,0
0,0,0.557032162475723,0.247413463782026,0.00856248073009132,1,0,1,1,0
2,0,-0.209339678082404,-1.15896133265113,-0.199088813288675,0,0,0,0,1
0,2,0.206219679483161,2.07701269545815,-0.194917803150114,1,1,1,1,0
0,0,-0.923976975654376,0.121619216691203,-0.934566994454561,1,0,1,0,0
0,1,1.21583640775902,-0.421313071088443,-0.538959797195471,0,1,1,0,1
2,2,1.23753491741317,-0.675613366355744,-0.589804976203018,1,0,0,1,0
0,0,0.857549341087417,-0.270869057142173,-0.45044641186632,0,0,0,1,1
0,4,0.622502004197632,1.76809879124576,0.433401564228236,0,1,0,1,0
3,1,-1.40346629606651,0.805060077687729,0.410813103782288,1,1,0,0,1
4,2,0.409889680819555,1.12132766123499,0.804101659581825,1,0,1,1,0
0,0,1.10272218721717,0.724933423992303,-0.441698055765446,1,0,1,0,0
1,5,-1.527993667024,-1.8042985887097,0.729847306692362,1,0,0,1,1
11,1,0.682217477266277,0.107753530248475,-0.620406155962587,1,0,0,1,0
0,0,-1.09795145729411,-0.996756016995242,-0.632753784376696,0,0,0,0,0
6,2,0.0607123271303717,0.983647987521301,0.291972154214261,0,1,1,1,0
1,4,-1.26170864496382,-0.40639177172493,0.545008658450233,1,1,0,1,0
1,3,0.429573816181588,-0.619345290105278,0.520460894131794,0,1,1,0,0
2,3,0.409380537073893,-0.474398881340223,1.36250950287646,0,1,1,0,1
4,4,-1.84573587775688,1.42171267254706,-0.786712849893585,1,1,1,1,1
0,2,-0.633516899049797,0.00535008501235149,-1.66879970981964,1,1,1,1,0
0,0,-1.03643547997618,-3.96066316871853,1.27971071097244,0,1,1,0,0
1,0,-1.02079557941713,-1.04417797382137,-1.23770605813598,1,1,0,0,1
0,0,1.63711167425099,-0.742160876800518,-0.29022252386469,0,1,1,1,0
0,4,0.49855546192202,0.789049837069825,0.411609002709477,0,1,1,1,1
11,0,0.893371486824211,0.125042877294089,-0.816985871787255,0,0,1,1,1
0,0,-0.207319950782431,1.96779731105213,0.19567245502696,0,1,1,0,1
9,3,-0.495321204943719,-0.632302087109262,-0.461658495767426,1,1,1,1,1
0,0,-1.105500208652,-1.43561240386614,0.350100812642146,0,1,0,0,0
0,2,-0.360499924918036,1.32746107430513,0.344016257923327,0,1,0,0,0
3,0,-0.220003239951783,-0.0597344218700362,-0.992811891190257,1,1,1,1,0
1,0,0.944640215911135,-2.4010316702172,-0.763213798042966,1,1,1,0,0
3,0,-0.12120668018926,-2.23243550012267,0.922605422266131,0,0,1,0,1
1,5,-0.125210371028907,1.03555932425936,0.57801991438647,1,1,0,0,0
1,2,0.273517010830006,-0.640401481162573,0.294436247944725,1,0,0,0,0
2,2,0.356774432010666,-0.903225517699154,1.263453444115,0,0,0,1,0
0,0,-0.134086903686438,-0.946661228317308,0.640638771190788,0,1,1,1,0
1,0,-1.58714292446463,0.6322746909442,-1.20214562406007,0,1,1,0,0
3,0,-0.223416507432645,-0.971410495878652,-0.237437253125002,1,1,0,0,0
11,2,-0.953085432089713,1.45945859730121,-0.217341635737227,1,0,1,0,0
2,0,-0.576702612030512,-1.50032265232258,0.471476203753429,1,0,1,1,0
2,6,-0.233293909587834,0.540462742093456,1.42948264742805,1,1,0,0,0
0,0,-1.09428535387566,1.11554293888584,-0.371448956984752,1,1,0,1,0
10,0,2.00603015618713,-0.543628004440501,-1.21961486977531,0,1,1,1,0
1,0,0.856872061718785,-1.45003689032,0.433384398121936,0,1,0,0,0
4,1,1.37539235518573,-0.878903047256979,-0.314730642431526,1,1,1,0,1
1,1,-0.344682382863343,-0.711805144464303,-0.622508485147975,1,0,1,0,1
8,1,-0.766628056087291,0.81930539897438,2.10044317790965,1,1,1,1,0
1,4,1.32792484380269,0.25165312562264,1.34741188218885,0,1,1,1,0
2,2,-0.174000125232244,-0.352591616866622,0.590705967749836,1,1,1,1,0
7,0,0.774341277230122,0.565272046429752,0.594736605558732,1,1,0,0,1
7,0,-0.132640220972756,-1.70658963927579,-1.50968217906614,0,1,1,0,1
6,2,-1.53001334540173,0.524259485896406,-0.739348920051626,1,1,0,1,0
2,2,0.734573618462214,-0.714119416841349,-0.535785963828449,1,1,1,1,0
2,0,0.176572186536614,-0.946044739348625,0.295489634723792,1,0,1,0,0
0,0,1.72986467776606,-0.790382148297851,-0.646980922913652,1,0,0,0,0
0,0,-0.250059526270502,-0.767001882215505,0.406266198240668,0,0,0,0,1
0,0,-0.281479561771202,-0.00496636977598764,-0.596852047559399,1,1,0,0,0
0,1,-1.03632081236074,-0.161012032926359,1.33301118572959,0,1,0,1,0
3,1,0.312777191932959,-0.470769364096557,-1.8641312779401,1,1,1,0,0
8,7,0.108268208179658,1.42894836357085,0.0814894466814315,1,0,1,0,0
0,2,0.292799583552024,0.293482530822656,-1.64547502556581,0,1,1,1,0
7,0,-1.59247051293256,-0.156354488640335,0.441831959372436,1,1,0,1,0
1,0,0.725678387393515,-0.203916465406614,0.570857609807766,1,1,0,0,1
1,1,0.968323331792564,-1.71493217252802,1.64371080473342,0,1,0,0,0
1,0,2.11426513214209,-1.0125750155792,1.38949530699155,1,0,0,1,0
2,1,0.732485479658333,-0.189573409996212,-0.884013328371434,1,0,1,1,0
1,4,-0.899727036649381,-1.78490216697662,-0.419190676442522,0,1,0,1,0
15,0,3.33170076411804,-0.0834577838857397,-0.603731043177272,0,0,1,1,1
2,4,1.53000240549558,1.58591582631252,-0.492235757068743,0,1,1,0,0
2,0,0.185226634047868,-0.792543615030574,0.566771821447829,0,0,0,0,1
2,6,-0.586868164647908,-0.695216652809934,1.27674200956949,1,0,1,1,0
3,3,0.616563231636848,1.06511500475079,0.968570181231662,0,0,1,0,0
1,0,-0.521398098748061,0.0661318616859051,1.01223391708733,0,1,1,1,1
1,5,1.36189151993319,-0.218657769131132,1.39769993952492,0,1,1,1,1
0,1,-0.548287312891444,-0.267805986189095,1.0240121642599,0,1,0,0,0
3,1,-0.352964891612481,-0.983122270873866,0.719500392914398,0,1,1,1,0
0,4,0.294716848141455,0.138159547525442,0.532837007463735,1,1,1,1,0
2,1,-0.617100886453651,0.0384060258829709,-0.080742537559706,1,0,0,0,0
0,0,-0.214077608767752,-0.165121738143486,-1.24027587099965,1,1,1,1,1
1,7,-1.2990938140609,-0.587774144008626,2.45617400785847,0,1,0,0,0
1,3,-0.982291705872352,-0.795252907337586,0.684365198008279,1,0,0,1,1
2,3,0.837055641910527,0.191901446465852,-0.0248957646219365,1,0,0,0,0
1,1,-0.135964749435695,-0.702825058793361,1.04809148865401,0,0,0,0,1
0,0,0.212782428626869,-1.42941788802035,1.74126407112804,1,0,1,1,0
2,7,-0.983493444303028,0.129927717042102,1.0743539841268,1,1,1,1,0
1,0,-1.29242992633377,0.0952820619024733,-0.713799646993518,0,0,1,0,0
3,2,-0.823720331792397,1.73028149380993,-0.264201642125725,0,0,0,1,1
5,2,1.06494204053636,-0.316885284155133,1.45351487676126,1,1,1,1,0
2,0,0.41664291752793,0.344604063059726,-0.636526025277269,1,0,1,0,0
0,0,0.515951319602298,0.229794605469237,0.138087033751786,0,0,0,0,1
1,1,0.984563612068061,0.397086503032861,-0.586520147539805,0,1,1,1,0
0,1,0.521042082379982,0.60150012223077,0.0114232653688676,0,1,0,0,0
0,1,-0.1683879711686,-0.278195952572274,1.18878860093321,0,0,1,0,0
2,0,-1.27647232263526,-1.23922824908205,0.263167401766421,1,0,1,0,1
2,1,-1.55920771523922,0.485595790686964,-1.04364462760859,0,0,1,0,0
5,1,-0.522720780960494,0.966380519188717,0.693112182367906,1,1,0,1,1
1,2,0.117044923577632,0.983571747853052,-0.801270755511902,0,1,1,1,1
2,1,0.885875443126745,-0.909169765578189,-1.66331852431767,1,1,0,1,0
18,0,0.704078084398563,1.86319095881701,0.264714971864471,0,0,1,1,1
3,1,0.0157288456604491,-0.0746888479135173,-0.150091323711063,1,1,1,0,0
3,4,0.460798078302649,0.0936449512017721,0.234831916140549,0,1,1,1,1
3,1,0.255628190538508,-0.748218935274473,-0.29579095859112,1,1,0,1,0
5,2,-0.754399342325355,2.86735189892292,-0.537853170028783,1,0,1,0,1
5,1,1.49559765654637,0.220432755354672,1.84715507549628,0,0,1,0,0
0,0,0.813388917833999,-0.890264785176129,0.191081249555787,1,1,1,0,0
0,1,1.52380228473772,-0.335648804107813,0.459812958174776,0,1,0,0,0
3,1,-1.2741122761791,-0.775256352857635,1.02717594227587,1,1,1,0,0
2,0,0.368565528194841,-0.407906681278623,-0.84052709198749,1,1,1,1,0
2,6,-1.29380682930427,0.421616820291202,0.828184699390772,0,1,0,1,1
1,2,-0.946528558538686,0.620415031272794,-0.632291376008437,0,1,1,0,0
3,1,-0.0834471195995528,0.402502206505965,-0.0704895732162353,0,0,0,0,0
2,0,-0.534817791011561,-0.158685128875095,-0.351273397167951,1,1,1,0,1
0,1,-0.283416340579654,0.455197241676918,0.756903210098232,1,0,1,0,0
1,1,-0.132034349106023,0.66677454792373,-0.33377293234486,0,0,0,1,1
1,1,-0.819060505069988,0.115508545191983,-0.394413342742972,1,0,1,1,0
5,0,0.267922788034262,-1.60427728974105,-0.400514658494759,1,1,1,0,0
0,0,-0.244001959977439,-0.615537465868706,-0.803162572809545,0,0,1,1,1
9,1,0.912306853052781,0.563367131287718,-0.381263894528866,1,0,1,1,1
0,1,-1.87360141823886,0.43207430588414,-0.609557527451056,0,0,1,0,0
3,2,0.731781366370285,1.55044266809862,0.0640247876943182,1,0,0,0,0
0,0,-2.2251549712001,0.23553903849945,-1.35921309960346,0,0,1,1,0
0,2,0.223966305650167,-1.28903174644829,0.429214754236723,1,0,1,0,0
1,1,-0.69578518580021,0.622837587703403,-0.324265624112476,1,1,0,0,0
1,0,-0.602440273340389,0.896649315488459,1.9732405315747,1,1,1,0,1
4,1,0.456045510251406,0.127801056144655,-0.404905774824594,1,1,0,1,0
1,0,0.197144764415149,-1.12743399563901,1.14149903810432,1,0,0,0,1
1,2,-1.13046057646391,0.975010539206504,0.646427971710989,0,0,1,0,0
3,1,-0.160751185532666,-1.24351266830738,-0.545995358102662,1,1,1,1,0
4,5,1.06196017978149,-0.411272225016831,0.191198602019235,0,0,0,0,0
1,0,-0.477397089468925,-0.0257188479110594,-0.820776391132871,1,0,1,1,1
7,2,0.125185004595382,0.331513555895805,-0.571603613666851,0,0,1,1,0
6,1,0.528313380855639,0.559406023290621,-1.85561372179523,1,1,1,0,0
4,0,1.95143156163237,0.259828854779361,-0.93519998372957,1,0,1,1,0
2,1,-1.31658531460201,-0.383136954847484,-0.638811595158288,1,1,1,0,1
3,0,0.186951038137866,-1.24927873641092,-0.327979626548176,0,0,0,0,1
0,0,2.57269185271204,-0.679733197654114,0.599485889207939,0,1,0,0,0
1,3,-0.733702515632313,-1.1915890370691,-0.0477434523764688,0,0,0,0,0
1,0,-0.253791035132269,0.937592895918987,-1.04493585017268,1,0,0,0,0
2,0,0.724622155447729,1.52196556867671,-1.14544658667668,1,0,0,1,0
4,2,-0.586626906173367,-0.613829877672082,-0.978712913809335,0,0,1,0,0
1,1,-0.690094607277281,0.662327744970069,0.287794027441161,0,1,1,0,0
1,1,-0.128176105486444,-0.565281100310323,1.9126039753226,0,1,1,1,1
1,0,-0.0813723981483012,0.0149364374611,1.10833851093019,0,0,1,1,0
0,4,-1.58442563840915,-1.10787702370314,-0.551085377089997,0,1,0,1,0
8,1,1.85094520321,2.46298754651564,0.950908216781115,1,1,0,0,0
3,0,-0.226009146254595,2.22089616532901,-0.813384876114027,0,1,0,0,0
0,0,0.370238667287451,-1.56763950442304,0.385127168036061,1,0,1,0,0
2,2,0.530519019026121,-1.89754624334061,-0.296396725315508,1,1,0,0,0
1,3,0.304430087874295,0.395194264576008,0.399694338089929,0,1,0,0,0
3,1,-0.822518172124766,0.236403321379304,-1.41059973193935,0,1,1,0,0
0,1,-1.09168850563988,0.00745274458607839,0.948943950032225,1,1,0,0,0
4,6,0.366887435451754,-0.00474068214454251,0.678755267930172,0,1,0,1,0
0,4,0.00423153572118241,-0.688215821692713,0.457912283505946,0,1,1,1,0
1,1,0.946184689626458,-1.24133940781231,2.3120507116486,0,1,1,1,1
0,1,-0.285693219991816,-0.184518054404478,1.68202501550833,0,0,0,0,0
6,0,0.681634930696309,0.973128575830461,0.235199434805884,1,1,1,0,0
1,3,0.968641135213544,-1.05557743420724,1.37208677230348,0,0,1,0,0
3,1,-0.291971768920159,-0.496635379114077,0.145282854148281,1,1,1,0,0
4,3,-0.552451574997804,1.70848366178889,0.126554643696398,1,1,1,0,0
1,6,-1.60002464467106,0.425849189416925,1.23007318746613,0,0,1,0,0
1,1,-2.97471254260331,-0.161753051286487,-0.379972056059527,0,0,0,0,0
0,4,-1.02883553022669,-0.457856433645161,-0.550829209976659,0,1,1,1,0
4,1,0.42766108611916,0.266125492291137,-0.410613793128166,1,1,1,1,0
0,1,-0.210176696135362,-1.10252770296369,-0.430810200701541,0,0,0,0,0
1,4,-1.72872031067897,-0.470176361061824,-0.447760304390646,0,0,0,1,0
1,0,0.0830809184664768,-1.08567610288994,0.739979747531002,1,0,1,0,0
7,4,1.70809897126374,0.482508310961131,0.839275979028263,1,0,1,1,0
1,0,-0.24369062602824,-0.377383333133125,1.22061440819585,0,0,0,1,0
12,1,1.71738143468393,-0.403965369868059,-0.86827195812328,1,0,0,1,1
1,2,1.0491250609699,-0.0873910022689175,-1.46867270822484,0,0,1,1,0
4,1,-0.646622581145775,-1.00425126216786,-0.546349328882971,1,1,1,0,1
0,0,-0.569706204960431,1.04319763275162,0.240308029721572,1,1,1,1,0
9,4,-0.22284438093099,0.97309258715586,-0.57041176699905,0,0,0,0,1
9,6,-0.695090699550808,1.02398122328018,1.47860307169258,1,0,1,0,0
0,2,0.607349091366857,-0.488237668454212,0.100150787155445,1,0,0,0,0
1,4,-1.12017644205936,-0.336570762935321,-0.966645442328181,1,0,0,1,0
1,1,-1.36173483022732,-0.790137447049824,0.107087254566336,0,1,1,1,0
1,2,-0.0209972949014681,-0.503307221063538,1.64733379259469,1,1,1,1,0
2,1,0.0903743400747542,-0.407446525955112,0.264512251061709,0,0,1,1,1
0,0,-1.48826254771632,-0.468914915456388,-0.782650208632074,1,1,1,1,0
1,0,0.98036383758827,-0.946724924568885,-0.713690408762641,1,0,1,0,0
3,4,0.917719310984883,-0.170822996518179,0.311290461616724,1,1,0,1,0
2,3,-0.756328787782181,-1.36230365898428,-2.53162133872172,0,1,0,0,1
2,1,1.72333460888048,-0.157111146286661,0.0449667777665121,1,0,0,0,0
0,0,0.0385930488589165,0.385144636051486,0.967697909554776,0,1,1,0,0
10,2,1.24112716298102,1.07849290710162,1.09488353578245,0,0,1,0,0
1,1,0.151854309426017,0.762477016967641,1.91434697042471,0,0,0,1,0
7,4,1.18623793378751,1.33487337003246,-0.549021275161186,1,1,1,0,0
1,0,0.327417578221866,1.08941242367683,-0.0695693394618679,1,1,1,0,0
3,0,-0.744723670879192,-2.07038534215816,1.61191551133603,0,1,0,1,1
2,2,0.338583059335508,1.84042678065815,2.30875770191535,0,0,1,1,0
0,1,2.22426374161375,-0.029631859568772,-2.76813265508884,0,1,0,1,0
1,4,1.12101569354599,1.23059052245209,-0.275705038807311,0,1,1,1,1
4,1,2.63188619383223,0.518986747994304,1.26227555617026,1,1,0,1,0
0,0,0.800472897377953,0.245385206635201,1.08204004268009,0,1,0,0,0
0,2,0.0600685037751405,-1.05035574370841,-0.1725759541024,0,1,0,1,0
7,3,1.38277382482755,-0.0372620742790181,0.810725896361804,0,1,0,0,0
1,0,1.48945140028722,0.506718106156717,-0.694157039575631,0,1,1,0,0
5,0,0.581316585627326,-0.634566142607752,-0.453844804392208,1,0,0,0,0
5,0,-0.0901471302851176,-0.234781270345204,-0.411984423130806,0,0,1,0,0
0,0,-0.717054683608782,-0.562379888555723,0.300371246104695,1,1,1,0,0
5,1,-1.3273897232319,0.171090658938953,-0.291759816259747,1,1,0,0,0
3,2,-0.512020923416158,0.438317469223926,1.1279965263415,0,0,0,0,1
3,3,-2.85933739346454,-0.636796117437584,-1.84518957010322,1,1,1,1,0
4,3,0.392975316980691,-1.11676027138501,-1.31951946142555,0,1,1,1,1
2,2,0.739643138046225,-0.495763570611319,0.421818586310644,1,1,0,1,1
1,1,0.560086567992885,-1.52314394732987,-1.38411499614651,1,0,1,1,1
0,0,-0.254820976531398,-1.34369750920638,-0.833331882449831,0,1,1,0,0
0,2,0.482315593180034,-0.377561973735209,1.13158497035112,0,1,0,0,0
4,1,2.22972542481868,1.68747916834992,0.969796941541634,1,1,0,1,0
1,1,-2.64552322820144,1.83389687817861,0.46693905861706,1,1,0,0,1
1,1,-1.02467591339163,1.05399198015002,-1.48543391729713,0,1,1,1,0
5,1,-0.040955545329379,-2.15929200964654,0.18485610121617,1,0,0,0,0
6,0,-0.96805443608168,-0.804497186173278,-1.09248242623273,1,0,1,0,0
7,0,0.383777827203672,-1.15562908096044,0.582475790949844,0,0,1,0,1
0,0,-0.491216626486599,-0.224722361820592,-2.48170355370891,1,0,1,1,0
4,6,-0.631632141382024,0.402999819630248,-0.0744201118498883,0,1,1,1,1
1,4,-0.746679775063314,0.459746076227589,-0.218559215903835,0,1,1,0,0
0,0,1.70040343820011,-0.477499871070904,-0.674073959773754,1,1,1,0,1
1,0,-0.30163649655461,-1.06403465206584,0.935010753257676,0,0,1,0,0
0,1,-0.886478933618558,-0.0168178021325477,-0.12837328701169,0,1,0,0,1
4,2,-1.37144583305882,0.241268216468974,-0.473741089289063,1,1,0,1,0
1,1,-0.954089898819617,-0.366944898473803,-2.09589955340096,0,1,1,0,0
0,0,0.157470388241838,-0.14661257502678,0.238392350923997,0,0,1,0,0
3,0,0.124770600411805,-1.3856942886451,-0.148666310388635,0,0,1,1,0
2,2,1.02893691418355,1.32892011829865,0.623644305292137,0,1,1,0,0
1,1,-0.206878592624549,-0.573460732867559,0.880103807382607,0,1,1,0,1
5,0,1.04773374610711,0.97949104846456,-1.24899028572057,1,1,1,0,1
3,0,-0.245944807756002,0.63400111306093,-1.51256995705452,0,0,0,1,1
2,1,-0.235468366486832,-0.127159591777248,-0.377344374565618,1,1,1,0,0
0,0,1.00714246458182,-0.725311501662862,0.013144300969551,0,1,0,0,1
7,1,0.215220702941828,0.545584708489386,-0.95571854422509,1,1,1,1,0
7,1,0.979714478738238,0.464522346608671,-0.430428076454165,0,0,1,0,0
0,1,-1.48661438313995,0.0486721661359694,-1.09346745813945,0,0,0,1,0
6,4,-1.3521701517003,0.44758727181188,-0.568320674486715,1,1,1,1,0
2,0,-1.0704915860575,0.259823410283095,-1.42370986087467,0,0,1,0,0
1,6,-1.13871185889711,0.644871083385762,2.6154580612619,1,1,1,0,0
3,2,-0.483084035948933,0.589499063227726,1.3104726862926,1,0,1,1,1
3,1,0.703186834286485,-0.743755655643694,-1.72726457640481,0,0,0,0,1
1,3,-1.38987754043271,0.938705095067569,1.27543405442934,0,1,0,1,0
0,0,0.773767909261499,-2.22699466181849,0.562358520568984,0,0,1,1,0
2,5,-0.277734681837189,1.19161220260333,0.510347574427074,1,0,0,1,0
4,3,1.56543973263678,1.40978037653436,-0.0715104963689148,0,0,1,1,0
3,3,-0.42401449314331,0.180019940290888,-0.246487993114436,1,1,1,0,0
1,0,-0.372780783832436,-1.20950046448613,-0.303324108003486,1,1,0,1,0
2,4,0.0247890700888315,0.321542359271395,0.144895514615926,0,1,0,0,0
2,1,0.817009287127245,-1.59951755774475,0.230608005570406,0,0,0,0,0
9,1,0.156980365837311,0.612910810315725,-1.78569423633196,0,0,0,0,0
0,2,-0.291791412091765,-1.48563902276857,0.458352432640522,0,1,0,0,0
0,2,-0.301662288609647,0.606493644787479,1.27336441742765,0,0,0,0,0
6,1,0.91837178420941,-0.588963243985996,1.00651931236566,1,0,0,0,1
0,0,0.0689382054413241,-0.130367283402324,0.1204809058139,1,0,1,1,0
3,2,-1.38621753008492,-0.164293692949551,-1.78447425903856,1,1,0,0,0
8,1,2.0184289773569,-0.231199144695295,0.25674899772036,0,0,0,0,0
1,3,0.368036361806115,1.04181082008711,-1.6138420482263,0,1,1,0,0
0,2,0.306506460492684,-0.480132331516962,0.631121417156133,0,1,0,0,0
1,0,-0.249404839453987,-0.762259393017269,-0.0539517922605529,0,0,0,0,0
1,1,-1.31922691201045,1.33067997219572,-1.59872889824962,1,1,0,1,0
5,0,1.26510764669582,-0.927630076366268,0.185627904461614,1,0,1,0,0
3,0,1.35020842197632,-0.216264723224339,-0.46389348273517,0,0,0,0,0
2,0,2.7262867538428,2.79154066795991,-0.00972206671351938,0,0,1,0,0
1,0,-0.084519123602622,0.491989589284058,-2.00559383856889,0,0,0,1,0
2,4,-0.179867167573882,0.815923449871859,-1.67961924618432,1,1,1,1,0
1,3,0.736426700005181,0.255700691412117,-0.369321155792023,1,1,1,1,0
0,0,0.726088582788376,0.321212234328212,-0.369282095160933,1,1,0,0,0
3,2,0.190534463146474,-0.616584052759101,-0.972437495747995,0,0,0,0,0
1,1,-2.36198619368764,-0.994518185630927,0.136205908669572,0,0,0,1,0
0,3,0.614659269612676,0.013160316324628,-0.215643138369003,0,1,0,0,0
0,1,0.318073652936319,-0.376347520392235,0.538180489208897,0,1,1,0,0
4,1,-0.64577504438757,0.331177571496282,1.79251521029504,0,1,1,1,0
4,0,0.406222963814542,0.66597722855289,-2.54627287854567,1,1,1,0,0
3,0,1.82059584528724,0.436227823452852,-2.22073047205764,1,1,1,1,0
0,1,0.213287212963027,-1.50189198796741,-0.884624274494932,1,1,1,1,0
0,0,0.0903642477696153,-0.409588990336287,0.92788781710512,0,1,0,0,0
1,2,1.43502477965447,-1.10666478744045,-0.899631730879691,1,1,0,1,0
0,2,-1.18942414267212,-2.21487932847579,0.157506900004053,0,0,1,1,1
2,1,-0.562484885306224,-0.083997958415707,0.398153808332085,0,0,0,1,1
3,6,-0.909387163505673,0.665561632327915,1.91490281199405,1,1,1,0,1
5,5,1.16425069248572,0.564082918306226,-1.93539480526042,1,1,0,1,0
0,0,0.463228282223803,-0.426826631708322,-0.00853923148804965,0,0,0,0,0
0,2,-0.123866175617107,-0.405103561113209,0.310301191634281,0,0,1,1,0
4,2,-0.0280310833958393,0.655049017348419,0.837683710294922,0,0,1,1,0
1,6,1.05118543880168,-0.87999895900822,0.138065707471695,1,0,0,0,0
1,0,-1.15850478757967,0.163697560802023,-0.813529744514705,1,0,1,0,0
2,2,-0.389960835606589,1.59801263019268,0.566092855982976,0,0,0,0,0
6,2,-0.608346652728919,-0.520174278178048,-0.27785849353427,1,0,1,1,1
1,3,-1.45467154615374,0.168408196375692,0.388933011522764,0,1,1,0,0
2,1,0.344256766924229,1.74404631443677,1.02379980518124,0,0,1,0,0
2,0,0.126928773454985,0.596892133826941,-0.273314631461672,0,1,1,1,0
2,2,-0.126031833367386,2.14786560253971,-0.589773757439811,1,1,1,1,1
0,0,-1.72948335672493,-0.059336677251816,-1.87468069260853,0,0,1,1,0
2,1,-1.30059724854115,1.0729767566298,1.24651484472876,1,1,0,0,0
7,4,0.0573639944815412,0.195313163670551,-2.31091627555721,1,1,0,1,0
1,3,-0.194173537166827,-1.18844958603515,-1.42928720187416,1,1,1,0,0
3,0,-1.42294703463976,-0.057459498513819,0.91422962746727,0,0,1,0,0
1,1,-0.689801806000466,0.0493005394332147,-1.86657791704614,0,1,0,1,0
0,2,-0.30582045195151,-0.735512243891268,0.0469763389669965,0,0,0,0,0
0,0,1.45706217056773,0.720088233643499,-0.790631302020684,0,1,0,0,0
6,0,0.999578201752647,-0.71265432361244,0.219845596723701,1,0,1,1,1
0,0,0.267195087234733,0.579089094969716,-0.895895895661535,1,0,0,0,1
2,3,1.01480200987665,0.0248643190319491,0.69883232557476,0,1,1,1,1
1,1,0.106452505500646,-0.772210760136301,-0.57134126052463,1,1,1,0,0
1,0,-0.0333490032449542,-0.605375644268026,0.0389470321927161,0,0,0,0,0
4,1,0.143018654663194,2.28100265922641,-1.51503802330944,1,0,0,0,0
2,1,0.736528954172824,1.07405703344209,0.984098377842839,0,0,1,1,1
6,2,-0.696359084321839,0.0984933621941343,-0.299809670301026,1,1,1,0,0
1,1,-0.524562202196143,-2.00243111466772,1.48191033185614,1,0,1,0,0
1,1,-0.633169723661443,-0.407540191624436,-1.35516445863181,1,0,1,0,0
5,0,-0.875382177218571,-0.913957306698356,0.0584802780436471,0,1,1,0,1
0,1,0.143980324013748,-2.19615991003241,-1.18207771776,0,1,0,0,1
0,0,0.113091034476539,-0.46402033964924,-1.11824673754811,0,1,0,0,0
2,0,-0.0246592866157969,-1.47172198158028,-1.50488190032742,0,1,1,0,0
0,0,0.941943622147309,-0.267426000013459,1.15450009863218,0,1,1,0,0
2,2,0.50491242485996,-1.07346095327713,-1.18622681080039,0,1,1,1,0
2,0,1.14894018273093,-0.602430420182788,0.878343623293134,0,0,1,1,0
5,0,0.491480540350305,-0.585440588969849,-1.48879944119616,1,0,0,0,0
4,0,-0.44081331223514,-1.20693894969755,0.661620379129702,1,0,1,0,0
1,0,-0.424820155011598,-0.344453270972026,0.572500686658547,1,0,1,0,0
7,0,-1.18789569668755,0.599141425065768,0.184124123328459,1,0,0,1,0
1,3,-1.62686218063618,-0.269544046906996,1.29452319469703,1,0,0,0,0
0,0,0.0940872090004183,-1.18901804398026,0.568376005618828,1,0,0,0,0
2,2,-0.641728003704215,0.622333467001643,0.17154292618232,0,1,1,0,0
2,3,0.261815265896544,-1.13395272862615,0.991586270181249,0,1,1,0,0
0,1,1.29647179226217,0.460523701800068,1.49811409477349,1,1,1,1,0
0,1,0.0975369487849701,-1.7986130326751,0.635508205146494,0,1,0,0,0
0,2,-1.62549410300331,-2.14644180558973,0.990055703036804,1,0,0,0,0
0,1,0.21213275018936,0.210825274890041,-0.611203500455333,0,1,1,0,0
2,5,0.709340437499814,0.485503546730095,1.01220749028268,1,1,0,0,0
4,1,-0.874862182835458,-0.197836756230256,-2.75438531499549,1,1,1,1,0
0,3,1.29850952866245,-0.0723718519960944,0.892146129780686,0,1,1,0,0
0,2,0.0568875734597086,-0.55778041797222,-1.84374338208252,1,1,0,1,1
1,3,0.259710045645874,1.0084589315859,0.266700344540278,0,0,0,1,0
2,1,1.57207056966989,-0.15894490966401,0.924586984956087,0,0,1,1,0
13,2,2.07883473712955,0.190139735475097,0.487616042683684,1,0,1,1,0
2,8,-1.76716547375146,1.26183886522233,0.483916914029812,1,1,0,1,0
1,16,-0.372829772360145,2.05476421331827,0.11697567955718,0,1,1,0,0
0,1,-1.29303191697221,-0.0219349248007396,0.603623656685652,0,1,0,1,0
0,8,0.819600259308993,0.398787338911172,1.34050004871185,1,1,0,1,0
5,1,-1.35252391891053,-1.27290145536023,0.65094971977001,1,1,0,0,0
3,2,-0.235410578525375,1.44616993745552,0.612694963820964,1,1,0,0,0
4,1,-1.03425628039406,-1.74218219875356,0.800718837526637,1,0,1,0,0
14,5,0.352091267685776,-0.651157524885516,-1.49273920894479,0,0,1,0,1
1,5,-0.346168156996269,1.82934098104852,0.973465248443412,1,0,1,0,1
0,0,-0.481624364829194,0.0285665030042202,1.8548409740361,0,1,1,0,0
0,6,0.185534059214571,0.985108144577866,-1.45374510114948,0,1,1,1,0
4,3,0.312427012261261,1.352309313975,-0.437937309303867,0,1,1,0,0
2,1,0.325397818124856,1.36100703437447,-0.382733290880284,1,1,0,1,0
1,2,-0.887360940798901,0.27178261597751,-0.522620795729138,0,1,0,1,0
0,3,0.108033585242561,0.629082127352026,0.291994504169488,0,0,0,0,0
0,5,-1.30014067772881,-2.50517165773343,0.360155479483526,1,1,0,1,0
3,5,2.24476577816012,0.896920074839555,-1.11015530695535,1,0,1,0,0
8,0,1.1957519258868,-0.0701753232422318,0.175505014666209,0,1,1,1,1
1,0,0.510277503382212,-0.974672928669494,1.22066600872962,0,1,1,1,0
1,1,-0.805191113104647,-0.115124476150739,-0.0673165271388598,0,1,0,1,1
1,3,-0.47147790241856,-1.00911946226809,1.17223530362359,0,0,0,1,1
2,0,-1.32659204923506,-0.80150705012992,2.46573373625299,0,1,0,1,0
0,3,0.356764104899781,0.911358193874881,0.807103580713497,1,0,1,1,0
2,0,0.896196716846432,-0.131789206844148,-0.148884102125562,1,0,1,0,1
1,3,1.71714423797933,0.148597087525765,-1.5858543140361,0,1,1,1,0
2,1,0.103970454898464,1.9375619817479,-1.47848154657304,1,0,0,1,0
3,3,-1.38008587998951,-1.39857632266326,0.0772162856827455,1,0,1,0,1
3,0,0.772053537304604,1.25163804589647,-0.925852479790391,1,0,0,1,0
0,0,0.742536733110766,1.00569628358227,-0.15462260758646,0,1,0,0,0
1,0,0.666572486956745,-0.516810289146842,-0.0450703426744171,1,1,1,1,1
0,1,-0.43292742497192,-1.28074294029714,-1.02686422453812,1,0,0,1,1
5,0,-0.498909301057629,-0.328438085659149,-0.733819474393943,1,0,0,1,0
3,0,0.452692247961661,-0.336948295948034,0.0771081173577083,1,0,1,0,0
1,2,-1.25202715465942,1.26747611125395,-0.307879815390855,0,0,0,0,1
2,1,0.618644952663541,1.10871804389925,-1.50886416113599,0,1,0,1,0
1,0,0.15049470388966,-0.0239021045843484,-0.292970894659831,0,1,1,1,1
1,1,-0.251342689368127,0.0924305684070733,-1.50886745694244,1,0,0,0,1
4,0,0.201065002546257,1.43884208573861,-0.0487761267363397,0,0,1,0,0
0,0,-0.669323819496887,2.50879477216245,-0.247821711991973,1,1,1,0,0
3,1,1.30553421657663,0.757344135645201,-0.459868577060208,0,1,0,1,1
4,0,0.207517594363055,1.30007108890856,-0.504762078207942,1,0,1,1,1
0,0,-0.695983161955778,1.03253137478359,1.45319107262174,1,1,1,0,0
1,2,-0.914748382873694,0.00161883267624285,-0.717921342753836,0,1,1,1,0
2,1,1.03187516011284,-0.708057912788616,1.1371121542625,0,0,0,0,1
1,0,0.242625858043273,-0.677761022692107,0.829592247330813,1,0,1,1,0
3,4,-0.303808131287738,-0.840888095465658,-0.401955759694202,0,0,1,0,0
10,2,1.52879368345037,-0.0327311303855514,-0.437179323085236,1,1,1,0,0
5,0,-0.713216466511944,-1.13003275292477,-0.261332812726659,0,1,1,0,1
2,2,-1.25321630956405,0.0122942105648593,-0.622600943078911,0,0,1,0,0
1,3,0.865995579432755,0.868365587621814,0.909860949949095,1,1,1,0,0
1,1,0.739372606874056,0.66440475523527,-1.77232306202444,1,1,0,1,1
3,4,0.784491761387346,0.489102947086431,0.652733530348118,0,1,0,0,0
4,4,0.700992242971767,0.410183565936181,0.447404938847261,1,1,0,1,1
0,0,-1.69293129476985,0.737050795513932,-0.219452191271429,0,1,1,0,0
2,0,0.259992096521348,0.845774995738808,-1.85959170683816,0,1,1,0,0
0,0,0.360180269862337,0.831514227939708,1.3465758029066,1,1,0,0,1
4,0,-0.337419998992642,1.10307560391702,-0.957649710597096,0,0,1,0,0
7,1,1.1635596683163,2.3679286376527,1.66451250714456,0,1,0,0,0
0,0,-1.17196083337099,-1.12432367285797,0.594794101957593,1,1,1,0,0
5,1,-0.0936729188061628,0.891360656735707,1.24604891283417,1,0,1,0,0
5,1,-0.670313914384076,-1.13752394819611,0.0108357480102574,1,0,0,1,0
1,1,-0.472597964150537,0.512795057070822,0.344510252068409,1,1,0,0,0
1,0,0.865106716936806,1.79881546404759,0.871155288151151,0,0,1,1,0
0,0,0.618303864003979,-0.094772767241653,-0.208125090735763,1,1,1,0,0
8,2,-1.16546088512719,1.43515384978027,0.142332139835295,1,1,1,1,1
4,0,3.01732003728034,0.942300348250687,1.34165079135436,1,0,0,0,0
2,0,-0.296552463764502,-0.359831950858527,-0.299728912377923,0,1,1,1,0
1,2,-0.621355939309268,0.144264514097181,0.382999015035704,0,1,1,1,0
1,4,-0.798853335392891,0.188891388004078,-0.378193782557081,1,0,0,0,1
0,1,-0.887708949531736,-0.405549505857466,-0.0916212598984891,0,0,1,0,0
1,2,0.537292193166679,-0.141545785565526,-0.672124824601855,0,0,1,1,0
1,0,-0.621739332415701,0.560223983359509,0.00881503493187045,1,0,1,1,0
3,2,0.0922950393948109,1.14144002570917,-1.87850726190236,0,1,1,0,0
1,7,-1.39534607549472,-1.36405640983209,-0.0627242258372839,0,1,0,1,0
3,0,0.844160164042046,0.00326149529145826,0.638807328848707,0,0,0,1,1
1,2,-0.671684732847474,0.954732695640658,-1.19352605649044,1,0,1,1,1
1,1,0.864736478593603,-1.20561217990916,-2.30165044212862,1,0,1,1,0
2,0,-0.574244130028092,1.28244158635631,-1.28707959366117,1,1,0,0,1
1,0,0.295975232197172,-1.57576564456941,0.358497861903246,0,0,1,1,0
1,3,0.747764880294152,-0.595511880648246,1.98470259273076,0,0,0,1,0
0,0,0.839353399371976,-1.10623437666289,0.718309384441563,1,0,1,1,0
2,1,-2.06686966258892,-2.16130950341407,-0.00559000327970778,1,0,1,0,1
1,11,-0.0558522307409554,0.0621556605799421,0.652266372412593,0,1,0,1,0
1,2,-1.81109436709872,-0.365701512685479,-1.44719584733684,1,1,0,1,0
0,1,-1.34464605328385,0.718157555689461,0.973765841070411,0,0,1,0,0
1,0,-1.0110484789012,-0.0188421877653077,0.327460039766323,0,1,1,0,0
0,0,-0.595534969851841,-0.68613000574316,-0.907660876160995,0,0,0,1,0
0,0,-2.7583804161206,-0.289152127346151,0.0260952254743458,1,1,1,0,0
0,0,1.01673275537319,-0.797170214143742,-1.37042273760743,0,1,1,1,1
0,1,-1.60387291776419,-1.34084420184978,0.275274775294793,0,1,1,0,1
0,0,-0.374637829079804,0.72490380173454,-1.68110537664598,0,1,1,0,0
5,3,-0.609992832688174,1.40954551566969,0.240207454410416,0,1,0,0,1
3,8,0.0717435722105148,1.8872515383613,1.46551242308039,1,1,0,1,1
1,1,-0.220176650320945,-0.135416255702704,-2.55587670569235,0,1,1,1,0
2,3,0.428969895829992,-0.924026081201018,1.18505468451636,1,0,1,0,0
4,4,0.09870785470336,0.619535203468462,0.843435678714291,0,1,0,0,0
0,8,-0.81230811237785,0.762253480472679,0.203854520933035,1,1,0,1,0
2,0,1.10499775729995,-0.243667093947892,-0.293672039181162,0,0,1,1,0
7,3,0.005883655952296,0.214051774819001,-0.546647542884168,1,1,1,0,0
2,0,0.803920781717714,-0.76643092647272,-0.657774687576143,0,1,1,0,0
5,0,1.38637127497629,-0.28806306267127,-0.602879578034467,1,0,0,1,0
3,0,-2.31552669282835,0.956463114935675,-2.0723977887107,1,1,0,1,0
1,2,-1.41373370791718,1.53461248124908,-0.531674328214287,1,1,0,1,1
1,1,0.377694630828484,0.0703517185376792,1.35961678864365,0,0,0,1,1
17,2,1.22733308940083,1.16800333815027,-0.453211407883717,1,0,1,0,1
1,4,1.08489402601977,-0.317424675528926,-1.00045822736384,0,0,0,0,0
5,0,-0.620099048964278,1.69338144045271,-1.50984565038918,0,1,0,0,0
7,0,1.02244982773813,-1.54086652863579,-1.0718356597359,0,0,1,0,0
0,25,-0.138706186721829,2.66944686959502,0.770225950683419,0,0,1,0,1
1,2,-2.8422252688406,0.654973151363717,0.189402107610849,0,0,1,0,0
6,2,0.403705290616029,0.230755805876428,-0.808039186976607,1,0,1,0,0
0,2,2.28188410575207,1.0827756864647,2.0819652578963,1,0,0,1,0
2,2,-1.31738100023531,-1.33331898545585,-0.335032011590919,1,1,1,0,0
0,0,-1.45400475177537,-0.0270034949097497,2.3612413492428,1,0,1,1,1
1,2,2.08353240574696,0.69233782312748,-0.033720469785501,1,0,1,0,0
0,1,-0.74510226801511,-1.36798718387524,0.0416174289846919,1,1,0,1,0
6,0,1.64685922018865,0.777007853944551,0.822143446827161,1,1,0,1,1
4,1,0.22383707277917,0.985096638893093,0.372212679839038,0,0,1,0,1
1,2,-1.70637710866093,-0.936542035784123,-1.29070402554692,1,1,0,1,0
0,0,-1.5883031974272,-1.07791256355214,-0.254440533055328,1,1,0,0,0
8,4,1.53018202535763,1.67073109095115,0.697773750752461,1,1,1,1,0
1,2,0.00744746786457464,-0.992722588758671,-1.97984669540624,0,1,0,0,0
0,2,-1.32721368151287,0.351833916191948,0.162105669147252,1,0,0,0,0
1,2,0.347947841319987,0.117471511591081,1.85323103384699,1,1,1,0,0
4,3,1.06654282454891,-2.23442268048436,-1.16113111177052,0,1,0,1,0
2,4,0.496237167854797,-0.40925044580187,0.663104175590008,0,1,0,0,0
18,2,1.10423496262972,0.474472958962493,-1.52271887746896,1,1,1,1,1
1,2,-0.491993413587884,0.493297991414396,-0.200348958091123,0,0,1,1,0
1,0,-0.0632960572419564,-1.26370176717796,1.70067389685716,0,1,1,1,1
0,1,0.0496682080314295,1.31900230202233,0.471173885120519,1,0,0,0,0
1,4,-1.51378113988068,1.00085988330593,1.67772268930363,0,1,1,1,0
2,1,0.427845960967993,-1.41617059935318,-0.182726366853257,1,0,0,0,0
0,0,1.44371377211227,-0.403400577146195,0.263141980699435,1,0,0,1,0
1,2,0.786160961294815,-1.98857905215455,-0.474277765251309,0,1,1,0,0
1,0,0.47954571327333,-0.139695088817762,0.760229886076186,1,1,1,0,0
1,2,-0.516227705338989,1.3810769194632,-1.19738273800668,0,1,0,0,0
0,8,-0.277572844560686,-0.600473520349783,1.47594045533454,1,1,1,1,0
0,1,0.721780684275989,-1.16798801770672,-0.236991202169567,0,1,1,1,0
2,3,1.25384299590925,1.94631083829241,0.685430025542809,0,0,0,0,1
4,1,-0.229116469810737,1.83409817604098,1.62227053230326,1,0,0,1,0
1,1,-0.342980400680258,-0.654899406259552,-1.164558968763,0,0,0,1,1
3,3,0.236511565614992,1.26048488653149,1.46899144735609,0,1,0,0,0
4,2,-0.198936031672039,0.477904348277835,0.458888463322251,1,1,0,0,0
1,3,-0.617565159551221,-0.673232712472449,-0.000256864471363789,0,1,1,1,0
0,0,-0.563527004875294,-0.0826194004532436,-0.413217903112977,0,1,0,0,0
3,0,-0.429455450994432,1.22873858711877,-2.04556556585255,1,1,1,1,0
9,0,-1.08263575350805,1.73579010636221,-0.0688836374722887,1,1,1,0,0
1,0,0.0506295202160337,-1.92350157576193,-0.940326276858865,1,1,0,0,1
9,3,-0.757894001764034,0.371922714635064,-0.473297678312788,0,0,1,1,1
0,2,-0.67708220364372,2.3187119718655,0.779006967721361,0,1,1,1,1
1,3,0.54033313717774,-0.403981235602093,0.549048323842341,1,1,0,0,0
2,0,-0.368756356282107,-0.715568972680774,1.28816301592954,1,1,0,0,0
1,2,0.272584593489916,-1.86173854365383,-0.258138082842582,0,1,1,0,0
1,4,-1.03402805310019,1.93491288021883,-0.782927710125999,1,1,1,1,0
4,1,-0.541893437026852,1.31497868112371,-0.61029251106963,0,0,1,0,0
1,3,-0.77275895689719,2.23683685157498,-1.53583252938795,1,0,1,0,1
7,0,-1.25914454988274,-1.454265494028,1.4012298192179,0,0,1,0,0
5,2,0.915348683184557,1.11142600678584,0.118687756240644,1,1,1,0,0
0,0,0.574585708455846,0.856591292601773,1.71975055440578,1,0,0,0,1
0,2,0.588551633065551,-2.26677681826204,-1.43030491082626,1,1,0,0,0
1,2,1.1794191267141,-1.90800461143899,0.681817500239556,0,1,1,0,0
2,0,0.914254082632163,-1.78210589627576,2.0740172975971,0,0,1,1,1
2,1,0.261646823819636,0.729987136370052,-1.77724143994857,0,0,1,0,0
3,1,1.63397907261565,0.598317415956796,-0.290666605774526,0,1,0,0,1
3,3,-2.79556536370584,-2.19188527219409,-0.284773500838862,1,1,1,0,0
0,2,-0.302328787209778,-0.579626324803906,1.25579653971344,0,0,1,0,0
0,0,-0.226685614044773,0.383748829377391,-0.626355952399629,0,1,1,1,0
0,1,0.119131145453778,-1.6965496352637,-0.491120416102418,0,1,0,1,0
6,1,-0.0335751373875213,0.383668504373554,1.4672063096724,1,0,1,0,0
2,3,-0.106572603236519,0.999417539899544,0.474594718044252,1,0,0,0,0
1,1,0.417616241886442,1.21016283187745,-0.674722450121603,0,1,1,1,0
5,0,1.01316605948862,1.04203638898378,-0.726163740727838,0,1,1,1,1
2,0,0.155027117647763,-0.0196151327046731,1.52150303150613,0,1,1,0,0
1,0,-0.714052677780449,0.0274198740606791,-0.597307134079897,1,0,0,0,1
3,1,-1.09679802155579,-0.323583116256182,0.465963153576985,1,0,1,0,1
3,3,0.101866743391865,1.73011416758131,0.359018103745038,1,1,0,0,0
2,8,-0.323359229932254,0.386647135099482,0.0792352666078153,1,0,1,1,1
6,1,1.26244777760113,-0.871072397341558,-1.39480388488003,1,1,0,0,0
0,0,0.691128119021652,-1.80975776805222,0.882969052946693,1,1,1,0,0
0,1,0.345988487294539,-1.41821008558531,-1.25435773655624,1,1,1,0,0
0,3,-1.25804480146419,0.69030257257991,1.50046949704185,0,1,1,0,0
2,5,0.36677426960274,1.01862618614522,0.904378175608543,0,1,0,1,0
0,0,-1.21315943609714,-0.120795185428793,-0.174848321787845,1,0,0,0,0
0,0,-1.62361607251368,-1.44167252078349,-0.185982602676126,0,1,1,0,0
1,0,-0.393928520840005,0.778456224552173,0.424724975951863,0,0,1,0,0
1,0,0.626988762610095,0.627287805080266,-0.875174639819119,0,0,1,0,0
2,2,-0.882155737117039,-0.462673033502339,-0.324522523022165,0,1,0,1,0
0,0,0.12489430820066,-0.879445598268135,1.65754237612431,0,0,1,1,0
6,5,1.11823173356757,1.92176872406378,1.97236753222161,1,0,1,0,0
2,0,-0.772667181181661,-1.41367937260905,-0.643877410322685,1,1,0,1,0
10,1,-0.142043271943764,0.153753406819351,-1.4136070004025,1,0,1,0,0
1,0,0.576950288523846,0.243279122090474,1.1395188790038,0,0,1,1,0
2,0,1.05711819881178,-0.101808218538293,-0.10353515848782,1,0,0,1,0
3,3,0.248728369365709,0.122170381979755,-0.00262828249866812,0,1,0,0,0
2,4,1.18128497783581,1.54670852677655,-1.69047997759879,0,1,0,1,0
0,2,-0.285192855469165,-1.87959974923448,1.30165936490243,0,0,1,1,0
1,3,1.17554113268743,0.114032893793748,0.434923795347068,1,0,0,0,1
0,9,-1.43338196983659,-0.511794750374499,0.535243051209507,1,0,0,1,0
0,0,0.107976913232735,0.643184290203874,-0.186425035800305,0,1,0,1,0
5,4,2.0371399147487,0.923900099143785,-0.268992867500205,0,0,1,1,0
2,1,-0.218451976422855,1.76636849942558,0.623617818579516,1,0,1,1,0
0,1,0.783348007609672,-0.811230683172152,0.555424381632693,0,0,1,0,0
0,1,-0.483997775025044,-1.91524554977125,0.604950650003519,1,1,0,0,0
0,8,-0.908459339544293,0.23757250761119,-0.3804918426884,1,1,1,0,1
3,1,-1.62300249032816,-1.31655504442607,0.107772995537821,1,0,1,0,1
4,3,0.760935351226277,0.497301565138718,0.321689790065098,0,1,0,0,1
0,0,0.769620976420986,-0.297661076599774,0.812999707624038,1,1,0,1,0
3,8,1.66737664740279,1.30403552176315,-0.168081152321089,1,1,1,0,1
3,0,-0.621667393800718,0.817038771061118,1.34572831829316,0,0,1,1,0
0,0,-1.24520816695143,-0.77314542864233,-0.016328518342875,0,1,0,1,1
5,0,1.61077995175952,-1.52139094984745,-0.301240479829135,1,0,1,1,1
0,0,-0.771194894330914,-1.16114075485213,0.758805488082118,0,1,1,1,0
0,2,-0.829821059925066,0.936590323412809,0.305142778061195,1,0,0,0,0
2,2,-1.23201199930498,0.470307131275818,-0.583275170976562,0,1,0,1,1
0,0,0.214113694072686,0.588882001338866,2.34152262432363,1,0,1,0,1
0,0,-0.777641525651595,-0.690134709633323,-0.90224656561584,1,1,1,0,1
1,2,-0.40631075957162,1.86319061740027,-0.212206495738866,0,0,1,1,0
2,8,-0.513995798845969,-0.882041456760289,2.08582633137724,1,1,0,0,0
4,1,1.32622235697141,-0.547430146358189,-1.15721315225199,0,1,0,0,0
3,0,-0.548204124433902,1.10278224698245,1.85095846930471,1,0,0,1,0
9,1,0.912951945030096,-1.36429794749557,-1.44953128802217,1,1,1,0,1
5,0,2.1259184892842,-0.0239464085607364,-1.28281467292262,0,1,0,0,0
8,2,1.20528448680244,-1.69309629421496,-0.891337395393599,0,1,1,0,0
0,2,-0.320364556012022,-0.645403478654421,2.47346361423871,1,1,0,1,0
2,0,-0.853274829005151,0.120200199652292,-0.403328734689119,0,1,1,1,1
0,0,0.731360325732254,0.245482039778964,1.3440604875108,0,0,1,0,0
1,0,1.57806359375455,-0.435326038972589,-0.247421967535506,1,1,1,1,0
3,0,-0.0100416535245034,1.28973933628731,-1.46065949130231,0,1,1,1,0
12,2,0.462137643690877,-2.14578100863845,0.45532022214935,1,0,0,1,1
23,0,-0.746799358070063,2.75720840999137,-0.507881002792803,0,0,0,0,0
0,2,0.248754821132705,-0.341188021160168,-0.421935409461519,1,0,0,1,0
6,1,-1.05998989321822,0.254660732909895,-0.755133432408274,0,1,1,0,1
2,1,-0.242329226160454,0.273650648941172,-0.330145914345974,1,1,0,0,0
5,1,-0.610037139521619,-0.0178855317385635,1.6715849514475,1,0,1,1,1
0,2,-1.4245390828694,-0.0868155513539401,-0.80209545514657,0,0,0,1,0
2,1,0.799172914903226,0.168761295531014,0.137853913144399,0,1,0,0,0
1,0,-0.611670610469167,1.08556297937527,-2.67231578447486,1,0,1,0,1
6,0,1.96324030501266,1.45403440246128,-1.41687350952977,0,1,0,0,1
2,2,0.557238634701354,1.14534299833546,2.33578710875536,0,1,1,0,0
0,2,-1.33423400918578,0.845814177898884,-1.49773423929454,1,1,1,1,0
2,1,-1.43752924004474,-0.864107495748267,0.212688159379013,1,0,0,0,1
1,0,-0.158801378600351,-1.70918073997544,-0.597823058800343,0,1,1,1,0
4,1,-1.25979369845213,1.72198259643279,-1.65821594777512,0,1,1,0,0
2,0,0.0899185268657118,-0.948567396436912,0.609367050196362,0,1,1,0,0
0,6,0.73020738231009,0.324791924942026,-1.88534125869356,1,1,0,1,1
5,0,0.609110376322799,-1.20791091229625,0.910420123112019,1,0,1,1,0
0,1,-0.946943759929234,-1.93514247468389,0.505044489081669,1,1,1,0,1
0,0,1.12149574032752,-0.886827797084401,0.872644179982457,1,1,0,1,1
0,0,-0.057424953980157,-0.0169681994175373,1.01474027035572,1,1,0,1,0
2,1,-0.256478380441763,0.00846248384060159,0.88226444469725,0,0,0,0,0
5,2,-0.467811916468,0.776190711074981,-1.27028293408494,1,1,1,1,0
3,2,-2.21114158507214,1.16162501735106,-1.47662535686592,0,1,1,1,1
0,0,0.0771719926918766,-0.525470843243687,0.673493603828534,1,0,0,1,0
6,3,0.127369133133012,0.776634181498307,-0.122808892637021,1,1,0,1,0
1,4,0.222119285837229,-0.996598396802642,0.925724001962648,1,1,1,1,0
6,2,0.946239222961715,1.23182313001746,0.0102029270033003,1,0,1,0,0
3,4,0.417354522403795,-0.417990476834474,1.11362112264713,0,1,1,1,0
1,1,-0.431170046294795,-0.200631536236795,-0.547329726950819,1,1,1,0,1
10,0,-1.19726971217906,-0.692184835108426,-0.540770246337214,0,0,1,1,0
0,10,2.08273100869327,1.86539299713145,0.837211879818932,0,1,0,1,0
0,0,-1.03040873515397,-1.50802268208888,1.55504939981021,0,0,0,0,0
3,1,0.0444591953533137,0.130787355200373,0.820923702514029,0,0,0,0,1
0,0,-0.112132522312025,-0.252648603765353,-1.02064602670065,1,1,0,1,1
8,0,1.03302671853284,0.523773889410615,-0.474514861714165,1,1,1,1,1
0,4,-1.21665440204867,1.00798988394802,0.205653269931045,1,1,0,0,0
3,1,1.06534630380378,0.97565154131277,0.202691924393911,0,1,1,1,1
2,1,-0.143235183622732,-2.17021213422966,-1.4821846488646,0,1,1,1,0
0,1,-1.15233406665522,0.359703515472245,0.712518310628652,1,1,1,1,0
3,2,-0.213394969914775,0.91906566028953,0.854154162458526,1,1,1,1,0
2,3,-1.28928738124923,-0.199417156629779,-0.0479360980696014,0,0,0,0,0
0,0,-0.725692780179358,-1.1944823484838,2.43517747728031,0,1,1,1,0
0,8,-1.33455620080098,0.0574917868016061,-0.750066012313973,1,1,1,1,0
2,1,-0.421664134766289,-0.901080978802976,0.32963788161015,0,1,1,1,0
11,4,0.637345526349197,1.55329273605843,1.98749084399765,1,0,0,1,0
0,1,0.203541541616913,-1.52069067515092,-0.876946808787818,0,0,0,0,0
3,1,2.00770623726461,0.719259537812146,-0.137356616614714,0,1,1,0,1
0,0,-0.307148466815016,-1.2682289807192,1.62177962773639,0,0,0,0,0
1,0,-1.3994447319186,1.52941236087423,0.767294924359527,1,1,0,0,0
1,0,1.51792460630502,-1.17054344455396,0.895142900154312,1,0,0,0,0
2,0,0.539559971808596,0.311227877011295,-0.0577854564025894,1,1,0,1,0
10,1,1.13533254403165,0.936020565467148,1.29893928565151,1,1,0,0,0
2,0,-0.0619636843128533,-0.864617133845296,-1.7080486385241,0,0,0,0,0
5,1,0.473656473613877,0.898447414672327,1.66022988297387,1,1,1,0,0
0,0,2.1984885825947,-1.68601409053076,-0.273664046623907,0,0,1,0,0
1,0,1.82540376840092,-0.191156244915626,-1.10338993513574,1,0,1,1,1
3,3,-1.15415131525484,-1.06289076561362,0.161394568245894,0,0,0,0,0
0,0,-0.00825669413319505,-1.70409843066625,1.5544322138275,1,0,1,1,0
0,4,0.0484211551418869,1.4553613584542,0.350275759098597,0,1,1,1,0
0,2,-1.34781742759729,0.106768582628746,0.278094792877436,0,0,1,0,1
2,3,-0.517805228457445,0.648118371191034,-0.170734937903681,0,1,1,0,1
3,0,0.558694122875622,-0.81920577009656,-0.0172798093628668,1,0,1,0,1
2,0,1.67756490106025,-0.543805762706585,-0.87467268936394,1,0,1,0,0
2,1,2.36789529569109,0.343955078649248,0.298733392459323,0,0,1,1,0
5,2,-0.527154043316879,0.912119968084394,0.467312582583987,0,0,1,1,1
0,1,-0.499367396863375,1.64359788737654,-2.08078997937863,0,1,1,0,0
0,5,-0.229295470100259,0.786969529541013,-1.00500059331746,0,1,1,1,0
5,0,1.47045773817301,0.670908231380474,0.00463262773361434,0,1,1,1,0
4,1,0.0231071403525501,-1.58272520789709,0.431590713339985,1,1,1,0,0
8,1,-1.67249202504542,-0.603175160869418,-0.0866858845276814,0,0,1,0,0
2,0,0.50805283466144,-0.122862659327515,-0.198220441722762,1,0,1,0,1
0,1,-0.929650245662733,-0.115327314393138,2.0910754608923,1,1,0,0,0
2,4,0.344886306954269,0.379715867663057,0.432545657925992,1,1,1,0,0
0,0,0.416516866985448,-0.257513600565052,2.25384226960762,0,1,0,0,0
18,0,2.29100338150006,-1.13036468361689,-1.11604953498581,1,1,1,0,0
1,5,0.680208942806442,-0.208035970043443,0.805697221118196,1,1,0,1,0
1,0,-1.56734575047086,-0.382570585566968,1.08389278011165,1,0,0,1,0
0,0,0.393865711838105,-0.225772326875364,-0.759799551487399,1,0,1,1,0
3,0,0.719059659079291,-1.39214182807451,0.0809283142874727,1,1,0,1,0
1,2,1.61292647702134,-1.38710313380341,-0.072964611629326,1,0,0,1,1
4,2,0.384316672340534,-0.965558736914039,0.458562147275195,0,1,1,1,0
3,12,-1.55784951882794,-0.0679917921790744,0.816730006351715,0,1,1,1,0
1,0,1.74324244769796,-0.646533993428061,-1.13115593741342,1,1,1,0,0
3,0,-0.478342513094108,0.0747809266696793,-1.28383764330857,0,1,1,0,1
0,2,-0.467148712562964,0.460086639569469,0.131749643456058,1,0,1,0,0
0,0,1.0701600613739,-1.81514450957623,-0.841938845055862,1,0,0,1,0
3,1,-0.492874063967275,1.74775777113454,-1.03368217213417,0,1,0,1,1
1,1,-0.249652827272735,0.978275330400828,-0.821273749955025,0,0,0,1,1
4,1,-0.0385140400409367,0.568663882554827,0.341522358484727,1,0,1,1,1
0,2,-1.000315442132,1.26647851792852,2.13783161878841,1,0,0,1,0
1,0,-1.66377927036992,-0.808755786013577,-0.991371181009275,1,0,0,0,1
4,1,-0.158265048141617,1.26949280386364,1.10021336705829,1,1,1,0,1
4,2,0.149673091199643,-0.579201190057032,0.602640464166007,0,0,0,0,0
3,3,-0.00902648466719838,0.529710169952212,-1.18170015543783,1,1,0,1,0
8,1,0.761972004585403,-1.60803692580192,0.558625319798342,1,0,0,0,0
2,2,1.51333430129921,0.525594981663605,0.342854572462574,0,1,1,0,0
5,0,-0.824343398622206,-0.645560551723025,0.233961352206775,1,1,0,0,1
1,7,-1.1675879489833,1.3415537214571,0.584676773383422,0,1,0,1,0
2,1,1.38119951493057,0.630364092446174,0.296711657401784,1,1,0,0,0
0,1,1.28443943161313,-0.314249790392872,-0.912165906669595,1,1,1,0,0
1,0,2.21198008857317,0.193076146540746,0.178540258304323,1,1,0,0,1
5,0,0.738642821474658,1.24856999047917,-1.95110743691229,1,1,0,0,0
2,2,-1.12757623507633,-2.2597536401265,-0.758674605602322,1,1,0,1,0
1,1,0.294271277691784,0.21325207496885,1.91373406242858,0,0,0,0,0
1,2,-0.376941012212476,-1.94543626888406,2.44508607939281,0,0,1,0,0
0,1,-1.42815294578171,-0.0123802545009446,0.267615627266375,0,0,0,0,0
7,0,-0.415752111390247,0.548615343763029,-0.434535616476716,0,1,1,0,0
3,2,1.55600038108956,-0.540126309367105,0.43015196211622,1,1,0,1,0
6,0,0.0250146578417742,-0.736560246520348,-1.6735909683,1,0,0,0,0
2,1,2.03062319119307,0.447652313301581,-0.0438099582163413,0,0,1,1,0
4,3,1.51832012061708,-1.94786913583072,0.0923524437116953,0,1,0,0,0
1,2,0.750998537122658,0.0575225012324984,1.26752706224596,0,1,1,0,0
0,4,-0.271327556934308,0.695175760307182,0.543019749736002,1,0,0,0,0
1,1,0.554144255774083,-0.510522123354127,0.415845438462322,1,1,0,1,0
6,0,0.337752935042268,-0.598787232236647,0.902938641960367,1,0,0,1,0
0,1,0.156095153620774,-0.719772726113191,-0.066047126358028,0,0,0,0,0
8,1,0.458230763150419,0.0344680838125676,0.555271095840771,1,1,1,1,0
0,0,-2.02439671604305,-0.947605765834008,-1.36071808642383,1,1,1,0,0
0,0,0.778718731225356,-0.741566061254909,-0.536529092609837,0,1,1,0,0
1,3,-0.658747737089578,-0.779822406111064,1.17418138687088,1,0,1,0,1
5,0,0.307214239976819,0.6157753933741,-1.60095867925658,1,0,0,1,0
2,9,1.0735954789398,-0.637010431514272,0.193432433049708,0,1,1,1,0
3,0,-0.303876044039596,0.36352630470709,0.160349110721667,0,0,0,1,0
0,0,0.300126691133939,0.604179089276567,-0.0948597559762865,1,0,1,0,1
6,7,0.051819728499948,0.186984169305557,0.990794869093479,1,0,1,1,1
0,1,-0.0196374678857498,-0.0583850192982445,0.448661026666668,0,0,1,1,0
0,3,-0.300076057468021,1.22448474075397,-0.186871834067854,0,1,1,1,0
0,2,-2.74569668702294,-0.390757635351697,0.792136657847622,1,1,1,0,0
2,1,1.10949111681678,-2.55867337694489,0.00885717596531289,1,1,1,1,0
1,0,-0.862646760272801,-0.511825263989109,0.410354950081466,1,0,1,0,0
6,1,1.38821614976423,1.05473738272225,-0.835863933753944,0,1,1,1,0
1,0,-1.21893091950199,-1.11349343817647,0.183251623467829,1,0,1,0,0
0,2,-0.25127423855874,0.0490086741456352,1.1657420033556,1,0,1,0,0
0,0,-0.265723509034298,0.190683458538818,0.938729697348041,0,1,1,1,0
2,3,-0.586383242485621,-0.379390747397869,0.215019030588355,1,1,1,0,1
1,3,1.33497625279964,-0.170830386617192,0.302466719375891,0,1,1,1,0
1,1,-0.00622968640196098,0.136649645465784,-0.188038280526608,0,1,0,0,0
0,0,0.432132366012194,-1.70974961735521,-0.000387546449329596,0,1,0,0,0
3,0,0.584825274700717,-0.528127507757992,-0.0621268472479286,1,0,0,1,0
0,2,-0.84015977469549,-1.48946360019598,1.55347037911183,1,1,1,0,0
5,1,-0.6341552099579,1.86889599687763,0.150398081764644,1,1,1,0,0
0,0,0.999580306239166,-1.08856332696565,1.14327602384013,1,1,1,1,1
1,1,0.138117954477751,0.726759086175093,-0.185581103102393,0,1,1,1,0
9,0,1.08034842914613,-0.280474303975914,-1.1258271355434,0,0,1,1,0
7,0,1.80529509089579,-0.38641794042512,-0.992603142622307,1,1,0,0,0
4,0,0.463708530685689,-0.319498605831441,0.50315089481684,1,0,0,0,0
5,1,0.259727896247544,1.24197226504644,-1.25056721379662,1,0,0,0,0
6,0,0.634077724514479,0.812929972533975,-1.86321858162604,1,1,1,0,0
1,1,0.0653241768517431,-0.720163280688586,-0.0601745795111564,1,1,1,0,0
1,0,-0.22736383584225,0.273417041174527,-0.0720733570681115,0,0,1,0,0
0,0,-2.00206639015441,0.177476307965939,-1.47344537822394,1,0,1,0,0
4,1,0.313621470404072,1.03913808701839,-0.276206019848706,0,1,1,1,0
3,1,2.12868836386763,0.31863599710886,0.656014795501164,0,1,1,0,1
1,0,1.19897759328718,-0.888817092922401,-0.0248825171600992,0,1,0,0,0
4,0,1.677553585782,1.75955600994272,0.186851512433513,0,0,1,1,0
0,0,-0.974319955411171,-2.83076312930643,-0.0385198233242084,1,1,1,1,0
0,7,-0.160623291176177,0.454325660583638,0.186827795730903,0,1,0,1,0
0,2,-1.61234146102304,0.669660622347893,-0.576465591431519,0,1,0,1,1
0,13,-0.277150723769342,0.748717718304858,-1.263462635102,0,1,1,1,0
4,1,0.0909058907994296,-0.205741841186341,-0.526408978314286,1,1,1,0,0
2,0,0.408647919696537,-0.302932872032521,1.05684559387606,0,0,0,1,0
5,5,0.600308506901355,0.603576714724076,-1.01581199175128,0,1,1,0,0
1,2,-0.961603488510729,-1.61675687888541,1.0083517355713,0,0,1,1,1
0,0,-0.538131347311481,1.27719242718133,0.453148580583334,0,1,1,0,0
6,2,-0.302571365301786,1.83535883434016,-0.350880278075178,1,0,1,0,0
0,1,-1.48276497728502,-0.59203010266449,-0.489445643020431,0,1,1,0,0
0,0,1.43741206915253,-1.45778141805167,0.234232309092029,1,0,1,0,1
2,0,-0.0376841996111148,-1.91708486545738,-0.108473877902321,1,1,1,0,0
11,0,1.25740859869794,0.0155714646866502,-0.605157052470381,1,1,1,1,1
5,1,0.491034792373833,0.692013278849822,-0.731406129947303,1,0,0,1,0
7,0,1.49533483145427,-0.0972785987010439,-2.44281393291858,1,0,0,0,1
0,4,-1.04945674910402,-0.359720268964478,-0.294852709956281,1,1,1,0,0
5,1,1.57789682633243,-0.343405672965342,0.262802220202033,1,1,1,1,0
0,0,1.16310065069349,-2.17171058883336,-1.44108650518398,1,0,0,0,1
9,0,0.695184866777433,0.747608743849569,-0.442035237620831,1,1,0,1,0
5,2,0.726296445163294,-1.81342658477236,0.532825074198942,1,0,1,1,0
2,7,-1.68186356446708,1.56982435536825,0.0476040629800224,0,1,0,1,0
2,4,-0.0614633684176462,0.0211818379858338,0.158829143654682,0,0,1,1,0
3,0,1.25048602364465,0.694049161363697,0.939112228484713,0,1,1,0,0
0,2,-1.8736746283631,0.0163908199994979,0.121211074737873,0,1,0,0,0
2,2,-0.375762076957633,1.57465812792232,-0.212525264031735,1,1,0,0,1
0,0,-1.08606150861401,1.17171975572488,0.589491280396725,0,1,1,1,0
4,5,-1.20963163160859,1.5065969226061,-0.773616373580662,0,0,1,0,1
6,1,-0.267195881528275,0.0434425461319757,-2.03135861140107,1,1,1,1,1
0,1,-0.896947426910592,0.292492849925209,1.16674720727599,0,0,1,0,1
0,4,-0.309186339689102,-1.8546945549303,-1.28760405134934,0,1,1,0,1
0,2,-0.409723675206422,-0.72233568589641,-0.211072052411842,0,1,1,0,1
0,1,1.31947937672711,-0.487381182708767,1.00872347898092,0,0,0,0,1
1,2,2.27451913109347,-0.92884900954,-1.00804577888943,1,0,1,0,0
2,1,0.360334326212642,-0.297182375396762,-1.30643645674253,1,1,1,1,1
1,8,-0.850636903620848,0.281079755208694,0.905434138298316,1,0,1,1,1
0,2,0.0172332253670982,-2.01620305488304,1.81816533064639,0,0,0,0,0
1,0,1.83097365564438,-0.213789910250028,-0.559174362294399,0,0,0,1,1
0,3,0.237870051395667,0.356872358318906,-1.07069263869319,0,0,0,0,1
7,1,1.49094570793583,1.0027721758261,-1.04738796155091,0,0,0,0,1
6,0,0.0144357400188961,0.19991387006038,-0.547386067986984,1,0,1,0,1
1,1,-0.0649324478987272,-1.85954554452304,1.9649945879562,1,1,1,0,0
0,3,-0.277153501997238,-1.11563835026633,-0.17617497838629,0,1,0,1,0
2,0,-0.29887498158884,-0.0406016644246059,0.618530425225125,1,1,1,0,0
2,4,-1.19589666554565,-0.552039750138224,0.909138497440557,0,1,1,1,0
0,1,1.22718774486136,-1.26289982161052,0.430111456715775,0,1,1,0,0
1,1,-0.0298317505581523,-1.17357289975424,-0.847477555700739,0,1,0,0,0
4,3,-1.63800653446778,0.885804625613624,1.23610306433489,0,1,1,1,0
3,0,0.121943132768037,-1.45937050795571,1.35539841137553,0,0,0,1,1
4,1,0.572623708947114,0.953631118977261,-0.216037167471227,1,1,1,1,0
3,9,-0.143937707101003,0.0970856513869666,1.1655009421812,0,1,1,1,0
0,0,-0.174050974716496,0.64107669966618,-1.37739122884595,0,1,1,0,0
0,0,-2.09091541141039,-1.67182176747626,-0.479672436428267,0,1,0,0,1
1,2,0.929675833965612,0.479476924368216,1.31612091426141,0,1,0,0,1
7,0,1.17482456179011,2.14370068332616,-1.23849410076263,1,1,1,0,0
4,6,0.541451827497793,0.583528405668881,0.942889858331169,0,1,0,1,0
0,1,-0.248317046282688,-1.3173074133663,-1.34392011563223,0,1,0,0,0
1,1,1.45684888287953,-0.69113480212889,-0.310314284622039,1,1,0,0,0
3,0,-1.19506388816287,0.713433913644505,-0.445649020639214,0,0,0,0,1
2,0,-1.60607977604955,1.16283067755368,1.1598056376898,1,1,1,1,0
7,0,1.43377630545474,-0.551713637098098,-0.120749150456819,0,1,0,0,0
0,0,-0.408773443187547,-0.866569986538093,-1.14234223023302,0,1,0,0,1
6,0,1.74243866305955,0.822284720861989,-0.634837557605903,1,0,1,1,0
1,3,-0.513025558892079,-0.621227671527387,0.790445474642552,1,1,0,1,0
0,1,1.08794168343767,1.21292748317077,-0.0600602660974472,1,0,1,1,0
1,1,0.758974351333957,1.55721448966006,-0.357895676601015,1,0,1,1,0
8,1,0.25905938489109,1.34937630359085,-0.554068072340293,1,0,0,0,0
2,2,-0.427563770265298,-1.39010213995576,0.97821501839676,1,0,0,0,0
2,0,-1.11815177116299,-0.912427140524178,1.13841224151435,1,1,1,1,0
3,3,-0.740086335495107,-0.0748988116910682,-0.975639647271252,1,0,0,0,0
1,8,0.779083328253244,1.04351022302835,-0.267569960829533,0,1,1,1,1
2,3,-0.0387594684022465,-0.339332526626592,-0.213902774023852,0,0,1,0,0
1,0,-2.22021665994875,-0.0513907040884059,1.12626779874765,0,1,1,0,0
3,1,1.42322043283,-1.36819006802801,-1.4315128822459,1,1,1,1,0
2,5,-0.0839462003749009,1.50845162171603,-0.60232527553666,0,1,0,0,0
2,0,-1.40272794791553,-1.01300744127114,1.19133968328256,0,1,1,1,1
5,4,-0.611921369583848,-0.388823531008503,-1.42102460819445,0,1,1,1,0
6,1,-0.385665220936126,0.225163679538251,-0.732486126444418,0,0,1,1,0
0,0,-0.423748535086138,-0.180939775763131,-1.62967618704398,1,1,0,1,0
0,10,-0.105068936977187,1.10864754218418,0.978986150670899,0,1,0,0,0
9,0,-1.9521200492586,0.525655830534111,-1.55764529450185,1,0,1,1,0
2,0,1.0754275225648,-0.762464305434381,-1.01828533991073,0,0,0,1,0
0,0,-1.09303084551663,0.141167631342639,-0.741646040481819,1,0,1,0,0
6,5,-1.04448216784926,0.0364815200293159,1.07522601921039,1,0,1,1,0
2,0,1.29233872751225,1.59672705784042,0.719304601743697,1,1,1,0,0
5,1,-0.121450548249778,1.44140245601535,-0.950027765232978,0,0,0,0,0
0,2,0.0648260493105348,-1.15103852279072,0.292411363941384,0,0,1,0,0
0,0,0.378941072331382,-0.849931889758114,-1.89989292329684,1,1,0,1,0
4,2,1.13673745242885,0.197847307265925,1.40275629435942,0,0,1,1,0
3,1,-0.270040944792266,1.22904045491391,-0.0808780386790348,1,1,1,0,0
2,2,-0.433494500569462,-0.300158543152703,1.08125735166622,0,1,0,1,0
0,0,0.298732462260466,0.220708547061908,0.887436256335989,1,0,0,0,0
0,0,0.166572736366221,0.15305357887762,-0.267704508326987,1,1,1,0,0
2,1,0.26505280348265,-0.926977992372441,1.48609587421402,1,1,0,0,0
1,0,-1.03682397834148,-1.00295174606318,-0.198047616593961,0,0,1,1,0
1,2,1.52547929217697,0.379295076851965,0.0701743565662604,0,0,1,0,0
3,0,0.741610061493453,-1.37535954947904,0.410868891524507,0,1,0,0,0
1,2,-0.294618101527729,-0.150225790721801,-0.359443528004914,0,1,0,1,1
0,1,1.02427048922943,1.09221995054322,-0.0218104890289203,0,1,1,0,0
2,0,1.34312063396986,-0.531092654793299,-0.270443782531977,0,1,1,1,0
0,1,-1.35688785228914,-0.609461311601546,0.20140858033394,1,1,0,1,0
0,3,-0.579556530006397,0.35738813800467,0.491554587253956,0,0,0,1,0
0,2,0.862561699220898,0.653126233378489,3.10135222213083,1,1,1,0,0
0,0,0.414829965267911,-1.9242704292475,-0.957033094045516,0,1,0,0,0
0,0,-0.214387143571376,-0.328689663806262,1.3148917929624,0,1,0,1,1
0,0,0.0987967998172369,-0.440314633103972,-1.1964181588675,1,0,0,0,0
1,1,0.0116570274417478,-0.775035437891622,0.523537338390748,0,1,0,1,1
7,4,1.38905806867937,2.98981878886529,0.317678253317079,1,0,1,0,0
0,2,0.189358308501071,1.0974423627774,-0.233594635322541,1,1,0,0,0
0,3,-0.591138353521721,-1.59434631455933,1.73763076206279,1,1,0,0,0
0,0,-0.7985875582215,-1.37320307060727,0.631240817860654,0,0,0,1,0
1,1,-0.628223122700068,-0.0160877888321328,0.385318603110823,1,1,1,0,0
2,0,-0.349768774692912,0.51910021475377,0.498308868682901,1,1,1,0,0
0,10,0.333435367597907,0.742841040388312,0.410937796307611,1,1,1,1,0
0,2,0.0648754276356843,0.339840941605364,0.292214245473887,0,1,1,0,0
4,1,-0.254312897472856,0.88653736943667,-2.48203110434219,1,0,1,0,0
2,12,-0.689526377047223,0.75769916153812,1.10225419382016,0,1,1,1,0
0,2,-0.585349346432916,2.78937711962161,0.310018791168409,0,1,0,0,0
0,1,-0.261954042573691,0.168642434160083,1.74412308078695,0,1,0,0,0
2,2,-1.91871244161669,-0.978770326140765,-1.01800884692056,0,1,1,0,0
0,1,0.170840295776179,-0.274235408950288,1.6428354149578,0,0,1,0,1
1,3,1.91330745880889,-0.899093350667134,1.41863926995251,0,1,1,0,0
8,0,-0.850032682571067,0.609419020417123,-1.6317754622113,0,0,1,1,1
1,1,-1.77636550657248,0.90630700434726,0.0928205337545265,0,1,1,0,0
2,0,-0.587382064891228,1.25667907485812,0.195994739617182,1,0,1,1,0
0,0,-0.885933389300852,-1.5620513661602,0.833884345889099,0,1,1,1,0
4,0,-1.1340711455334,0.168662100719816,-2.45918530945479,0,0,1,0,0
2,0,-0.233228656573893,0.143356600283896,1.39400772616402,0,1,0,0,0
0,0,0.290640925114775,-1.95309770232362,1.51827639779102,0,1,1,0,0
7,2,0.614667095283139,-0.226546489053677,0.299708659606647,1,1,1,1,1
2,3,0.917489594043616,0.93867046462582,0.38982089291154,0,0,1,0,1
6,0,0.651240157857735,0.662478948633134,-0.855623652089219,1,0,0,0,0
1,1,-0.8607759412558,-0.165277898585895,1.21389635541863,1,1,1,0,0
2,3,0.90256242729338,1.26798413204866,-0.380011059984273,1,1,0,0,0
6,10,1.87728938033752,1.51548214420766,0.0267142415260471,1,1,0,0,0
2,3,0.249765231978377,1.52541845497818,1.07418770403885,1,0,1,0,1
3,1,1.01029879862076,1.37200452219167,-1.58120147846912,0,0,0,1,0
0,0,-0.331192532487861,-0.421040265085818,-1.28386452227381,1,1,1,0,0
0,1,1.09799801995649,0.0810118923260924,-0.779506768148192,1,1,0,0,0
1,2,0.68791950045072,-0.559853428899421,-0.44144486711492,0,1,0,0,0
1,1,0.576513836040822,-1.55798259492757,-0.831420603342094,0,1,0,0,0
0,1,1.09392961070693,0.80119489407611,-0.582281877656061,0,1,1,0,0
4,3,-0.771174556495627,0.225898780639024,-0.244690568197655,0,0,1,0,0
6,3,0.906803430081822,-0.547762158171781,1.28202249411423,0,0,0,0,0
2,4,1.14454012702988,0.910220399628786,0.851759577244405,1,1,0,0,0
2,5,1.42969536516202,0.216776541454299,0.443125207620915,0,1,1,1,0
4,1,-1.00954185796604,1.47286204734138,0.689969384080123,1,0,1,1,0
3,1,0.361761653296614,-0.462417297260316,0.166607063984965,0,0,0,1,1
0,1,-0.0653709603290089,0.072605514707247,0.038878471622167,0,1,0,1,1
0,2,0.00852063946253091,0.73010183465535,0.282774895834625,1,1,1,0,0
0,1,0.347024459549806,-0.413855325479647,0.480571354929756,1,0,0,0,0
2,0,0.567445575665087,0.768890376573419,-0.23176394898209,1,1,1,0,0
3,4,-1.91187607766488,0.821194558427961,-1.07463855186827,0,1,1,0,0
1,0,-0.291257981972135,-0.927118861535109,0.942250135534169,1,1,0,0,0
1,5,-1.39075684659926,-0.353093594848542,-0.56447445081078,0,1,1,1,0
3,1,0.328558633912951,-0.360489887949214,0.919117911446237,0,0,1,1,0
0,0,0.377863797343071,0.631604445747611,-2.19963963662109,0,0,1,0,0
1,2,-0.61511871080996,0.787802968348233,0.55902496597645,1,0,1,1,0
0,4,-1.31353299769765,0.54524703063421,-1.44617600876684,1,1,0,1,0
3,0,-1.33654593180815,0.919207918657521,1.22595397215072,1,1,1,1,0
5,3,-2.95144862723178,-1.4182845453027,0.986471428645497,1,1,0,0,0
2,9,-1.43929152216817,-0.549480045697798,-0.647566921296928,0,0,0,0,0
16,0,2.82296781630931,1.35056986365114,0.495309550934975,1,0,1,1,0
2,2,-0.142310602292934,-0.685673088802427,-0.150107568059619,1,1,0,1,0
0,1,0.336551872972114,0.398841352008723,0.743607944548149,1,0,0,0,0
2,0,0.749885349892786,-0.496834537947282,-0.212379533932551,1,0,1,0,0
0,0,1.9903396112801,-0.947512093233877,0.0489743625924945,0,1,1,0,0
0,0,-0.0403528243448615,1.36805370923725,0.503425362886466,0,1,0,0,0
1,1,-0.0667830697645877,0.653931926703343,0.150958082700471,1,0,1,0,0
0,2,-1.01770528348119,1.19840274321247,-0.440706466300243,0,1,1,0,0
2,3,1.23003879621589,-0.207153199383243,0.359670902656542,0,1,0,0,1
8,2,-0.815936017481511,2.66060750564269,-1.20925764944189,1,1,0,0,0
3,10,-1.08841460239902,1.67563634918334,0.134397176152089,1,1,0,0,0
1,4,-0.0647728485242076,0.757492455467533,-0.544266039844666,1,0,0,1,0
0,2,1.68453876041019,0.1439272440786,0.533340283934608,1,1,1,0,0
0,0,0.681098592009829,-0.472259986908956,0.8240467033451,0,1,1,0,0
3,4,-0.569401282664559,-0.373481282696628,1.39160834629135,0,1,0,1,1
5,4,-1.16422921623086,1.75729868425789,0.895257856203656,1,0,1,1,1
1,0,0.739924067896498,0.150049532818253,-0.367894636558206,0,1,0,0,0
1,1,-0.895868304307407,-1.36164875477133,-1.06950827516541,1,0,0,0,1
1,1,-0.0790745722575842,0.205818931023653,0.582334391144319,1,1,0,0,0
2,1,0.350291526290642,1.11429106808515,0.571912319564221,1,1,1,0,1
2,4,-1.06710867182791,0.900511467656304,-1.24566748843404,1,1,1,0,0
2,1,0.729291674405217,0.291429986806645,1.09217909025761,0,1,1,0,1
6,1,-0.953580424458848,-0.529391253353312,-0.291212106236325,1,0,1,1,0
1,6,0.404602491938897,0.942304167614029,0.346543887512917,0,1,1,0,0
3,4,-1.86719557842659,-1.13717054523087,-0.324745071464005,1,1,1,1,0
8,1,1.72051126706356,0.946540599106577,-0.312830685829397,1,0,1,1,0
0,1,-0.271188781242285,-0.916635030124028,1.34194807843294,1,1,0,1,0
2,3,1.11658500132253,-0.487711654678644,0.0727292805626946,0,0,0,1,0
2,2,-0.561563196817781,1.63507188605061,0.231574903815254,1,0,0,0,0
0,1,0.513774993542297,-0.177088903538777,-0.644927974363584,0,0,1,0,0
1,1,-1.45453233931544,-0.838543674634692,2.2569508537418,0,1,1,0,0
5,1,-1.15450233916416,-0.718404423514748,1.08223571108754,0,0,1,1,1
1,0,0.955858428627902,0.408817098504868,0.904452787801436,1,1,1,0,0
1,0,0.587388720071419,0.970199837428104,1.06927887755293,1,1,0,1,1
3,1,2.5796723364604,-1.24477935126598,-0.747817455723702,1,1,1,0,0
4,3,0.860136966286316,0.993226659874243,1.47898014600845,1,0,0,0,0
0,2,0.0536132431480982,-0.00188615540749231,1.09131245816801,0,1,1,0,0
2,0,0.394325342692598,-1.53087532133652,-0.500745476024498,1,1,1,1,0
0,0,-0.39876662088737,-1.82727856289831,-1.80499607779696,0,1,1,1,0
1,2,0.543335428668233,0.0110389229450246,-0.561557611485552,0,0,1,1,1
1,0,0.885374820900651,1.60491877785265,0.100188321986437,0,1,0,0,0
1,0,-0.571228900566615,-1.32040827761377,-1.58207791861045,1,0,1,0,1
1,0,0.207091765381476,-0.969821822414274,0.0277088202908211,0,1,1,0,1
1,0,0.637572759099195,-0.362524720661381,-1.73771558093998,1,0,0,0,0
1,4,-0.715173236052243,-0.428632391002847,2.41141284102924,0,1,1,1,0
0,0,0.218116277516885,-0.0755028870677518,0.929638196288516,1,1,0,0,0
5,1,-0.0865861918909665,-1.48699305573747,-0.467194582428954,1,1,1,0,1
4,5,-0.387109191333552,0.10079678872722,-0.533693291218005,1,1,0,1,0
3,4,-0.90169811535575,0.909242903621149,1.26541271394569,0,1,0,1,0
0,2,0.143471453700136,-0.798672051448197,0.893224397492,1,1,1,0,0
1,1,-0.457904422824124,0.0172272719397015,0.00433764543744964,1,1,0,0,0
4,11,0.794520136408752,2.13763361293075,0.846314997556828,0,1,1,0,0
12,2,1.48588868095114,1.12619114878848,-0.332417867062587,1,0,1,1,0
1,7,-1.04810651461062,2.01473574297289,-0.0501150445590281,0,0,1,1,0
7,3,0.371386029145694,0.0728539427728528,-1.16329260146469,1,1,1,1,0
2,4,-1.10127976639503,1.20475743293497,0.12084832769888,0,0,1,1,0
13,3,1.01467650061992,0.0687311088993815,0.120267165163647,1,0,1,0,0
3,6,0.498136776926366,-0.293951115142166,0.965981500349958,1,1,1,0,0
1,2,-0.509421661073674,-0.316867329174634,-0.188693552471743,0,1,1,0,0
1,2,-2.09490800690264,-0.171441475537748,1.38427923942034,1,0,1,0,0
2,0,2.45792738581455,0.718791153199771,-0.301174126178311,0,0,1,1,1
4,1,0.598783928250454,-1.18483141343433,-0.0307857786478097,1,0,0,0,1
3,0,0.552274590368309,-1.8149640315388,-0.184024465376879,0,1,0,0,0
11,2,0.281780976422548,0.578816616579037,-1.32710902691944,1,1,1,1,0
0,0,-1.1101428982342,0.125038740829446,-0.516537551369166,0,1,0,0,0
2,2,0.900349873367238,1.09704719361433,1.96072768617326,0,0,0,0,1
0,4,-0.453178201748017,-2.12138922047685,0.864828043986283,0,1,1,0,1
2,0,-1.98272215991997,-0.440716106384795,-0.995335630322415,0,0,0,0,0
2,2,-1.81247675140976,-0.182387705119703,0.021631287422616,0,0,0,1,1
2,4,0.417413307972868,0.730130841227685,0.305239924159542,0,1,0,0,0
2,1,-1.29286806303544,-0.496916174750481,0.257841503281348,0,1,0,0,0
9,0,1.33926675220684,-0.943943767048296,-0.365913944140321,1,0,1,1,0
2,1,1.00405728354318,-0.401536525112234,-1.53315878025836,0,1,0,0,0
0,1,1.08379450996924,-1.53618717748471,1.21476458559539,1,1,0,0,0
0,1,-0.125671091888527,-1.03931070848328,-0.262980444716931,1,0,0,0,0
0,0,-1.56636631565692,-0.0974368081606305,-1.15078392357522,0,0,1,1,0
3,4,0.321886263332835,0.0714474351162595,0.304235121794766,1,0,0,0,0
1,2,0.257728361084912,-0.311620375379388,2.8118044736717,0,1,1,0,0
1,6,0.587295498119052,1.32027257410134,1.16773575987099,0,0,1,0,0
2,3,-0.473702332026054,-0.39381314091555,-0.0206768556321237,0,1,0,1,0
0,4,2.05862781315282,0.911709620873241,0.0679598077616033,1,0,0,0,0
0,3,-2.57306032279242,0.115488770721978,0.480167179913243,0,1,0,0,0
0,0,1.0019709404594,1.19893420989171,0.377171607560352,0,0,1,1,1
1,1,-0.137848812885829,0.719305564248087,0.530794936411826,1,1,1,0,0
1,0,0.23200388030281,-0.710385150745403,-0.360767898713046,0,1,1,0,0
6,4,1.30465254668894,0.495830977978951,-0.903084343118744,0,0,0,0,1
0,0,-0.572072735054414,0.793300088313213,0.0690254586620449,1,1,1,0,1
1,2,-0.178526506070648,-1.28715154518253,-0.817706265320496,1,1,0,0,0
0,0,-1.31088277421952,-0.758492635205189,-1.28599591466549,0,1,0,0,0
1,0,0.792188547846344,-1.01692702924513,1.64327436175436,0,0,0,0,0
7,2,1.60206466516158,1.24173809339043,-0.699448552183331,0,0,1,1,1
3,0,0.861638036760145,0.256834563153681,-0.283024079091563,0,0,1,1,0
4,1,0.29033099600119,1.24908698694658,-0.059894772503182,1,1,1,0,0
0,3,-0.0364366374813213,0.674863147948981,-0.353250169791116,1,0,0,1,0
1,0,0.0500921719381004,-1.72123260585933,0.95778020553323,1,0,1,0,0
1,0,1.84697267563833,1.01586573272399,0.785520334648061,0,1,0,0,0
2,2,0.00338790639509243,-0.448556136837014,2.84516385105279,0,1,0,0,0
3,0,0.4626940181689,-0.638391812825962,-0.795168634999157,1,0,0,0,0
1,4,0.367105821004205,0.183744442737358,-2.21019874786968,0,1,0,1,0
3,1,-0.89786172871197,-0.455101381893568,1.01794138974331,1,1,1,1,0
1,0,-1.19429600187533,-0.490917276872637,-0.937350244569498,1,0,1,0,0
1,4,1.30020180655839,-0.636945291811131,-0.161248442553964,0,1,1,1,0
6,1,-0.679347639985235,0.554084205776181,0.648370897421689,0,0,1,1,0
3,1,-0.371060824604766,-0.38844674589174,-0.473250850445469,1,1,0,1,0
5,2,-0.626033870225869,-0.697007910815068,0.742139074154637,1,0,0,0,0
1,1,-1.84639355710977,-0.365980295862744,-0.338147971511494,1,0,1,0,0
2,1,2.1339107295992,0.521991659674013,-1.26186512888933,1,0,1,1,0
1,2,0.589183310381135,0.0109459522506993,-0.743576099783608,1,1,0,0,0
1,0,-0.348452915265096,-2.5700227449705,-1.77258198739184,0,0,1,0,0
1,0,-0.792984105686092,0.118768068767831,-0.0416697339845391,1,0,1,1,1
2,1,-0.463279325233486,0.1376913573503,-0.112940663764136,1,1,0,1,0
3,4,-1.15951989400318,-0.630786734905183,-0.539449886574246,0,0,1,0,0
1,1,-0.351430993589976,-0.370907339699455,0.33536413890595,1,1,1,0,0
2,0,0.705968994128826,-0.857102387127676,0.0163399966932673,1,0,0,1,0
3,2,-1.07960010084746,-0.823020479047701,1.15728741884155,1,1,1,0,0
2,3,-1.26911203105787,-0.972673017451331,1.96187993582297,1,1,0,0,1
4,0,-1.97120439437396,-0.301119796314376,-1.07002622145581,1,1,0,1,0
1,0,0.0711108259702361,-1.30628336305954,0.74005368083231,1,1,0,1,0
2,3,0.523268574252453,-0.117902707954201,-0.475230727133661,0,1,1,0,0
7,1,-0.77455445955775,1.75934933739788,-0.605713799312478,0,0,1,0,1
0,0,-0.54596664665424,0.660387491006248,0.0621619280347713,0,1,0,0,0
0,2,-0.615483624187272,-0.373855839627463,1.7291196114729,1,0,0,0,1
1,1,-0.769972650400426,0.0148068218750719,-0.047112984573137,0,0,0,0,0
0,4,-0.558578943076159,-0.0797102810775549,-0.0936147665525338,1,1,0,0,0
0,1,1.62188234547974,-0.452232689092428,1.08131602968163,1,1,1,0,1
3,5,-1.31951314304382,0.175713523206406,-0.44954842624173,1,1,0,0,1
2,0,-0.756735965020585,0.479878787297266,0.0543707170788113,1,1,0,1,0
1,3,-0.104242234051772,0.247272235411845,-0.0857498778231488,1,0,0,0,0
2,3,0.281453682531637,-0.787078030175696,-0.269668255372873,1,0,0,1,0
1,4,0.79418154075065,-1.08937801426156,0.113177189343553,0,1,0,1,0
2,2,-0.160178674699026,1.16353193522113,1.18863487443876,1,1,0,1,0
2,1,0.990813045417702,-1.52226276019233,0.433231835677985,1,1,0,0,0
26,2,1.65447919691338,0.57684003356163,-2.52553086798205,0,0,0,1,0
2,2,1.1571574014868,1.92470230329992,1.62589120068389,1,0,1,0,0
5,2,-0.438345220284572,-0.400729734266196,-0.569624171102595,1,0,1,0,1
5,0,1.25416904581299,0.693646521768127,-1.10840542808331,0,0,0,0,0
2,2,-1.5395525527921,-1.23894157369308,-0.918348875466811,1,0,1,0,0
0,0,-0.757424215241552,-0.0489791759500857,0.726505189536393,0,1,1,0,0
0,2,0.529623784157891,0.338809211944681,-0.745456342114884,0,0,1,0,0
0,2,0.310286342025115,-1.16544384483375,2.15153694255922,0,1,0,0,0
2,1,0.745674580550741,-0.104845003567996,-0.235195922420996,1,1,1,0,0
9,3,1.02035065659769,-0.335676038512849,1.45057110648449,0,1,1,1,0
8,0,1.04359249604611,1.30680917271909,-1.20279851179597,0,1,1,1,1
4,6,-0.329195760094416,-0.369368300898278,-0.0183517414768912,0,1,0,1,1
0,0,-0.253053737908008,-0.259781879045569,0.687038259559068,1,1,0,0,0
1,1,1.20351910575655,0.510990212089289,-0.291922978037431,0,1,1,0,0
0,0,-0.394847819311298,0.0387272019666285,-1.70733009029724,1,0,1,0,1
5,3,1.79858608923735,-0.143800003690855,0.939011358717583,1,1,1,0,1
0,0,0.41538611099273,-1.341310467638,1.15860721706512,1,0,0,1,0
6,1,-2.06902001671369,-1.73475275151962,-0.993008639895509,1,0,1,0,0
0,2,-0.879269697609619,-1.06368612302044,0.409649359780246,0,1,1,1,0
0,1,1.57919313133542,-0.789482630016768,-0.350699576610163,1,0,1,0,0
3,0,0.665185291666161,0.671510689303614,-1.10695650323504,1,1,1,0,0
1,2,-0.993456617387253,0.0741909267155919,-0.645608071758859,0,0,1,0,0
1,2,-0.676556524362313,-0.521173350178945,-0.936831977344488,0,0,0,1,0
1,3,2.40491932831267,-0.726680187114764,0.77598446848687,0,1,1,0,1
2,1,0.18066576625064,-0.897830270696937,0.513114037053394,0,1,0,1,0
0,5,-1.70333643730376,-0.434671363626164,1.97118214508575,1,1,1,1,0
3,6,-1.4420843717359,0.505152789393978,0.83737910074769,1,1,0,0,0
2,0,0.787080565747126,-0.925595304278846,0.894834180495653,0,0,0,1,1
4,1,-0.274951173880729,-0.483559117403667,0.381207234522853,0,1,0,1,0
1,1,0.870996512166689,0.645359951379267,1.35394261978118,1,1,0,0,0
2,0,-0.720520726788528,0.976785890425435,-0.741591101210448,0,1,1,0,0
0,0,0.09387723051809,1.57493492295089,-0.8967655614456,0,0,1,0,0
0,0,-2.99214200274254,-1.87737566097169,0.832744455989022,1,0,1,0,1
1,4,0.926045432295627,0.294353798923206,0.341928109889473,0,0,1,0,1
4,5,1.076074596704,0.793876548494424,-0.0101409241616149,0,0,1,0,0
4,1,0.339242194711583,-1.75112878735694,0.0508185267174389,1,1,1,0,1
3,0,-0.0956856997940461,-0.266968373689696,0.624259360258969,0,1,0,0,0
8,0,0.27945101572026,0.81489730345517,-0.221141621207615,1,0,0,0,0
1,4,0.0300360447723009,-0.033318143757997,2.047980313939,0,0,1,1,1
2,1,-0.238328503713444,0.0315012712099062,0.3154676275755,0,1,1,0,0
2,1,0.791733447905272,0.486834015104515,-0.511788107130822,0,0,0,1,0
0,0,0.754107346777191,0.98116827067178,-1.11007717778238,1,1,0,1,0
3,2,0.783166010670348,-0.124420711467493,0.13365629529564,1,1,1,0,0
0,0,0.993137965203851,-0.853779356501758,1.74440758083121,1,1,0,0,0
12,0,2.22600207921327,-0.709783045546947,0.974316575884888,1,0,0,1,1
0,0,1.57758446667446,0.669721980624511,-0.143849297011931,0,0,1,1,0
3,0,-0.453993117593994,-1.2461321344286,-1.03865423385464,1,0,0,1,0
0,0,-0.449283907620885,0.706684175946588,0.395230930393926,0,0,0,0,0
0,1,0.207914722723999,-1.25419458246438,-0.227026386828836,0,1,1,1,0
9,0,-0.244611955854294,-2.75156186353943,0.0312423730139985,1,0,0,1,1
0,2,-0.709762673903192,-0.884411106511457,1.99302064188836,1,1,1,0,0
0,9,0.760727364713891,1.11652484226957,0.557458840248979,0,1,0,0,1
2,0,-1.14970658588408,-1.3412550970844,0.694245011350681,0,1,0,1,0
2,0,1.40957114437169,-0.278510344413029,-1.15298355622998,0,0,1,0,0
6,0,0.188921320338079,-0.295092746684684,-0.0606351656527959,1,0,1,0,1
4,1,-1.07969045773397,0.0383871979083679,-0.104054828746833,1,0,1,0,1
3,1,-1.52505188584363,0.974000451626956,-0.2462609776043,1,0,0,0,1
0,0,0.407066871972616,-0.698069127023662,-0.477366103579688,0,1,1,0,0
2,1,-1.01465327505705,1.25715164545066,0.274031866034907,1,0,0,0,0
1,2,-0.560651457932146,-0.415404619428957,-1.19367728498914,0,1,1,1,0
0,0,-0.39589957582274,0.554961779302862,-0.26093418253862,1,0,1,1,0
3,1,0.236229793176771,1.24390031106479,1.75184380237476,0,1,0,0,0
4,0,0.601274682643968,-1.56052493616382,1.8437700999869,1,1,1,0,0
0,1,-0.323661503062751,0.642443238936519,1.09335234088517,1,1,1,1,0
0,1,-1.12220056301125,-0.873962074464496,0.863268741887094,1,1,1,0,0
1,3,0.286441915450499,-0.905095473756838,-0.573211649695945,1,1,1,0,1
1,9,-2.23248377165305,0.516154097448434,-1.27954350095199,1,0,0,1,0
1,0,0.399318044666456,-2.30889100052791,-0.953699558206285,1,0,0,1,0
1,0,1.09308556234162,-1.60726510806664,-0.40322844573547,1,0,0,1,0
2,1,0.759470927829808,-0.428431718912205,-1.20174108944525,1,1,0,0,1
4,0,-0.565232517355787,-0.402811312698231,-1.50858145730356,0,1,1,0,0
1,1,1.78433023047574,1.32057073480527,0.915230210286749,0,1,1,1,0
4,4,0.0179067545993388,-1.30739872219553,-1.42302053970415,0,0,1,0,0
1,1,-0.929239728395118,-2.44142575421331,1.30299425787435,0,1,0,1,0
1,0,-1.00589390601622,-0.4004429994231,0.588699658015817,0,0,0,0,0
0,2,-1.27196100313355,-0.748996197454587,0.230898202917594,0,0,0,1,0
0,1,1.07490593637775,-1.15285764218576,-0.903455889772334,0,1,1,0,1
5,6,0.851636308354988,-0.396855572754929,0.226990899014299,0,0,1,1,0
2,1,-1.23302972160042,0.204249293442357,1.1536532141567,0,0,1,1,0
1,1,-0.233640746408638,-0.221548751489401,0.508823885889231,0,1,1,0,0
2,3,0.293902377145396,-0.683332505618087,1.60724510473806,1,1,1,0,1
0,0,0.951659452873796,-1.21219019389724,0.394933135169534,1,1,0,0,0
3,1,1.09530136575194,0.413326469131728,-0.483417405437843,1,1,0,0,1
2,2,-0.699589645383132,-0.124526102793294,1.07998818052541,0,1,0,0,0
11,0,1.47185446350006,0.193013720667356,0.637449315656711,1,0,1,1,1
1,0,1.15128710245227,2.29504160228865,-1.13349660965569,1,0,1,0,0
5,3,-0.273300048129244,-1.04716840489984,-1.4770330372848,1,0,0,1,0
2,4,0.534516100196057,0.882975949036778,0.287820710298735,1,1,0,0,0
0,0,1.67457205754556,2.04010005264219,-2.33608592783298,1,1,1,1,0
0,1,-3.33486891222068,0.679071596349058,-0.169470029826379,0,0,1,0,1
0,0,-0.357787096039394,-1.27459023543253,0.85439236766339,1,1,1,1,0
1,14,-0.602504694508826,1.27491636089781,0.232342124716849,0,1,0,0,0
3,1,-0.0178371501377911,1.46138732991556,0.468648515277144,1,1,1,1,0
5,0,-0.427747996639931,0.174819210090308,-0.403438173961514,1,1,1,0,0
3,6,-0.887375961350236,1.05250207267199,2.02660707209481,1,1,1,1,0
2,2,-1.07237815162143,-0.871974918821844,-0.272064477289559,0,0,1,1,0
1,1,1.04048153666453,-0.746854607870397,-0.885061009441279,0,1,1,0,0
2,3,-0.969685772352362,0.432917730270587,1.25995363125732,0,1,0,1,0
1,0,0.829749817427686,-0.627359158615896,1.00107639496771,1,0,0,0,0
1,2,1.23151298216308,2.98569403477607,-0.255435332010759,0,1,0,1,0
3,2,-0.894946297478931,0.526179315002442,0.499198729635812,1,1,1,1,1
2,2,-0.516184289361616,0.2382083191103,-0.110412423799383,0,0,0,0,1
2,0,-0.723257251391146,1.08414688847434,1.04291567403708,0,0,0,0,1
0,0,-0.062294527803425,-0.988608647619988,-0.197557950123689,0,1,0,0,0
2,0,1.65067477983868,0.0509814294395557,0.14382664136471,1,0,0,1,1
0,2,-0.0859231237456483,0.102241232819639,0.208024378323229,0,1,0,0,0
6,0,1.3735695507083,-1.61139716680701,-0.92634521487057,1,1,0,0,1
1,1,1.67413517329093,-0.196532664382729,-1.15871467451525,1,0,1,1,0
0,1,-0.425140104900693,0.921729748016574,0.466491312671721,1,1,1,0,0
1,1,0.691912789037993,-0.285998891369964,0.707771557165689,1,1,0,0,0
2,0,-2.3511649702093,0.378553213325274,-0.813412259268811,1,0,0,1,1
1,6,-0.561939177629522,0.311855072789863,1.20652262545226,1,0,1,1,0
1,2,1.45611161547501,-0.949492642085147,0.262613560612524,1,1,1,0,0
3,0,-0.74165800521559,-1.35291662707564,-0.452910412874681,0,0,1,0,0
2,3,1.83457252789661,0.131424468002297,-0.0898373145429536,0,0,0,0,0
6,3,1.63911375063994,0.423976609223709,-0.580643172624255,0,1,0,0,0
1,1,-1.97983718126535,0.00521482639688082,0.160686464235506,1,1,0,1,0
1,0,-0.71280209847537,-1.06976050415169,-0.290966347983073,1,1,1,0,0
0,1,0.291958830048366,1.46075314973152,-0.940950972327584,0,1,1,1,0
3,3,-0.644196813611513,-0.23734980685763,-0.248427487509223,1,1,0,1,0
0,4,-0.556849478275149,-1.29610679844333,0.569226938480849,0,1,0,1,0
1,1,1.32925594983776,-0.913889450724725,0.564309864040127,0,1,1,0,0
0,4,0.729416499592266,1.44035500610883,-0.77559131978437,1,1,1,0,0
9,1,0.313568195177086,1.61282077001602,0.255361502646261,1,1,1,1,1
0,1,1.88732181451096,0.0983560009731936,0.671332317006567,0,1,0,0,0
2,0,0.0140550546529363,1.38378940220996,-0.737631206754267,1,0,1,0,0
5,11,0.924084324520176,1.11943244461046,-0.319488079401181,1,1,0,0,0
2,3,0.133969188002613,-0.590825063112275,0.110949858592223,1,1,0,1,0
0,0,-0.621020524148588,-0.372403629244282,0.0246025660401341,0,1,0,0,0
16,3,1.17493952613928,0.0769602204563238,0.0578795877223197,1,0,1,1,1
4,2,0.88040851904152,-0.263129226917519,1.51114075577723,0,1,0,1,0
1,1,1.35076346534127,0.983023219803511,0.402444542187652,0,0,1,0,1
4,3,0.296230222962489,-0.188451189322265,-0.387930478341421,1,1,0,1,0
2,3,-0.571172217569297,0.319213616413578,1.3329012096931,1,0,0,1,1
4,0,0.845240748312308,1.53299649411862,-2.16909671102215,0,1,0,0,0
6,1,0.821796641587225,0.505191211621658,0.389213258740893,0,0,1,1,0
3,2,-0.616490916046349,1.76221419981757,-1.0776135207207,0,0,0,1,0
15,3,2.34185257243115,0.127256810597093,0.385402261385761,1,0,1,1,0
0,0,0.060375533427815,-1.07127729982019,0.455262605746479,0,1,1,0,0
6,9,-0.451004737078945,1.75425444840247,0.206044913785407,1,1,1,1,0
0,2,2.64066503069644,-1.06255831481751,-0.0514641533930923,0,0,0,0,0
2,2,-0.168156408815953,-0.420296519958432,1.74156102358699,0,0,0,0,0
2,0,0.989806300097698,-0.0720488525435864,0.711330123844632,0,0,0,0,1
2,2,0.762560819106249,1.6265339378909,-0.229076420189649,0,1,1,0,0
2,2,0.616392059668132,0.903169676067153,-0.415919531014018,1,1,1,1,1
1,0,-0.877876791778874,0.596914012089566,0.870089508023603,0,1,1,0,0
1,0,-0.661781734592882,-0.63512465319143,-0.201338691208622,0,0,1,1,0
0,3,-0.608504629032717,-0.373725937133739,0.962883416487346,0,0,1,0,0
0,1,-0.44989891258294,0.0229493374277904,-0.850044963580276,1,0,0,0,0
1,3,-0.47699096164719,-1.40976443152238,1.46941538322823,1,1,1,1,0
0,0,-0.198868858413364,-0.155208880049523,-0.898259615427573,1,1,1,1,0
0,4,-0.358303991061069,-0.537205811322087,-0.665327559908983,1,1,0,1,1
2,1,0.714078524356354,-0.730561677756717,0.193735210696683,1,0,0,1,1
1,2,0.717535337907112,-0.528136632314268,1.71634373404714,0,1,1,1,0
2,0,1.49407906299451,0.19405711614847,0.268114889246806,1,1,0,1,0
3,4,-0.884052620740425,-0.194635422851657,0.182756195797556,0,1,0,1,1
2,2,-0.0845043398119872,-1.1079113398294,0.197331186507564,1,0,1,1,0
3,1,-0.843296610225184,-1.17659752151815,-1.25853318969762,1,0,0,0,0
2,0,1.88438824355621,0.56781324562953,1.09821973328462,0,1,1,0,0
1,5,-0.105127085503653,-0.176659023147636,-1.567409033948,0,1,0,0,0
1,1,-0.838005093023302,-0.778138844519603,1.63565741846221,1,0,0,0,1
1,2,-1.54406553214214,0.499843069126924,-0.991493980723739,0,0,1,1,0
6,0,-0.337627229566782,-0.775772486294593,-1.3691294950687,1,0,0,1,0
3,6,0.501074907532048,0.318706649338522,0.629592145172354,0,0,1,0,0
0,2,-0.722373184780429,-0.793548344543863,-0.503672516658109,1,1,1,1,0
0,0,-0.0367343933252639,-1.52730592563556,1.92922968863474,0,1,1,0,0
2,1,-1.82531408176345,-0.804465692466613,0.152291653480164,1,1,1,1,1
1,4,-2.88913825076232,0.245826418967137,-0.1442893286329,1,1,1,0,0
1,0,-0.539342721977581,0.856763046971376,-0.612852928190548,1,1,0,0,0
3,0,0.525612673117675,1.5196727312426,0.53042639968631,1,0,1,1,1
4,5,2.22429382637133,-0.0862974961095512,-0.229575823549319,0,1,1,0,1
1,1,0.371012843151279,-1.38828047744289,-1.74416822534981,1,1,1,0,1
1,1,-0.886322707631606,-1.27182963071191,-0.572116331455996,1,1,1,0,0
0,0,-1.25564506238453,-0.285240980464115,0.650731607589164,0,0,0,1,1
5,1,0.637770711069536,0.142198764922089,-1.72036640542777,1,0,0,1,0
5,7,1.9289049780672,0.996448254336926,0.703071229024274,0,1,1,0,0
0,0,0.598696749829921,-0.0228998654590837,0.302096438952933,0,1,1,1,0
1,0,0.955871300187609,1.73322492576524,-0.951024628869042,1,0,0,0,0
2,1,0.460407486469997,0.0283954086615904,0.181807415363535,0,0,1,0,0
4,4,-0.639753317158076,-0.386291234465857,-0.468644456554617,1,0,1,0,0
4,1,1.46614501846081,-0.889443129465006,-2.28813809323512,1,0,1,1,0
1,2,-0.193367382179587,-0.48658292106122,1.2792614278821,0,1,0,1,0
4,1,-1.2502183558438,-0.87115634357266,0.478904110704883,0,0,1,0,1
5,0,0.368227108830866,1.21542587843066,-0.369456676513881,0,1,1,1,1
4,12,-0.0695006239630746,0.186585775201167,0.806144246666525,1,1,0,1,1
1,3,0.991908859786768,-0.785779152370189,-2.13561645266538,0,1,0,1,0
3,3,0.250217374906376,-1.09869633587539,0.346536132244953,0,1,1,1,0
2,4,0.476191897915879,-0.646210331534222,0.984977459328273,1,0,0,1,0
0,1,-0.691252532057843,1.1617313806098,2.56856649499238,0,1,1,0,0
3,0,0.730707615925515,-0.442091057721414,0.258750832237125,0,1,1,0,1
3,1,0.742385500735656,0.905746404957275,0.5432939490446,1,0,0,1,0
0,1,0.518524718726085,0.629063372877245,-1.56028357652201,0,1,0,0,0
0,3,0.910001247342439,-1.04051527534812,0.413413458365015,0,0,0,1,0
2,2,-0.169626621397325,-0.803770007804062,-1.47078478494621,1,1,0,0,0
0,0,0.196204044911713,-0.860803656148246,-1.74637762503513,0,1,0,0,0
3,1,-0.273310901194072,0.161750025873154,0.0830099190470035,1,0,0,0,0
4,1,-0.297451014024885,1.53433853993086,1.13983176580409,1,0,0,0,0
0,1,-1.14990360079508,-0.937207792515023,0.581113030056387,1,1,0,0,0
0,2,0.0978836192188133,1.62633814701311,0.953913435043122,0,1,1,0,0
0,0,0.545386534081999,-0.653040889565033,-0.678060503410486,1,1,1,0,0
0,0,-0.252762871971422,-0.476529058194365,-0.958446245121078,0,0,1,0,0
2,1,-0.181290971070963,-0.751438936257784,0.365659286299762,0,1,0,0,0
6,0,-0.455369029542423,0.725268451594614,-1.60852922717387,0,0,1,1,0
3,1,0.291093974108653,0.180508452946218,-0.66694949101439,0,0,1,0,0
2,4,0.856766342222373,0.269300794292414,1.18044704061786,0,1,0,1,1
4,2,1.02970745511592,0.981202988762635,-0.445877596473848,0,0,0,1,0
2,5,-0.24110298613717,-0.633876276197626,0.560839107818603,0,1,0,0,0
1,5,-0.237196861087442,0.544390831229282,-0.172565279138414,1,1,1,1,0
0,1,-0.58161349044412,0.943796199931193,-0.640329344302368,0,1,0,1,0
6,3,-0.824821522411302,-0.627560128338734,0.059883444534258,1,0,1,1,1
0,0,-1.4741830136607,-1.04685172309251,-0.182841774416313,0,0,0,1,0
4,1,0.112373740579584,-0.828838358331518,1.04099149960501,1,0,0,0,1
1,2,-0.91123950870845,0.349965996637612,0.438532353367612,1,1,0,1,0
3,2,1.97471623476238,1.88024375672832,2.18041124684879,1,1,1,0,0
3,1,1.20650955127793,-0.58474679217093,-0.225097090578148,1,1,1,0,0
2,0,-0.161543840146082,0.143301238360289,-0.619918215940216,1,0,1,0,0
8,5,0.907875288834337,0.644938058432065,0.198035413617692,1,0,1,1,0
1,6,-0.280932902064671,-1.83523444944947,0.461563478149185,1,0,0,0,0
2,1,-1.23513814285454,0.387903235290023,0.696183293850323,0,0,1,0,1
0,3,-0.859062637640848,-1.41883750161564,0.899537841385013,1,0,1,1,1
1,1,0.37046149095726,-2.50395405870338,-2.1129602144152,1,1,1,0,0
1,1,0.680062267056223,0.0406140519314241,1.04530274598075,1,1,1,0,0
6,0,-0.0937345115632056,0.150491321816624,-1.05133458949096,0,1,1,0,0
0,1,-0.895861779612046,-1.43596675271261,0.327757225702476,1,1,0,1,1
0,6,1.49680381516499,1.12514753688358,1.47187339322885,0,0,0,1,0
1,3,0.683796288358641,0.765770403552467,-1.27340181888449,1,1,1,1,0
8,0,0.538044654747588,-1.84102194416966,-0.12405333459936,1,0,1,0,1
0,1,0.0955658408440695,0.631406229262556,-0.333241336358287,0,0,1,0,0
2,2,-2.48100589295678,0.472919893459483,-0.193620029973146,1,1,0,1,1
1,2,-0.315294053603182,-0.359275498714034,1.36966576704093,1,0,1,1,0
1,0,0.929959581292552,-0.14890125929676,-0.367127351183396,0,0,1,0,0
2,0,-1.04171179612989,1.19428273538934,-0.571910950660415,1,0,0,0,1
4,0,0.391884532554483,0.354878569748794,0.169511728913555,0,0,1,1,0
3,0,0.0951266957108099,0.824107206010019,-1.39675842107155,1,0,0,0,0
0,1,0.679418626571859,-1.56505043847859,-0.114547112103477,0,0,0,0,1
1,0,-0.55000681761538,0.746653882944313,0.541297384044174,0,0,1,0,0
2,1,-0.398427997782062,0.0541989073395632,-0.370341188707224,1,1,1,1,0
2,5,-0.0381873578243763,-0.375805575869013,0.721978062359193,1,0,1,1,0
0,3,-0.125966682301463,-0.814685041212641,0.296206350240371,0,0,0,0,0
4,2,-1.20753903979397,-0.653429817999988,-0.490701122956822,1,1,1,1,1
3,0,-0.357916656327275,0.0159320467377518,0.228758634227303,1,1,0,0,1
7,1,1.6222291922874,-0.348442361699881,0.982384456631767,0,0,0,0,0
0,0,0.234897953842387,-0.781452655977517,0.481795542357921,1,1,0,0,0
2,0,0.0124101964281169,0.107325736404969,0.185761629321863,1,0,1,0,0
2,0,-0.263917811173763,0.501063583071842,-0.734136403499904,1,1,1,0,0
7,10,-0.149032480883749,1.4638955824894,1.13913236168361,0,0,0,0,0
0,2,-0.0588657089599649,-1.4093941063127,1.22217297786211,1,1,1,0,0
1,1,-0.949740253030968,-1.55471109784343,-0.460728813292228,0,1,0,1,0
7,4,-0.142053650868353,0.896372345499797,0.356739282071819,0,0,1,1,0
1,0,0.505630801110711,-1.04399789699834,-1.36943599423448,1,0,1,0,0
7,0,0.296127391490909,-2.3344068562085,-0.687917754329758,0,0,0,0,0
3,0,-0.191151069884085,0.364077939748676,0.565163826352858,0,1,1,1,0
1,0,0.11608015189252,-0.728799744658609,-0.306294694392142,1,1,0,0,0
0,0,-1.22482900463347,-2.10775790226007,-1.39162223486026,0,0,1,1,0
15,2,2.04276089909462,0.575462482918593,-0.0908048307516371,1,0,1,1,0
2,0,0.532322713791828,0.0335090880454595,0.243175473263067,1,0,0,0,0
0,0,-0.0527424301587339,-0.300234101169677,0.115214328139584,1,1,0,0,0
0,3,-0.680727290164872,-0.831453865404781,-1.31885512460778,1,1,1,0,0
3,5,-0.674157846017441,1.02757903873643,-0.666661739962242,0,1,0,0,1
2,0,-1.49283243656541,-0.139231572862057,0.211444816389586,0,1,1,1,0
4,1,-0.228590342446271,1.1194043499103,-0.343195979364593,1,1,1,1,1
0,1,2.03098569759299,1.70003058683425,0.456052001560596,0,0,1,1,0
1,0,0.105390713646205,-0.665627684923433,-0.508686246777108,0,0,0,1,0
1,3,0.509673472487777,0.666034916772278,-0.27774709958388,1,1,0,0,0
1,0,0.137916120140934,-1.62672160019579,0.297099743374975,0,0,1,1,1
0,1,0.984684747099557,-2.01925049833485,-0.757717198838264,0,1,0,1,0
3,0,1.16547811674589,-0.055841581353182,-1.21103076744843,1,1,0,1,0
0,0,-2.27899552223979,0.462786124240385,1.31868854345641,1,0,0,0,1
0,1,1.3436583589444,-0.136592481556315,-0.0632449779022833,1,1,1,0,0
1,3,0.00414857935360502,-0.799698536027417,0.656877056139182,0,1,1,0,0
1,2,-0.186192150156607,1.89219154951719,-1.16880216135369,0,1,0,1,0
3,2,-0.73347707632366,-1.83103199485139,-0.383299793974148,1,1,1,1,1
1,0,1.43041229833574,-1.06542456778546,2.21351062294012,0,1,1,0,0
1,2,-0.883686579967491,0.0548994776582698,-1.02646936421947,1,1,0,0,0
5,0,0.102639329245488,0.400336379111928,0.586863522858157,0,0,1,0,0
8,0,0.173019024684171,0.705448133388986,-0.548502686885951,0,1,1,0,0
6,0,0.725804554258597,0.0261244208771352,-2.48881982336599,0,0,0,1,0
1,4,-0.738748880699873,-0.853657274428354,-1.7655530722342,0,1,0,1,0
0,1,-0.658933527079398,-0.398094642753277,0.875421703041847,1,1,1,0,0
1,0,-0.869144064913919,1.61344331291059,-0.71181638589585,0,1,1,0,0
0,0,1.01548721002595,0.698636863906931,0.64970699191568,1,1,1,1,0
3,0,0.265345911030211,-0.277395160633163,0.103787785129617,0,1,1,1,1
1,1,-0.691561222378951,0.433556352602759,1.80385000885451,0,1,1,1,0
0,13,0.631083866521612,0.181995698382001,1.77379366204964,0,1,1,1,0
2,2,-1.09773017011883,-0.318604824247826,-0.372392785951772,0,1,1,1,0
4,0,1.03515745984002,0.447792656799006,0.479030747726322,0,0,1,0,0
2,12,-1.21170593326896,1.17002723772364,-0.00612323240029588,0,1,0,1,0
0,1,-1.36952989035854,-0.18384634649161,0.22905444144709,0,1,1,1,0
7,3,1.22697016354518,-1.59261920621625,1.06589862091809,1,1,1,1,0
3,1,0.196509571842293,1.50540991104227,-0.692370928949528,1,1,0,1,0
0,0,1.03188317389406,-1.39972484312361,0.3168133549482,1,1,1,1,0
1,3,-1.12811620124516,-0.449558980444116,0.765312037792377,1,1,1,1,1
0,1,0.616877183960451,0.20492612891586,0.873250910974203,0,1,0,0,0
2,1,0.772259418953065,0.504242090876099,-2.0780632033242,1,1,1,1,0
2,2,0.106931230516801,-0.337511547387345,0.709526826035434,1,1,1,1,0
6,0,-0.494228062831141,-0.732879324383043,-0.0148951589267789,1,0,1,1,1
0,0,-0.0128335265365381,-0.289685385767575,-0.802538533935134,1,1,0,1,1
0,0,2.48590915169487,-2.50986114197678,1.16727940195526,0,0,1,1,0
3,0,-0.422561921005319,-1.46871047659105,-0.00643701580718785,0,0,1,1,1
7,2,-0.661951941998014,1.03752410524688,-0.176638654026755,1,0,1,0,1
0,0,1.99498183347439,-0.204856002022041,-0.0702627729456662,0,0,0,0,0
1,3,-0.781961296991241,0.983096413455773,-0.400994090565365,1,1,1,0,0
2,0,0.224574261853269,-0.0159264219975578,1.11129746550128,1,0,0,0,1
0,0,-1.01033333169233,-0.845937675902588,-0.529480945280973,0,0,1,1,0
4,0,0.163844079769283,1.24457641139727,0.177192506013743,0,0,1,1,0
1,2,-1.38099879840124,0.307035760752336,-0.983974166206233,0,1,1,0,0
3,1,-0.419866651213912,-2.53376357676443,-0.527242880983607,1,0,1,1,1
1,11,-1.52789830892432,1.39875451325454,-0.451497988621653,0,0,0,1,0
5,3,1.28831456508243,0.41493788389483,0.394422813776884,0,1,1,1,0
2,0,-0.616863104026624,0.913367296901664,0.946021308635283,1,1,1,0,0
4,0,0.977545826022912,-0.690749020727667,-0.940085800943819,0,0,1,0,0
3,4,0.0705649651950324,-0.369079618671143,0.901517510871809,1,0,0,1,0
0,0,0.641295676476088,-1.71891870167932,1.21903603486135,1,1,1,0,0
0,2,-0.965721700518139,-0.307853093413781,1.36013427587791,1,1,1,0,0
2,1,-0.359825617911075,-0.0182366835457867,1.04431022688596,1,1,0,0,0
4,2,0.316628093180486,0.820821398658739,1.23921654667684,1,0,0,0,0
2,2,-0.154034566259685,-1.25613712213312,-0.281282860946246,0,1,1,1,0
0,0,0.612227727971192,0.382507038470136,-2.27363283083985,0,1,0,0,0
1,0,-0.173510275966007,-1.23395346178074,-1.77926690903019,1,0,1,1,0
4,5,-0.716839023704155,0.497579304620868,0.922430917668352,0,0,1,0,0
1,18,-1.55296047589967,1.29933275612977,-0.7441437958184,1,0,0,1,0
3,1,0.248944860935967,0.285863169016134,1.58222001093282,1,1,0,0,1
7,2,0.566683318554119,-1.18305661219857,0.128037772843984,1,1,0,1,0
2,3,0.0608253318281287,1.42571338184726,-1.05655831894117,0,0,0,0,0
0,0,-0.534135736755572,-0.0748341857048758,0.785765041870998,0,0,1,1,1
1,1,2.21570646959536,0.887525846216764,0.383027722988851,1,1,0,0,0
4,2,-0.185232595076563,-1.0291376037,-0.09769122210481,1,1,1,1,1
0,3,-1.12493753794972,-0.503072242230322,0.087761970690531,0,0,1,0,0
4,2,-0.275893167370124,1.3341152001598,-0.225313043762946,0,0,1,0,0
4,1,2.37760275965638,-0.137812301835749,0.330189916642455,1,1,1,0,1
0,2,-0.356682296747568,-0.737099972498458,0.296347473986473,0,1,0,0,0
7,2,0.715894648887569,0.043016743867081,0.412964218065619,1,0,1,0,1
2,0,-0.161127874173976,0.449471106761255,-0.639733179220768,1,0,1,0,1
5,1,0.798548935635764,-1.89952416349479,0.115214192071925,0,1,0,0,0
6,2,-1.02407024527485,1.82977094171083,0.555471937353329,0,0,0,1,0
5,0,0.136135369470696,-1.36822782217691,-1.51894847123304,1,1,0,0,0
1,2,-1.24793771928645,-0.0616965160682043,-0.502805536080537,1,1,0,0,0
0,3,-1.0862254035414,0.00315530658312896,-0.515170403770307,0,1,0,0,0
7,3,1.16139362759315,0.465663157654596,-1.1686214101631,0,0,1,0,1
6,9,-0.240144973012225,-0.485368038454845,-1.354190225722,0,1,0,1,1
0,0,-0.6681775376158,-0.144793369076073,-0.793007304062742,1,1,1,1,0
4,0,0.982662954087098,-0.20307217044139,-0.616538448004376,1,1,1,1,0
0,0,-1.35471257324806,-0.0461760177922691,0.642689139264378,1,1,1,0,0
3,2,0.196067076441631,1.84486808723259,-0.721514029018486,1,0,1,1,0
8,0,-0.391946760782579,-1.4400872401758,-0.601631180246219,1,1,0,1,0
2,0,0.351027763145535,1.62312409880119,0.340945703300016,1,1,1,0,0
1,3,-0.72807235394668,1.17132340236526,-0.353730704373782,0,1,0,1,1
1,0,1.33517146753021,-0.76187067833969,-0.893475141076672,0,0,1,0,1
0,1,-1.05102110525001,-0.0060816889449023,1.36112598583831,0,1,0,0,0
2,1,0.900683509625635,-1.79210546439355,-0.0328165086425394,1,0,0,0,0
3,2,-1.43613470914823,-1.30080487473289,-1.81518092195548,0,0,1,0,0
1,0,-1.60247381203185,0.45209796187808,-0.164900729047896,1,0,1,0,1
2,2,1.14628512985786,-3.29526350613245,-0.831948176847648,1,1,1,1,0
4,1,0.482944769778482,0.546720972876774,-0.142953598532889,1,1,1,0,0
2,7,-0.137731414863038,-0.622385496847399,1.46884486931595,0,1,1,1,0
3,1,-0.0400504541028388,-0.208203631525186,-0.983278363579356,0,0,1,1,1
2,0,-0.31703091251635,0.452707180101659,0.954426273578445,1,1,0,1,0
4,0,0.0250595508260321,0.687546489351416,0.493832018003707,1,1,0,0,0
0,0,-0.690857901479476,-0.362566357698511,-0.00742954790813524,0,1,0,0,1
1,0,1.97881733394553,-0.230059751838746,-0.918504383634792,0,1,1,0,1
2,4,0.0740913930392578,0.383344637088284,-0.347726547797001,0,0,0,1,1
11,2,-0.85493048835517,-0.339703660611478,0.497001189180687,0,1,1,1,0
1,11,-0.0859273207766617,0.593610833105896,-0.00962799700258586,0,0,0,1,0
1,2,-1.21138094474157,0.827348721277483,1.78446638544171,1,0,0,0,0
3,0,-0.810863571756814,0.250656533276794,-0.817888850928667,1,1,0,0,0
2,1,1.02751748793637,-2.14753465141509,-0.392411669417311,1,1,1,1,0
1,2,1.63925679243671,-0.284803417869254,0.196213971509927,0,1,0,0,0
2,2,-0.502658150348568,-0.913663521462865,-0.261288046611423,0,1,0,1,0
0,1,-1.85189664191708,-2.4159759087143,-1.85374092463029,0,1,0,0,0
0,0,1.42513767910433,-1.2507273540267,-0.216795089363626,1,0,1,1,0
1,1,0.0880210225661576,0.386294333226191,-0.524140326692616,0,1,0,1,0
0,2,-0.760795406942862,1.78106320014937,-0.31585537696797,0,1,1,1,1
0,1,-2.59847982805189,-0.768496170042114,-1.44648591904462,0,0,1,0,0
1,1,1.71344675282697,-0.306332565026735,-0.684481592392998,0,1,0,0,0
0,2,-0.102763405373182,1.44473325578689,0.746909004022796,0,1,0,0,0
2,0,-0.312301099124517,2.04339382271443,-0.221036404848311,0,0,1,0,0
1,5,0.790146518199363,0.829955850737034,1.21883547178935,0,1,1,1,0
0,1,0.4916478967878,0.491300111457755,0.185668182612393,0,1,0,0,0
0,6,-0.21019474641599,-0.159481266813424,0.143445280375179,0,1,0,0,0
1,0,-1.45679078210666,0.0835165595505497,-0.903571025007476,1,0,1,0,0
0,0,-1.06194616235194,1.35533717760648,0.19178131192954,0,0,0,1,0
1,2,0.693079446638264,0.987539154732505,-1.73844561294725,0,1,0,0,0
4,1,-0.246125546126275,-0.203331334535451,0.197790510641132,1,0,1,0,0
4,0,0.204114272095626,-1.7785438620129,-0.781359100971185,1,1,0,1,0
0,4,-0.329603666967993,-0.024483025922614,-1.03739561876462,0,0,1,0,0
0,2,-0.600399973536541,-0.689964365846634,-0.299499476047143,0,1,0,1,0
2,3,0.430871613667135,0.305262579637792,0.239990972451196,0,1,1,1,1
0,5,-0.172043647149998,0.386186980181764,1.55821994667126,0,0,1,1,1
2,1,1.27601548500546,0.470027123691219,-1.99237165435773,1,1,0,0,0
1,2,-0.584440229939332,0.774152740955368,-0.145123320680449,1,1,0,1,0
4,2,1.17370179593699,1.39917046567365,-1.01144448326621,0,1,0,0,0
1,0,-0.581872329033109,0.312331339370214,-0.556882143963495,1,1,1,0,0
1,0,-0.329342620439492,-1.60939948151844,1.27970698722797,0,0,0,1,1
6,0,-0.945413098620572,0.0732213497147507,0.246591499634387,1,0,1,0,0
1,0,2.13226182906621,-0.0767500474086125,1.60899504472515,1,0,1,0,0
1,6,-0.739654103685702,-1.09496917342733,-0.224522953576428,0,0,0,0,0
2,0,0.658804709525895,-0.00352004303788567,-1.52265838839226,0,1,0,1,1
2,0,2.21923398434073,-0.521285108847352,-2.05509855297799,1,1,1,1,1
1,0,0.110411396386018,-1.73152070687825,-0.519446473143124,1,1,1,0,1
0,1,0.131315623387927,0.189176369319498,0.480804517285547,0,0,1,0,0
2,4,-0.056753650739944,1.22313389173512,-0.82158832635824,0,0,0,1,0
1,1,0.183876014825865,0.480803494803063,-1.03923491288869,1,0,0,0,0
0,0,-0.487757671497087,-0.0589672193916521,0.187356360616709,0,0,1,1,0
0,3,-0.212571517999086,2.29253377116767,1.85455077753635,0,1,1,1,0
1,3,0.256733851311209,-0.127231204503071,0.344388352856034,1,1,0,1,0
2,0,-0.781955341343402,1.27937974347641,-1.35463570130776,1,0,1,0,0
4,5,-1.36447644359235,-0.177794122578359,-1.97699293904226,1,1,0,1,0
2,0,0.164984108685424,-0.130264273465304,0.638379951895995,0,0,1,0,0
2,2,-0.6671164939967,-0.275609219157153,-0.174711036982468,0,1,1,0,1
0,4,0.840982391118765,-0.355309583010894,-1.246032968948,0,1,1,0,0
1,1,0.394364141935243,-1.34779039145946,0.807218490320094,0,1,1,0,0
2,1,0.470775948588281,0.217101940659055,-1.00359942603583,0,0,0,0,0
4,1,0.534666229912775,-0.265711417124201,0.293644505041119,0,1,1,1,0
2,11,-0.0321812558437084,0.909009925510596,1.22626627092888,0,0,0,0,0
4,0,-0.174506179386332,1.43682331789011,-1.3587488337211,1,0,0,1,0
1,1,0.69580174038992,0.0682193337925328,-0.156719997554883,0,0,0,1,0
2,0,0.842224659505424,0.151476883682156,-0.499387763831895,0,0,1,0,0
0,0,-1.07515790197257,-0.578304865247724,-1.35894247716245,1,0,0,1,0
0,0,-0.0104603203896344,-0.33254486356765,1.3113228418737,1,1,1,0,1
0,1,-0.370836658989962,-1.86076463392434,1.48626705211104,0,1,0,1,1
0,0,0.503888682129602,1.0910222321842,1.09790729646515,0,0,1,0,0
2,3,0.203579828058318,0.299889478295494,0.0327100690201654,0,1,1,0,0
1,0,0.439198210712477,-2.78552758769967,-0.746322964082846,0,1,1,0,1
3,0,1.66676953582874,1.03369841729999,0.323786466703477,1,0,1,1,0
0,1,1.01066139069641,-1.31356126071252,0.074254346227677,0,1,1,1,0
10,1,-0.370728994470347,2.42303287896736,-1.61074902450493,0,0,1,0,1
2,1,-0.327481669786207,0.644187492063653,0.972313183771995,1,0,1,1,0
0,2,-0.1080875469723,0.43615716532029,-0.728873504216258,1,1,1,1,0
5,1,-0.567297463675393,0.520327259288343,-0.520141484512719,0,1,1,0,0
1,3,0.600867684523761,-0.779690034964257,0.743518028758858,0,0,0,0,0
2,12,-0.683938426651681,0.753641958194491,1.29545110862286,0,1,1,0,0
2,2,-0.147542764239243,-0.571171580951588,-0.495162803494669,0,1,1,0,0
1,4,1.4558980505709,-0.87481950119581,-0.227127679854403,1,1,0,1,0
2,0,-0.564912731510214,-0.424134381892423,-0.523133261233789,0,0,1,0,0
2,1,0.062248767128112,-0.622059421631278,0.529854731018393,0,1,1,0,0
1,3,-0.167646176650103,0.446635619814344,0.0611212459764762,0,1,1,0,0
1,0,-0.230538735833566,-0.0667962433340274,-1.78355497393917,1,1,0,0,0
3,8,1.2637319263815,-0.747565200313169,-0.468994611554769,0,1,1,1,1
0,1,-0.161419610865796,0.719013575088081,0.838144941276101,1,1,0,0,0
4,2,-0.606929595668958,1.17034839357583,-1.17688916639858,1,0,0,0,0
5,0,0.43553102802713,-1.9334815847342,-1.4554200342905,0,1,1,0,0
1,2,-0.671971998904712,-0.510899681141729,-0.450729442603743,0,1,0,0,1
0,4,0.929494231543994,1.28996281715228,0.595265114480358,1,1,1,0,1
0,0,-1.33226557095142,-2.32053294465583,0.280741909817351,1,1,0,1,0
3,5,-0.871019803703189,0.711788298476754,1.00297318252523,1,1,1,1,0
0,1,-0.857438877969999,1.16489013470915,0.464827976962439,1,0,0,0,0
3,1,0.740486914279772,-0.954494286885536,0.243563350090894,1,1,0,0,0
1,1,1.52553663692098,2.37846993775119,1.14895016490132,1,0,1,0,0
0,1,0.0732692989139719,-1.11844700031832,1.11542899569881,0,0,1,0,1
0,0,-0.35356831223138,-0.461347534438265,-0.147778696489836,1,0,1,0,1
0,0,-1.19921796242832,0.590338582679361,-0.558773565409458,0,1,0,0,0
0,1,0.887277986417379,0.532248584286892,-1.84491576812437,0,1,1,0,0
5,0,-0.197453078078604,-1.47522155063859,0.19510585142055,1,0,1,0,0
4,2,0.314195157597549,1.75035977257314,-0.115377726080789,0,1,0,0,0
2,2,0.459028010240826,-0.984436065685994,0.511305989507535,1,1,1,0,0
0,0,-0.0220244517224324,-0.387471937932995,-0.406081568008876,0,1,0,0,1
1,4,1.27602084333238,1.44131030065664,-0.694857846833493,0,1,0,0,0
0,5,0.264400323460253,0.378262764280128,0.217765788732332,0,1,0,1,0
0,0,1.56699122687921,0.655291271628289,-0.391988445716953,0,1,1,0,1
0,2,0.207348020282944,0.125541361503832,0.279654506833952,0,0,0,0,1
5,4,1.76520329997092,-0.634738871034665,-0.629732643302465,1,1,1,0,1
7,0,0.82082320480899,-0.978188320183862,-0.0864445418571348,0,0,1,0,1
4,3,-1.55745190188295,1.66357356952476,0.576975570315849,1,1,1,1,0
4,1,-0.206986812308486,1.1526837212059,0.779975014536087,1,0,0,0,0
2,6,-0.0791739112834046,-0.634510216732629,1.4938670002099,0,1,0,1,0
0,0,-0.206165953796599,0.321912728384624,-1.3465801177431,0,0,0,0,1
4,5,2.00416989816849,-0.122024949739468,-0.420864082135821,0,1,1,1,0
1,5,-0.339775034566687,-0.107836427079667,-0.175427173997557,1,0,1,1,0
3,5,1.07380755062156,0.160076229309846,-0.858110919264901,1,0,0,1,0
3,0,2.3066583446386,-0.0220087080930847,-1.04962268833501,0,1,1,1,0
3,5,-0.0164371116094829,-0.674134944609915,0.197799223867225,0,1,0,0,0
0,0,0.811376734401509,0.346852760785563,0.105998680597018,0,1,0,0,0
1,0,-1.17394092131722,0.597223047553174,-0.485884097495476,1,1,1,1,0
3,2,0.0750037709142918,-0.0838472529011805,-0.623071763063418,0,1,1,0,1
3,0,-0.898541393612628,-0.517152629805786,-2.17205593950601,1,0,1,1,1
4,2,1.13890545872771,-0.754298185990387,-0.83138779957203,0,0,1,1,0
1,0,-0.426915359319242,0.578766810619104,1.80189597021578,1,1,1,0,0
2,0,0.943110013658181,-0.251871194318233,0.888904255682086,0,1,0,0,0
0,1,-0.560808596732794,-0.879245204494971,-0.857852286564641,0,1,0,0,1
1,0,-1.00772318779542,-1.88694940898025,-2.69516212770964,0,0,0,1,1
10,1,-0.302459383221041,1.5700286521623,-1.53455582123059,0,0,1,0,0
1,0,0.97689653850692,0.218418565291835,1.20191353248764,0,0,0,1,0
0,1,-0.235888256105733,-1.24445173890493,-0.176159311452916,1,1,0,1,1
2,0,0.139806346927358,-0.79057312754929,0.93786768938062,1,0,0,1,0
3,3,-0.465753934073677,1.70229554479393,0.599753310555073,1,1,1,1,1
0,1,1.54906382144795,-0.537425310551341,0.597973529910127,1,0,1,0,0
1,0,-0.169140573760145,-0.0974266850228031,0.638321145074096,1,0,1,0,0
2,3,-0.873663894047361,0.459298169285375,0.0191721797263914,0,1,0,0,1
2,3,1.40023487143313,-0.33094703024181,0.807799553309399,1,0,0,0,0
1,0,-0.132136896166185,-1.34903498280957,-0.0518758768936825,0,1,0,0,0
1,0,-0.504378119060069,0.714985818063228,0.0863761248611305,1,1,0,0,0
1,0,0.0356707014883513,1.19456879000354,-1.24588064052611,1,1,0,1,0
0,1,0.484666714033114,-1.45554598178833,0.281290594409335,1,1,0,0,0
1,3,-1.60819994150706,0.569593477909386,1.43508880439222,1,1,1,1,0
1,2,-1.51314345030179,-1.26386250777007,0.381754335734932,1,1,1,1,0
2,1,-0.635536387378495,-0.573964928193151,0.0912559234312008,1,1,0,0,1
2,1,0.493791836837454,0.242475419831966,-0.938146435170511,1,0,1,1,1
5,5,0.485044965581756,0.103669140098966,1.52658479018223,1,1,0,0,1
3,1,0.505730986898488,0.374480378540895,-0.874872866342206,1,1,0,0,0
1,0,0.720639673200926,0.394723266557108,0.373277912209282,0,1,1,0,0
2,0,1.09071340685602,-0.781018030095565,-0.0872428328476669,0,0,1,1,0
1,0,1.76000545978408,-1.01604627248473,0.79986884921421,1,1,1,1,0
0,0,-2.1608470970967,0.202071414691392,-0.31352475131084,1,1,1,0,0
4,3,0.109012446414257,-0.808064086459652,-1.80151661690503,0,1,1,1,0
0,2,0.59102778796804,0.907058484144788,-0.0959585942998631,1,0,0,0,0
4,1,-0.093956849096461,-0.349624344102336,0.196620514421475,1,1,1,1,0
1,3,-1.20268324723999,-0.998552156856977,-0.684645075122024,0,1,1,1,0
2,2,1.21271424110936,0.668873328712163,0.724879148467674,0,0,1,0,0
3,1,0.01768171495676,1.21790770356941,-0.727003528614693,1,1,0,1,0
3,1,1.70117216704147,0.184443827298516,-0.43306867159999,0,0,0,0,1
1,4,0.0152534486774572,-0.0337865191364988,-0.209407746939741,0,0,0,0,1
3,7,1.4298386039284,-1.79146005403284,0.920331442777706,0,1,0,1,0
4,2,-1.35108789809846,0.819542486726864,-0.192537549844871,0,1,1,1,1
0,0,-0.745562443486248,1.79379444475143,0.517430984850974,1,0,0,0,0
1,0,-0.299041888301593,1.18749671529552,-0.0409932120098014,1,0,1,1,0
0,1,0.979081703456106,-0.626133345609847,0.0652658456544374,0,1,0,1,1
0,0,0.475953428023495,0.441893777489891,-0.83543279481707,1,1,1,0,0
7,1,1.40947052694889,1.53064971196677,0.749773342990137,1,1,1,1,0
3,2,0.744013203058878,-1.46300441924276,1.54409821639356,0,1,0,0,0
2,3,1.63406752465068,-1.31757476993831,0.669028347083055,0,1,0,0,1
1,0,-0.0473983707282788,0.0288613481760739,0.623156238243496,1,1,0,0,0
1,4,-1.54105074298047,1.47286234912971,-1.35016234474419,1,1,0,0,0
2,1,0.0304820955545122,0.811791155667919,0.263350706575314,0,1,1,1,0
2,2,-0.609257467954351,-0.0555794536203014,-0.955171362150757,1,0,0,1,1
0,0,0.294618449521842,0.39350572767976,-0.262104396820193,1,1,1,0,0
1,3,-0.441045448049336,1.57516128645823,1.16654942886462,0,1,0,0,0
4,3,-0.0444936902119613,0.618900204592502,-0.51527837220796,0,1,0,1,1
0,1,-0.881024597690529,-0.702107568593567,0.913757056612086,1,1,1,0,0
2,0,-0.495796756346604,1.03557725075342,-0.859409548335443,0,0,0,0,0
0,2,-0.53427168017382,1.70706499017319,1.14815719715466,0,0,0,1,0
2,3,0.792746510816934,1.13157030004911,-0.531272148694731,1,1,1,0,0
0,4,-1.19750902915635,-1.66210634790582,0.377253380384506,1,1,0,1,0
5,0,-0.264963876475596,1.92662139053876,-0.341185786926741,1,1,0,0,0
1,2,-0.410606278351232,-0.606324580717835,0.534584127754481,0,1,0,0,0
1,1,0.169743590715159,0.225625868189944,-0.5467281960993,0,0,1,0,0
1,3,0.616706371015046,-0.0384669984626934,-0.49520681914725,1,1,1,1,0
1,1,-0.182156293821307,1.42817103571231,-0.332826862824579,1,1,0,0,1
2,0,-0.988458090329169,0.185763578822267,-0.112268175923578,0,1,1,0,1
2,2,0.269358191989281,1.45379806052205,-0.253917056208753,0,1,0,1,0
1,4,-1.0194120669272,-0.0630222420105155,2.37415162763083,0,1,1,0,0
1,1,-0.705508618439312,1.56949266599418,-0.630944461370867,0,1,1,0,1
2,2,-1.72195179315306,-0.948076215350781,0.911745468871303,0,1,1,1,1
4,3,-0.2997779900511,0.797439151182741,1.70509487231845,1,1,0,0,0
2,2,0.115113470459711,0.796535012365557,-1.02799010425743,0,0,1,1,1
0,0,-0.803634921158188,-0.817372570177892,-0.76203700648065,0,1,0,0,0
8,0,-0.200817529661911,-0.238881970826362,0.353517941176216,1,0,1,1,0
0,0,1.49704103328804,0.358471660673424,-0.289907379514614,0,1,1,0,0
2,1,-1.4190967276168,-0.0179386195991911,-0.343458585746513,0,1,1,0,0
1,2,-0.672544372174072,0.502678609911323,-0.43758965809474,1,0,0,1,0
1,0,-0.677999319434285,-0.546193037689548,-0.562085894215853,0,1,0,0,0
0,5,-0.0477023737122282,-2.43923839274969,0.015083025136448,0,1,0,1,0
0,3,0.0987039752801113,-0.828546070552102,0.421298950682129,0,1,1,1,0
5,1,0.642951626577851,0.769930101816046,0.689846118708231,0,1,1,0,0
3,0,0.550061121271343,-0.792038697751764,-0.166667261034044,1,1,1,0,0
0,0,0.0875090270443522,-2.33584693797024,0.989946717555902,1,1,1,0,1
2,2,-1.30283455348459,1.02856779180813,0.69257370438203,1,1,0,0,0
13,1,-0.496833201512788,0.823651896756472,0.36557047059469,1,1,1,1,1
1,0,1.09898759205966,-2.00853453629658,0.00137003733338986,0,1,0,0,0
0,0,-0.453679850654777,0.332075412628159,-2.87091228157074,0,1,1,0,0
2,0,-0.193732540728547,-1.07448242455995,0.612795432283831,1,0,1,0,0
3,3,-0.597809082121557,0.981736624490233,0.516638193422594,1,1,0,0,0
5,0,1.67764102811679,0.622467115584458,-1.34299286754285,0,0,1,1,0
15,1,0.770782868282416,-0.125672150015021,-0.885906984622089,1,0,0,1,1
2,0,0.776500288492888,-1.29598341509761,-0.282195003520428,0,1,0,0,0
5,1,-0.674653214831571,-0.149257100000669,-0.575712792543638,1,0,1,0,0
2,3,-0.646370113578364,0.633370371973643,-1.13065523891953,0,1,0,0,1
0,0,-1.01903026018269,1.02121370688746,0.497977086627332,1,1,1,0,0
0,0,-1.54907562467629,-0.816242194904356,-1.52490374367208,0,1,0,1,0
0,1,0.00179046765734345,0.763431929976057,0.608874784936068,1,0,0,0,0
1,1,-2.00428860762024,0.213484538850122,-0.16630893027849,0,1,1,0,0
4,1,0.515407007291371,-0.605204288769325,2.36191905203608,1,0,1,0,0
0,0,-0.114669665544717,-0.66155788713484,0.158287174580531,1,1,1,0,1
2,4,0.443390227899965,0.421046783319554,0.292098530905259,1,1,0,1,0
2,2,-1.73924904243594,-0.528040315648137,0.880072602984108,1,0,0,1,0
1,0,-0.491515772331691,-0.784196837741841,0.834263296690096,1,1,1,0,0
3,2,-0.262139542384256,1.27945406746158,0.517473394278309,0,1,0,0,1
5,1,0.451063153182644,-1.75547397647223,1.69649530566293,1,1,0,0,0
2,1,-0.18666685782075,-0.352835038383154,1.09799288290331,0,1,1,0,0
2,3,-0.733988624453692,0.615887387025674,1.02277405736157,0,1,1,0,0
2,1,-1.33006396950516,0.625113500032451,-1.28963447071353,0,0,0,0,0
0,2,0.0627510019023773,0.0857922986409072,0.310679462435823,1,1,1,0,0
2,0,-1.3901639320307,-1.09624233111208,-1.26437991246065,0,0,1,0,1
1,2,2.00685204658114,0.719692586934141,0.907616102347343,1,0,1,0,1
2,1,0.432896591453452,0.650263564035155,0.221009432900686,1,1,0,0,0
4,1,1.69026818990972,-0.669640236925262,1.06489357108131,1,0,1,1,1
0,1,-1.72775093188908,1.4890696305514,0.387777151591119,0,1,1,0,0
4,3,-0.139663678508488,-0.0457670634972529,-1.0514464956719,1,0,1,1,1
3,0,0.604694843746735,-0.824125629895479,-0.297363554857642,1,1,0,0,0
8,6,0.92767832310282,1.56856557645586,-1.07706429730033,0,0,0,1,0
2,2,-0.777740434488183,-1.1199067166963,-0.748534543154368,0,0,0,0,1
0,1,-1.9341911761658,0.439779515190303,0.42103013564414,0,1,0,1,0
4,2,-1.06385889379589,-0.382463034477646,-1.1856047388328,1,0,0,0,0
0,4,-1.54484080563534,1.10879673480731,1.7810655666955,0,1,0,1,0
4,3,-0.574582901533222,-0.284077959306691,0.0797408676665725,1,1,0,1,0
0,1,0.244398826140018,0.584424574311283,-1.53161848356542,0,1,1,1,0
1,3,-1.61165612173155,0.387266682958616,0.251297358768011,0,0,0,1,0
3,1,0.836141095850208,-0.595284598184374,0.919642901895698,0,0,0,0,0
0,0,-1.31766820772078,-1.52845008434625,-0.177294792679836,1,0,1,1,0
2,0,0.230362589105942,-1.0616271107665,-1.21608985936732,0,1,1,0,1
0,0,0.0379142860346699,-0.613570090668614,-0.0787050440146951,0,1,0,1,0
2,0,0.557169580469633,-0.665962889538087,1.05264958881339,0,0,1,0,0
2,0,0.648333304601639,-0.376138365545001,-0.627073053446157,0,0,1,1,0
1,1,0.206798961737402,0.587067317858698,1.15341279050509,0,1,1,0,0
1,10,0.431676384157254,0.752154987045487,0.781364309451156,1,1,1,0,1
7,0,-1.7796328949932,0.242027799609517,-0.0908233207159612,1,0,1,0,1
1,0,-0.406690088001548,-1.54385243163254,-1.25511135516983,1,0,0,1,0
4,0,-1.14431528886822,0.939435293326357,-1.93458448305055,1,1,1,1,0
1,0,-0.377586674656624,-1.17246572935164,-0.114718274668302,1,1,0,0,0
4,0,1.21518850771103,1.13391639878589,-0.667113896990043,0,0,1,1,0
1,1,0.685880819909887,-1.17049249695543,0.687847876450029,1,1,0,0,0
2,2,0.67139591608316,-0.772272708865366,-1.07496868572199,1,1,0,1,0
1,3,-0.525465084369378,0.793635080317969,0.0685191870204586,1,1,0,0,0
2,0,1.80562638364558,0.745505526737806,0.585996430523651,1,1,0,0,0
0,2,0.189959920438392,-0.709334496185799,-1.48321552409731,0,1,1,1,0
0,2,0.600229822564761,0.290161660010145,-0.138532096205156,0,0,1,0,0
4,1,0.862080200191516,0.390298060297591,-0.592167029351859,0,1,0,1,1
1,1,-0.47865207194828,0.759813502920429,-0.218203647739086,0,1,1,1,0
1,0,-0.480009360875935,-0.718445820244922,1.37536735193722,0,1,0,0,1
1,0,0.999234601938701,-0.873589590443137,0.356736765366146,0,1,0,1,0
2,5,-1.17770298858257,-1.24404474797825,1.39423260242525,0,1,1,0,0
4,5,0.315661502060014,1.55052797636796,0.264054777469825,1,1,0,0,0
13,0,0.603335561882608,1.31590568241043,-0.21746195690131,1,0,1,1,0
3,1,-0.91520415417976,0.188729841348304,0.366789502555131,0,1,1,0,0
2,6,-0.0476788089468562,0.227224963497855,-1.38309929773453,1,1,0,1,0
7,7,-0.626638883519724,1.53084693053193,-0.4296753701655,0,0,1,0,0
3,3,-0.433558684775297,0.90672539045385,-1.90539340623543,1,0,0,0,0
1,1,-0.380831889753359,-1.90119352730762,-1.96013387156963,1,0,1,1,0
0,6,-1.46168202761094,1.23060464614596,-1.94082176969379,0,1,1,1,1
0,1,1.6943926235438,-0.742712876660686,0.0848726870974297,0,1,1,0,0
4,1,-2.85929084296045,1.59540744813099,1.42544032779225,0,1,0,0,1
0,0,0.704296535133231,0.405784406216328,-0.131225658612667,1,1,0,0,0
0,0,0.285791998571625,-1.00510878766862,-0.316857698513985,1,1,0,1,1
0,2,-1.41186531685067,-0.984694715917217,1.57250263078724,1,1,0,1,0
7,6,0.344086341126419,1.05161806632722,-0.644904778794383,1,1,0,1,1
0,1,0.291593646701819,-0.183375831720428,0.050489167543188,0,1,1,1,0
4,2,-0.696888208341611,1.16302562307696,-0.163691929200591,0,0,1,0,0
3,1,-0.85316197900889,-1.09624009392218,-0.74474757446109,0,1,1,0,0
2,1,1.53883875334379,0.0291995779727495,-1.31932096132463,0,1,0,0,0
6,0,-1.07979013332697,0.518630106140986,-0.823695618085299,1,1,1,0,1
2,2,-1.85011353618451,0.0988380785642677,0.702100423755198,0,0,1,0,1
3,2,0.538196563329606,-0.00121457410456839,0.900806184040008,1,1,1,0,1
1,1,0.412367555543793,-0.473810926759904,1.13191899133825,0,1,1,0,0
1,0,-0.465240868816316,0.464033570653602,-1.22574795633927,1,0,1,1,0
1,1,0.661003963912307,0.373545154602758,0.666068192088839,1,1,0,0,0
0,3,1.90110553473499,-2.33134359970592,-0.634561452834107,1,0,1,0,0
0,5,-0.497243751762416,-0.387035277289437,1.99408280375684,1,1,1,0,0
4,1,0.330068083777572,1.12889039585313,0.128118142796063,0,0,1,0,0
0,1,1.00349789437172,-0.696290352807919,-0.600562146350574,1,1,1,0,0
1,0,-0.72294083203947,-0.727511213138041,0.970724214123621,1,0,1,0,0
0,1,0.314608566872073,0.0586923049376517,-1.2110068703716,0,0,1,0,0
2,3,0.0980216757993681,1.98433059963213,-0.841197769438652,0,0,0,0,0
14,1,0.156949483827605,0.369767860400187,-0.0357353995371872,1,1,1,1,1
0,3,-0.621610000004552,0.956825778559426,0.303265282821713,1,1,1,0,0
1,2,-1.15100951249527,-0.590838734574838,-0.862306609190094,1,0,1,1,0
5,2,-0.0897079719327573,1.00803749289289,-0.954519820304618,0,1,1,0,0
2,1,1.24761379240844,1.56610831064476,0.261230561109124,0,0,1,0,0
0,0,0.858451518689256,0.685885043157371,-0.376420296187253,0,1,1,1,0
2,0,2.12807816566294,2.39276411162133,1.1912345693032,1,1,1,1,0
3,7,0.450173381491744,0.400984006139448,-0.177799773290306,0,1,1,1,0
2,0,-0.138693454428993,-0.055693278991556,-0.239100972449819,1,0,1,0,0
2,2,0.139695538857179,2.23910579816477,-0.639056566440187,0,1,1,1,0
1,2,0.646017472293984,1.03181377893403,0.806776229801396,1,1,0,1,0
1,3,-1.11196585266964,0.368865198728273,0.224534123253015,0,1,1,0,0
4,1,1.17922737171637,-2.19090909604371,-0.00972013603017557,1,0,1,0,1
0,0,-0.323208756919467,-0.649537407673579,0.144009168653601,1,0,0,0,0
0,0,-0.900540775436143,1.02549110146762,-0.834522931216366,0,1,1,0,0
5,1,0.49832919842484,-0.65195474413809,0.13809957903208,0,0,0,1,0
3,1,-0.308841712406062,-0.627592419980533,0.139932530623377,0,0,0,1,0
1,1,-0.497121688805592,-2.01960966008926,2.32828344852254,1,0,1,1,1
2,0,-0.422827358915058,-0.946937208351807,0.627454397570645,0,0,1,0,0
3,0,-0.137438963280316,-0.533111602091654,0.459748830726893,1,1,1,1,0
1,0,-0.418777015781605,-0.179573049655653,1.6727686171795,0,1,1,0,0
0,0,0.338518905930209,1.02589065274553,0.432498121080376,0,0,1,0,0
0,0,1.37184840949104,-1.10952627472023,1.36816076221469,0,0,1,0,0
1,6,1.93376321827054,1.29468429837781,1.20239550044277,0,1,0,0,0
2,4,-0.0856405531591613,-0.281770606829376,-1.47696975092942,0,1,0,0,1
1,0,-0.521321482177267,1.05192491123439,0.368656476879192,1,1,1,0,0
2,0,0.330467237265578,-0.434317035911918,0.416598760540478,0,1,1,0,1
0,2,-1.27794446555773,-0.740595611369625,0.722363314025058,0,1,0,0,0
1,1,-1.00286047891948,0.144084448933793,-0.630798992311039,1,1,0,0,0
0,0,0.201982330843488,0.0620043900618182,1.30543939075464,1,0,1,1,0
1,0,1.35345144557429,1.34006605867222,0.494397641716335,1,1,1,0,1
0,0,1.18627914298493,-0.774534132455275,-0.488430261804152,1,1,1,0,0
5,0,1.63802336584925,0.239944533946016,0.861114122910887,1,1,1,0,0
2,1,0.250550754071854,-1.42981074196144,-1.63755371170786,0,0,0,0,0
8,1,-1.26050402296337,-0.582733302155701,-1.82757512884007,1,0,0,1,1
5,0,0.842197298366586,1.71835291727798,-2.18771391724992,0,1,1,1,0
5,1,2.9702055356127,-0.999494999215761,-0.0288627050345555,1,1,0,0,0
1,0,-1.46407542397493,-0.110861268595931,-0.143560308788461,1,0,0,1,0
1,1,-1.63549004035653,-1.57393106554888,1.36661157472734,0,1,1,1,0
3,1,-0.852505034109865,-0.343152714478683,0.106352513434331,1,1,1,1,0
1,2,-0.233847690028629,-2.36611567597274,-1.97468353760828,0,0,1,1,0
0,1,-0.875453846448552,-1.61883332489446,1.37545453169608,0,1,1,0,1
0,0,-0.347629141135425,-2.2412043383025,-0.615344776537769,1,0,1,1,1
2,0,-0.0633100121991598,1.85293806744391,0.194272437709142,1,0,0,0,0
0,0,0.0558314834591294,0.804398038627142,-1.35299718745029,0,0,1,1,0
0,0,-0.723443137707853,-0.0668229766021785,-1.53457672990815,0,1,0,1,0
2,2,-0.776997287231827,-0.569284683877294,-1.15356396054488,1,0,1,1,1
1,0,-0.850711091620273,-0.45573821113254,-0.711387176453444,0,0,0,0,0
2,3,-0.573174991037298,0.305058903757111,-0.981174968598523,0,0,1,0,0
5,0,0.926807165612815,-0.502244651260471,-1.32848851832221,1,0,1,0,0
3,7,-1.32264299031476,-0.338517001719856,1.34342025076586,0,1,0,1,0
3,0,-1.57693910836535,1.73928461910821,0.0353315994838367,1,0,0,0,0
2,2,1.2087589104289,-0.00979885974911827,-0.177715415621837,0,1,1,0,1
1,1,-0.0283303695944482,1.54724508648701,-0.0478814109534451,1,1,0,0,0
0,0,1.31514157584889,-0.230693430764954,0.898346679331157,1,1,1,0,1
12,0,0.872529085628565,-1.45860110155565,-0.953327091790794,1,0,1,0,1
0,4,-0.212539003856635,0.310003399405574,-0.768101508094915,1,1,0,0,0
1,2,-1.3729381178604,0.0451137463009334,-0.151511737833978,0,1,1,1,0
1,2,0.447185718845591,0.549517464930013,2.01142162491883,1,1,1,0,0
1,2,-1.14438214273376,-0.531161505240247,0.68234820481247,1,0,1,1,0
3,0,-0.0469859162023997,-0.942429568658634,0.343084180900352,1,0,0,1,0
2,1,-0.806870515659454,0.981599623678705,0.083576369325578,0,0,0,0,0
1,0,0.961931389965826,0.808486438758441,0.0497095208607639,0,1,1,0,0
2,1,2.17403428462942,-0.225045101464741,0.207969001115179,1,0,1,1,0
9,1,0.699219255684421,-0.627299221288535,0.164579971818727,1,0,1,1,1
2,1,0.138225190061324,-1.01630897119014,-1.33723585321046,0,1,1,0,0
0,0,0.0798777602994297,0.589769738519592,1.76373222188688,1,0,0,1,0
3,1,0.150344056163282,0.940536893530347,-0.238740332625727,0,1,1,0,0
0,0,0.36389739508749,-1.96498394377604,0.527618465421943,1,1,1,0,0
2,4,-0.78276299973759,-0.00349546801085822,0.4363304580088,1,1,1,1,1
1,4,-0.455429191505892,0.12277035065822,-1.09670403608486,0,1,0,0,1
2,2,-0.0827483913900074,-1.88032873495778,-1.34065193552615,0,1,1,0,1
1,1,-0.355088817322974,0.440920678361582,-0.818488010141291,0,1,1,1,0
1,0,1.45591992814036,-0.870469313934653,-0.354041017178826,0,1,1,0,1
0,2,0.61292257690338,0.10197428507717,0.379710102232879,0,0,1,1,0
0,1,0.0688897497053946,0.925409532980942,-0.102210068033278,0,1,1,0,0
3,2,0.62493097819664,-1.23322612835779,-0.52624968051785,1,0,1,1,0
0,1,0.766584363757457,0.525579021825117,0.689933670443648,0,0,0,1,0
5,7,0.906364613528407,-0.589846010713032,0.348409782442252,0,0,0,0,1
2,3,-0.0189858984889883,0.962200308608226,0.0859148320496601,0,1,1,1,0
2,0,-0.635782676727981,-2.01917526065169,-0.524117783069861,0,0,1,0,0
1,5,0.928411642727233,-0.152975194967671,0.386156618696619,0,1,1,0,0
1,1,1.36779881544029,0.3533374938253,-0.532460956768568,0,0,1,0,0
2,3,0.525540585272819,0.313778273635937,-0.953721080683083,1,1,0,0,0
3,6,1.19386810153349,0.774188938770058,2.4467800759145,1,0,1,0,0
6,0,0.192686057634376,0.617235798923503,0.642687104063535,1,0,0,0,0
1,0,-0.0194966783970472,-1.47470311926353,-0.152043715422123,1,1,0,1,0
10,3,1.29390349567356,0.130316174523202,-0.220134376789483,1,0,0,0,1
3,5,-0.328434216442379,-1.37158993401214,0.159100603427434,0,0,0,0,0
0,0,2.0057390473742,-1.47465953709041,0.825284147622077,0,1,0,0,1
2,0,-1.72838537278243,-2.16659918622101,1.04610005742321,0,0,0,1,1
1,1,-0.0134437544305935,-0.889111318594864,-1.21832717311191,0,0,1,1,0
1,0,-0.187238572009623,0.62850735635207,0.0670786508638252,0,0,1,0,0
0,0,0.392177238068128,-1.68103899506106,0.320147688694927,1,1,1,1,0
0,1,-0.117368266937979,-1.81149497724771,1.31856598744172,1,1,0,1,0
0,7,0.415217253249123,2.25044506489071,0.32475755099216,0,1,1,1,0
2,0,0.393086290906887,1.15405749618248,0.447430140041732,1,0,1,0,0
3,1,-0.225771928650653,0.405301777967689,-0.671610434757399,0,1,1,1,1
1,0,-0.421282461844229,-0.856742178375481,1.82488009007538,1,0,1,0,1
1,0,0.264782366208516,0.146070961343348,-0.0248692468986915,1,1,0,0,0
1,1,0.0183323422080284,-1.33790960177713,2.45891134845463,0,0,1,1,0
1,4,-0.434455695749887,0.139719567773745,0.557033610952985,1,1,1,0,0
1,1,0.225191866663686,-0.777762600953295,1.04325989812241,0,1,0,0,0
5,0,-1.35167472501212,1.02272898653828,-0.505162418170141,1,0,0,0,1
8,1,0.768318078642767,-0.0040157703798842,-0.565433498435455,1,1,0,1,1
0,2,-0.00105575018481226,0.436146620631957,-1.11515161920284,1,1,0,0,0
3,0,0.0918264865823588,-0.275449441661152,-1.68111623950478,1,0,1,0,1
0,0,1.64420256164572,0.564212454348634,0.449773321805,1,1,0,0,0
5,1,0.88771414621961,0.473679254897582,1.94813518062466,0,0,1,0,0
1,2,-2.61768968735886,0.523654279275508,1.23773103947078,0,0,1,1,0
1,4,-0.950819922085739,-0.974259797873324,-0.919595473594019,0,1,0,0,0
0,1,-0.521005603577952,-1.27265727651409,-0.985056527045864,1,0,1,0,1
1,0,1.03773493172073,0.939886656910411,0.46910245610339,0,1,0,0,1
1,0,0.0672827496291309,-0.0783179870201097,1.32097133843103,1,1,1,0,0
4,5,0.360794089978906,-1.56420336947927,-0.735557230064439,0,0,1,0,1
2,2,0.710633575634671,0.470021129743867,-0.910158502188941,1,1,0,1,0
3,0,-0.81334061588865,-2.26701760967604,0.501073896549397,0,1,0,1,0
1,4,-0.87416598216949,-0.991848820507603,2.29526366225372,0,1,1,0,0
0,0,0.461927121694397,0.511424964395379,1.18037079605759,1,1,0,1,0
1,0,0.75712920451868,0.644234892044763,-0.0101722825310915,0,1,1,1,0
3,2,-0.0884243549959216,-1.23952907509116,-1.17133807307326,1,1,1,1,0
1,1,1.40230059878247,-0.232923168283609,-1.02354676392334,0,0,0,0,0
1,5,0.298978201945006,-0.160392360480624,-0.378031649091584,1,1,0,0,0
3,1,-0.975187044466265,1.91366363666889,0.0368804274570296,0,1,1,0,0
5,7,-0.150720373723205,1.43159615844683,-0.432255983512035,0,0,0,0,0
3,2,0.682591835489662,0.403548458432679,-0.528517337239625,0,1,0,1,0
3,11,-0.87445799114391,1.2378243554293,0.734879654087237,0,1,1,1,0
1,1,-0.255064619433556,0.717571750066242,-0.399316393531669,1,0,1,0,0
0,0,-0.626972763494632,-0.835733661620204,-0.761235125393391,1,0,1,1,0
2,2,0.212661804844217,1.33606615800032,1.62276777756293,0,1,0,0,0
2,2,-0.365399049176796,1.09218251769343,1.39547253225532e-05,1,1,1,1,1
4,2,1.1537290541841,0.0249766039359105,-0.158251600550476,1,1,0,0,0
1,1,-0.0930095148016228,-0.517008955170669,-0.667164064861461,1,1,0,1,0
3,0,0.874494241444805,0.838346963938333,-0.0436856720491108,1,0,1,0,0
2,1,-1.85576843398899,1.27794920207353,0.760574450214394,1,1,1,0,0
0,1,0.294295582527407,-1.10453900918268,1.12657480361605,0,1,1,1,0
0,1,0.312645807114295,-0.484046320724654,0.207475120711347,0,1,1,0,0
3,0,0.6879902342431,-0.0335635821070023,-1.00276144361251,1,0,0,0,1
5,0,-0.112855185877089,1.19197729151992,-1.48211035158641,1,0,0,0,1
8,0,-0.237790809560637,-2.0593845162534,-0.237616513079007,1,1,1,0,0
5,1,0.335844201855324,-0.256148898284145,0.0809341335379971,1,1,0,1,0
3,3,0.070706319245708,0.783454707866,0.19159360871932,0,1,0,1,0
0,1,-2.1141498502781,0.755257472782826,-0.566444493024775,0,1,1,0,0
4,1,-0.728430671345942,-0.285088524364855,-0.909722540122831,1,0,1,0,0
0,4,-0.69767001438853,-0.0197147591750458,0.119273328979893,0,1,0,1,1
0,1,1.04654888406716,-0.199525675953512,-0.514909099415582,1,1,1,0,0
0,0,-0.645962720206348,-0.773521652897209,0.237350662291944,0,1,0,0,1
2,4,-1.17782670209803,-0.292895488632837,0.351883702748493,0,1,0,1,1
1,8,-0.675368697244599,-0.385119318992075,0.471131625754694,0,1,0,0,0
0,1,-0.584798771515977,-0.508084960641402,0.260748814667506,0,1,1,1,0
1,2,-0.168775006725818,1.40688291477659,-0.173001096898614,1,1,1,0,0
4,2,-2.04107817659576,0.687471589624033,1.39847089467221,1,1,0,0,1
1,2,0.193596852219819,-1.55924473954302,1.25694815100111,0,1,0,0,1
6,0,1.82521002235256,0.103836576218565,-1.11711881489104,0,0,1,0,0
3,4,-1.3865964428103,0.000548953493990026,-0.570871135710059,1,1,0,1,0
0,0,1.63929748314283,0.519541037679578,-1.14069393813172,0,1,1,0,0
0,2,0.849758090983725,0.0583172429951738,0.133783750317853,0,1,0,1,0
7,9,-1.01546241072266,-0.0735435781620446,-0.502598517514219,1,1,1,0,0
0,1,0.00822274829856884,-0.694975696351891,0.0826441352464734,0,1,0,0,0
6,8,0.568391948442853,0.271508577168884,1.25496259273836,0,1,0,0,0
1,2,-0.0309022961847123,-0.615857093245015,2.43461739331859,0,1,1,0,0
0,1,-1.87189043278786,-0.420971252369782,0.634918056729093,0,1,0,1,1
4,1,0.374683288639724,-0.284997303975063,-1.3760481496716,1,1,1,1,0
6,4,2.66396051461216,0.62844122560135,-2.4736612270121,0,1,1,1,0
1,0,-0.903450946146368,1.84082133993947,0.912467246497914,0,0,0,1,0
0,0,-0.191862086180508,-1.76654611884037,-1.06020571862353,1,1,1,0,0
0,0,-0.225005435053797,-0.478520490036079,-0.407996472180361,1,0,1,1,0
5,1,0.54157399552872,-0.779000359426664,-0.0177528938565224,1,1,0,0,1
0,3,-0.536239947585643,-0.408264163683258,0.976208497403586,0,1,1,1,1
0,1,-0.646499425794802,-1.20941294478178,-0.0176905026696318,1,1,0,0,1
0,3,-0.624125484876565,0.053461286170088,0.961278545579302,0,1,1,0,0
0,2,0.153602013875461,0.525867266769127,-0.106544485211938,0,1,0,1,0
2,2,-2.03240637213734,0.44112946166655,-0.0393753253061467,1,0,1,1,0
0,0,1.68189121993896,-1.32207505383095,-1.42942775082892,0,0,0,0,0
3,1,0.544080932330602,-0.799483162305804,1.43984532646916,1,1,0,0,1
1,3,-0.57464353369212,-0.394882723624843,1.56177860727334,0,0,1,0,0
0,0,1.54504000191982,-0.00691726721222284,-0.609714666799994,0,1,0,0,0
1,1,0.875589859045188,0.377245650222107,0.183817736037242,1,1,0,1,0
5,0,0.010042372188312,0.735623663940501,-1.52657605295953,1,1,1,1,0
4,6,-0.10777183706852,1.25337648610954,1.26438472955365,1,0,0,1,0
0,1,-1.96914215585753,-0.991896649879185,0.0849063702616431,0,1,1,1,1
4,1,-0.206058411311176,0.794536323999751,0.756318573191457,0,1,0,0,0
0,0,0.923705514045042,0.511848255113768,-1.41901422458608,1,1,1,1,0
1,0,-0.658634679819414,1.01453821874126,0.744501199737208,1,1,1,0,0
3,2,0.686382563143479,-0.214891360272519,0.39828257686547,1,0,0,0,0
0,0,-0.424048843984309,-0.109254526749277,-0.40100217037263,1,0,1,0,0
3,3,0.567403426786098,-0.619633279373625,-0.345597545361535,0,0,0,0,0
3,5,-1.15456730014987,0.256201724724561,-0.761197242035801,1,0,1,1,1
1,0,2.09538772013264,-0.270289963392135,0.566688262183517,1,1,0,0,1
1,1,1.60527182574194,-0.58749931271135,-2.44752846712366,1,1,1,0,0
0,3,-1.66400284736529,0.579422598135085,-0.586177440144118,0,1,0,1,0
1,1,0.166305083093198,-0.366046408158699,-0.486776071499621,1,0,1,0,0
1,0,-0.406282266848802,-1.64619070066491,0.0870761689173192,0,0,0,0,0
0,17,-1.49131922091376,1.56688888295781,1.66744921461894,0,1,1,1,0
4,3,-0.385648376368513,-0.136320866522436,0.490063424665024,0,0,0,1,0
0,0,-1.01302347947667,-1.40092477688741,0.151250661866033,1,1,1,0,0
0,0,-0.372657101040021,0.262194775136654,1.12199076082762,0,1,0,1,0
6,3,-0.0556461694998728,0.631618639967174,0.560460435889452,1,0,1,0,1
1,1,0.312528709640562,-0.430216305840481,-0.811694796502049,1,1,0,0,0
1,0,0.138062456921058,0.736561116808006,-0.619185064128572,1,0,1,0,0
7,2,1.29383173439041,-0.696461784731513,0.938357808066564,1,0,1,0,0
0,1,-0.0147075913219404,0.312525030649614,-0.956266904126932,0,1,0,0,0
1,0,-0.0898765431445572,0.541161104667528,0.0906728208506376,0,1,1,0,0
2,0,0.305878291184644,-0.716422024426779,-0.503335752871596,1,0,0,0,0
1,2,-1.15618806864842,-0.149971712080634,-1.28853713283304,0,1,1,1,0
6,11,0.274682879882042,1.67496223039539,0.813522679235372,0,1,1,0,1
1,5,-3.83583519143769,-1.04499611596239,-1.41191672481019,1,1,1,0,0
3,1,0.54999045083958,-0.327224369838008,0.194573551090285,0,0,1,0,0
0,2,0.86915811158862,-1.2205104615983,-0.82355434286171,0,1,0,1,0
1,0,-0.784469321482778,0.807788392276717,-0.684315055031253,1,1,1,0,0
1,1,0.96581774343854,-1.50225849346583,-0.228706461392102,1,1,1,0,0
1,1,0.603769047949636,-0.816029488901341,0.816054675580378,0,1,1,1,0
2,4,1.16564513531873,-0.482131289271014,0.33876331244321,0,1,0,1,1
2,0,-1.31461979850276,-0.639767386696455,-0.207999664851272,0,0,0,1,0
2,0,-0.686224669587009,-1.44612963921834,-0.358010704910673,1,1,1,1,1
0,0,-0.543936878388885,-0.416687814336931,0.448358783622281,1,1,1,0,0
2,3,-0.698583982646615,-0.781347838062909,1.49620711102953,1,0,0,1,0
0,0,-1.42277869482208,-0.454349778408442,-0.404907459309718,1,1,0,1,0
0,0,-0.48613569977092,0.143566051821539,-0.35959488073967,1,0,0,0,0
3,4,1.20543951145032,-1.10117932339274,-0.729611010929118,0,1,0,0,0
2,0,-2.20572207551485,0.555081857953703,-1.900828229146,0,1,1,0,0
1,4,-1.28084444081131,-0.63624380724417,-0.0792793463135415,0,1,1,0,1
1,1,1.10066676333054,0.350074821097836,0.0617386831274747,1,0,1,0,0
0,1,-0.285324334800793,0.58812704180194,1.0696540500913,0,1,0,0,1
2,1,-0.239193130897236,0.216138020226153,-1.0668355549397,1,1,0,0,0
0,2,-0.643606031622809,0.352023606088455,-0.605737819199107,1,0,0,0,0
5,0,-0.0422454326415987,-0.0799210595920356,-0.835097225947746,1,0,0,0,0
0,6,-0.881785332473386,0.657645741377057,0.378666977097621,0,1,1,1,0
5,1,-0.33101232786457,0.513704593470986,-2.24173054228316,1,0,0,0,0
2,0,0.512022876371739,1.12900909767258,-0.210805643887552,0,1,1,0,0
1,1,0.174136706335167,-2.43180044513888,-0.484474162599219,0,0,1,1,1
2,3,0.0538716621585479,-2.64051323272212,1.56084781272245,0,1,0,1,0
1,0,0.647376019266794,1.52188366623457,0.213364800365313,0,1,0,1,1
1,1,-1.56565058437413,-0.867781788020319,-0.930015678571251,0,1,1,1,0
4,0,0.688751222129457,-1.04643924448696,-0.247312396997505,1,0,1,0,1
0,1,-0.302086782826199,-0.760867824412104,-0.568667564532693,1,1,1,1,1
0,0,0.551126104952921,-1.1227139136683,-1.1529592716643,1,1,0,0,0
2,0,2.89465509343137,-0.411353045742112,-0.873859936644805,1,1,1,1,0
7,0,0.233708296614372,0.70712022887039,-0.594337474133568,1,0,1,0,0
5,1,-0.499690467925192,1.60334264008185,0.0479513462365453,1,1,1,0,1
3,0,0.019976843101048,-1.98787950826624,0.473587051014135,0,1,1,0,0
2,0,0.47354598602115,-0.0410915575324209,-1.29338122905876,0,0,1,0,1
0,0,0.371063768012563,0.48569222510841,0.641544891594581,1,1,1,0,0
2,0,-0.018951699016172,-1.11118449131797,-0.00402664823315929,1,1,0,1,0
0,0,0.956244087593892,-0.544112300525292,1.95518178551313,0,1,1,0,1
1,0,-0.705673412181837,-1.83011935323224,-0.308389279896324,1,0,1,0,0
2,0,-1.60271642646853,-1.00803876174383,1.11372039587069,1,1,0,0,0
1,6,-0.418747444367006,0.149101607495649,0.0112475887051772,1,1,1,1,1
4,1,1.12120991339244,1.20470020067567,-2.15309545835044,1,0,1,0,1
1,0,1.20161448987915,-0.333387162193091,0.922329448970481,0,0,1,0,0
0,0,-1.35254789572831,-0.427646059986171,-1.02638259553742,1,1,1,1,0
0,1,-0.043850690314907,0.0392155811421347,-2.12979788469213,1,1,1,0,0
0,1,0.464988342858773,-0.827385133669019,-0.553444293810754,1,0,1,1,1
5,6,0.502680436668451,2.46548681746158,1.69169943041245,1,1,0,1,1
0,2,-0.278782975924839,0.633592116285044,-0.498871570347024,1,1,1,1,0
4,0,-0.0403928725719307,-0.438668708233419,-0.0965295429228021,1,0,0,1,0
0,0,-0.00059858329774702,0.226020919056845,0.742105778684992,1,1,1,0,0
5,0,0.693310547182095,1.09219670981594,0.0535426641579925,1,0,1,0,0
2,0,-1.1141668203294,-1.84491595496889,-0.0413323686798024,1,1,1,1,0
0,7,-3.69861774836442,1.3617901164228,-0.13394801970905,1,0,1,1,0
1,4,0.787094035945037,1.4803506894628,0.883354252288808,1,1,1,1,0
2,0,0.380681412412577,0.498488696094095,0.0333722474623559,0,0,0,1,0
0,0,-0.319118351572684,-0.266940434169917,0.171185457215715,1,0,0,1,1
2,1,-0.262501864766089,0.05102716144302,-0.647547619792501,0,0,0,1,0
1,0,1.05282429954464,0.441241454160075,1.4720327585543,0,1,0,0,1
0,3,-0.319924160584824,0.615231975031651,1.23387615743107,0,1,1,0,0
0,0,0.614176739535275,-1.48448369201479,-0.0906374102332063,0,1,1,1,0
2,1,-0.950729111831013,-0.0536737217886856,-1.98971088574045,0,0,0,0,1
3,0,-1.03992809829214,-0.0777402308493774,-0.610292528523976,0,0,0,0,0
2,0,-1.19358797557088,-1.19642978757806,-1.30888464639987,1,0,1,0,0
2,2,-0.661195932969422,-1.43596761528036,1.53387702097225,0,1,0,0,1
0,1,0.569793827687618,-1.38481092062068,0.592858691527641,1,0,1,1,0
6,0,1.37399505199461,-0.129487918012289,0.0993284963279874,0,0,1,1,1
1,0,0.751859079713114,0.0627074809657648,0.0553666863580088,0,0,1,1,0
5,0,-0.493535765857882,0.0316296129343144,-0.472722013454667,1,1,0,0,1
0,0,0.723354171764218,1.17219624014389,1.65531055562594,0,0,1,1,0
5,1,-0.607889142190605,0.45827386926583,1.24603105066871,0,1,1,0,1
1,1,1.09479653441176,-1.64267780459463,-0.467334982203371,1,0,1,0,0
2,0,0.233841866798733,-0.323934547595052,-0.582371821534254,0,1,0,0,1
1,1,0.764413704248071,-0.179605119049909,0.529642315317004,0,0,1,0,1
7,1,0.139066800495384,0.668471027207899,-0.656901540764966,1,0,0,1,0
0,1,0.492949327558925,1.14912177865338,1.36869946978182,1,1,1,0,0
2,1,1.39025251925645,0.255075886963628,0.520213536925635,0,1,0,0,0
7,4,1.47212281247463,0.134415962982314,0.234575294343928,1,1,1,0,0
2,0,-2.1282184712258,-0.627711472244941,-0.0990614994507577,0,1,1,1,1
0,1,1.0352727188547,1.46785941407761,1.00565420584893,1,0,0,0,0
3,0,0.97533826717753,0.486694399184469,0.0615488339825321,0,0,1,1,0
9,3,0.947544216380468,0.306029068659576,-0.0677512554488787,1,0,1,1,0
5,3,1.0973160493516,-0.34799598655279,-0.240959228622081,0,1,1,0,0
4,0,-0.340628858585176,-0.355447445999586,-0.155040168804823,0,0,1,1,0
1,0,1.5565762919038,-2.54450313528558,-0.689304502632472,1,1,0,0,0
1,0,-0.448661021482977,1.0396481897068,-0.649336353106077,1,0,0,1,0
3,0,2.93427481455279,-1.56379777241523,-1.96189154199969,1,1,1,0,1
6,2,1.45323747482862,-0.513298158486931,0.798789173978167,1,1,1,1,0
4,1,-0.388183449539013,0.45868218595807,-2.84032822225907,1,1,0,0,0
1,2,-0.770957226240682,0.919027441476423,-2.20230683417655,1,0,0,0,1
1,2,-0.773890752831628,2.12408093846235,0.171278370098699,0,0,1,0,0
0,0,-0.082295569545064,1.36004862229641,0.714302586668097,0,1,1,1,1
1,2,-0.0922059176250316,0.212187878904565,-0.13052046082555,0,1,0,1,0
2,0,1.05630950267076,-1.6154033728204,-0.239004919606728,0,1,0,1,0
1,1,1.39071100849123,-0.131359976582261,-1.03760849525366,0,0,1,1,0
0,0,-0.00127373350731646,1.00817977373484,-0.377169189241856,0,0,0,0,0
2,2,0.243314442172369,-1.20501258683937,-0.226611937078301,0,1,0,0,1
0,2,3.17385918446725,1.10566590553448,1.23001416678816,1,0,0,1,0
3,1,0.00960517796044161,0.224087053929404,0.168171673758023,1,0,1,0,0
2,2,-1.69538669520169,0.558713833112791,-0.966213777473097,1,0,1,0,0
0,5,0.60058799483938,0.218566062528296,-1.18278725865351,0,0,1,0,0
0,0,-0.648780436617443,0.217041944519983,0.657585994480024,0,0,1,1,0
2,6,-1.04511808865302,0.12944702891516,2.78311294879849,0,1,1,1,0
2,0,1.24018263122656,0.323555129456113,-0.366733476893695,1,1,1,0,1
9,1,0.168113238098302,-0.976087169983658,0.0256432102567243,1,1,1,0,1
2,2,-1.37838398993505,-0.158483187831359,-1.39885873865145,1,0,1,1,0
1,1,-0.587198416343966,1.75762757014816,0.0650183607970743,0,1,1,0,0
1,0,0.202070331740432,-1.94123098289621,-1.52514725926873,1,1,0,1,0
0,0,-0.270466303102023,0.381342852497203,0.98369043823506,0,1,0,0,0
1,2,-0.413356530166603,-0.855208071423524,-0.0560243032006427,0,1,0,1,0
10,1,1.49212702445199,-0.744792181918244,-0.609737552777469,1,0,1,0,0
2,0,0.307254989894544,-0.392075913898912,-1.85788307205303,0,1,1,0,1
4,0,1.61591056298412,-0.569887139883511,-0.194166159847185,0,0,0,1,0
2,1,0.424010680968909,-1.48965225739533,0.560630711811582,1,0,0,0,0
2,0,0.824429311096133,1.31118012361685,-1.50080851215157,0,1,0,1,1
3,2,0.745717631681926,0.108958930885437,0.551065598501284,0,0,0,0,0
2,0,0.581571249647004,-0.615593281112262,0.589827622088107,1,0,1,0,0
0,0,-0.273425157848461,-0.0637762150643942,-0.91077679552813,1,0,1,0,0
1,0,-0.12312932368419,-1.45295155261506,-0.381759217451644,0,0,0,1,1
0,0,0.282636473615636,1.31362661599318,1.24450837385006,1,1,0,1,0
4,1,-0.883575705152427,0.742615493050529,-0.75804194028606,1,0,0,1,1
0,3,-0.43415702573468,0.372589255851946,-1.04964106232658,1,0,1,0,0
0,10,-1.35938690355755,-0.262649337885644,0.577328391579289,0,1,1,1,0
4,2,0.526818338105288,0.0637303924970164,-0.824614955411622,1,1,1,1,0
2,0,-1.20275371531419,-1.3916529820049,-0.207233384411367,0,1,0,1,1
5,2,-0.237294170569867,0.327315975728462,-0.763103319519456,0,1,0,1,0
2,4,1.23640674975013,1.65297316076806,-0.708777388595921,0,1,0,0,0
0,3,-0.453767707398684,-1.75997978361764,0.642636622728957,0,1,0,0,0
4,3,-1.18140986243814,-0.288969775642161,0.0578886800404554,0,0,0,0,0
3,1,0.248096725153085,-0.0636261265094797,0.964649485513667,0,0,1,0,1
2,0,-0.689597144821856,0.268556540685972,-0.130163914963407,1,0,1,0,0
4,1,0.177422071706511,-0.860056835516316,0.487509150386386,0,0,1,1,0
3,0,-0.388378790469933,-1.10302488736757,-1.4351982494839,1,1,0,0,1
2,2,0.927435724524944,-0.88174574371922,-1.36763105096531,0,1,0,1,0
3,3,0.638421759398212,1.05637164810087,-2.28352101003545,0,0,1,1,0
1,2,2.18951637182617,0.429792006246553,0.960540582274536,1,1,1,0,0
1,2,0.811169454008451,-0.369593704473177,0.545852340701321,1,1,1,0,0
1,0,2.33774443171504,-0.859493193094182,-0.431096988682328,1,1,1,1,0
2,8,0.957301953843999,1.49643726382566,0.458216448747999,1,1,0,1,0
3,0,-0.373726319973379,-0.499292389581439,-0.827773007636701,0,0,1,0,1
1,4,-0.770759818542699,-0.061557522224796,0.230956253974113,0,0,1,0,0
0,2,-0.806233417421375,0.501624128958173,1.33770729046767,0,1,0,1,0
1,0,-0.0448719428509866,-1.01673770873641,1.73813761953788,0,1,1,0,0
0,2,2.62861054779942,1.56066866440463,0.280385095860609,1,1,1,1,0
6,1,-1.23050908396029,0.355367133390653,0.142088467771123,1,1,1,0,0
2,3,-0.0637997917300477,0.999615844684372,0.367131540756212,0,1,1,0,1
3,2,-0.662400961970436,0.0128846306608385,-0.0647922798962133,1,1,1,1,1
