"y1","y2","x_age","x_income","x_score","d_female","d_urban","d_married","d_college","d_smoker"
0,1,-0.326036490515386,1.00259847094365,-1.58788968625323,0,1,0,0,0
3,0,0.552461855419139,0.193441972629634,-0.752108112868539,1,1,0,0,0
1,0,-0.67494384395583,-0.309251563540681,0.713703617863893,1,1,1,1,0
2,3,0.214359459043425,1.5638431476945,0.703496794737175,1,0,1,1,0
2,0,0.310769217313602,-0.137557406225412,0.547746800338818,0,0,1,1,1
0,3,1.1739662875627,-0.768349242908907,1.10792387394932,0,1,1,0,0
0,0,0.618789855625968,-8.63126610810843e-05,-0.307325488497641,1,1,0,0,0
1,1,-0.112734314754215,-1.54092639648709,0.451277247281289,1,0,1,1,1
1,0,0.917028289512712,-0.0944633760518146,-0.849581232097679,1,1,1,0,0
1,0,-0.223259364627263,-1.01606159634515,-0.368582575962339,0,1,1,0,1
1,0,0.526448098873642,0.0455543861835627,1.11144098557247,0,1,1,1,1
5,8,-0.794844435415055,2.27514305465,0.785957877396814,0,1,1,1,0
1,0,1.42775554468304,0.155322737882386,0.597851564148987,0,1,1,0,0
2,2,-1.46681969416347,-0.691085214081409,0.444949431622058,0,1,1,1,1
4,0,-0.236683378602896,0.0606565743846288,0.988189015790564,1,0,1,1,0
1,0,-0.1933379649975,1.05055820108266,-0.8020036322382,1,1,1,1,0
0,0,-0.849754740333862,-1.0530975806448,-1.40169828132718,1,1,0,0,0
5,2,0.0584654978495017,-0.53106030693552,-0.190280424750901,1,0,0,0,0
1,4,-0.817670355875958,0.859727925018121,-2.2592159398072,1,1,1,0,0
2,0,-2.05030781563963,1.32707828590874,0.552936410329915,1,0,0,0,0
2,1,-0.163755665941423,0.777665786289989,-1.35418226886835,1,1,1,0,0
5,1,0.708522104156376,-0.195893125364638,0.504954270644367,1,1,1,1,0
3,4,-0.267980546181617,0.412515189862745,-2.30915810432636,0,1,0,0,1
2,1,-1.46392175987102,1.21752419818756,0.0269428643909143,0,0,0,1,0
2,3,0.744435822875318,-1.38925445634196,-1.40298431148717,0,0,1,0,1
1,0,-1.4103901810052,1.00840238220419,-0.185278599920293,0,1,0,0,0
1,2,0.467067606015246,-0.932193428893851,-0.923950590448787,0,1,1,1,0
3,0,-0.119320107694245,-1.54105684957077,-0.183814248170472,0,1,1,0,0
2,0,0.467238961765515,0.263279018317157,0.00570235887385758,1,1,1,0,0
2,1,0.498135564435914,-1.16044868171404,2.57151693682943,1,1,1,0,0
6,3,0.894937200540396,0.0787085112877898,0.0968288473190281,1,0,0,0,0
6,0,0.279151996413743,1.12678780291734,-0.728889074086158,1,0,1,1,0
5,0,1.00786575031424,1.9847866782984,1.2151154961642,1,0,0,0,0
1,0,-2.07310649057379,-0.620387040416736,-0.22876507091156,0,0,0,0,1
3,2,1.18985338378285,0.399704050881033,-0.811948028075156,1,0,1,1,0
1,0,-0.724374218369974,0.165361948187344,-0.559075232389967,1,0,1,0,0
1,1,0.167983772348879,-2.56389668867313,-1.35010543416474,1,0,1,0,0
5,0,0.920335158580844,0.66331501744424,1.55440432918832,0,0,1,0,1
1,6,-1.67160481202292,1.00232993619471,1.79315821197739,0,0,1,1,0
3,1,0.448469069614306,-0.88312160532573,-0.838212501470368,0,0,1,1,0
5,1,0.482458809858766,-0.70782073077322,1.33627866512201,0,0,1,0,0
8,1,0.758213782399003,0.379798929599101,-0.775212733135903,0,1,1,0,1
0,1,-2.31932736896749,0.356338739339264,0.99348975019766,0,0,0,1,0
1,1,-0.459504780196151,0.233277426409765,-1.41812468313073,1,0,1,0,0
2,8,-1.10538366697927,1.19995241398621,-0.719154778439022,1,1,0,0,0
2,1,0.402928273406297,0.147541221276708,-0.620192640941061,1,1,1,1,0
2,0,0.568934917844047,-1.99452910836181,-1.28241886651562,0,0,0,1,0
3,0,-0.706083282429614,0.752317710982306,-0.400025871822238,0,0,1,1,0
3,1,-0.290090625815567,-0.449502146189833,-0.199083310788836,0,1,0,0,0
2,3,-1.48387807160556,0.0482421669513859,-1.46380679797522,0,0,0,0,0
1,0,-1.15025528126137,1.4560682759938,-0.568815133951365,0,1,1,1,0
1,2,-0.274471161816463,0.207369870473887,-0.338730282888513,1,1,0,0,0
1,0,0.577901002861171,-1.78388375607768,0.362978482109852,0,0,1,0,0
1,4,-1.39690264657703,0.190394857177226,1.28839980710718,0,1,0,1,0
4,1,0.74905771616478,0.83828425128931,-1.09984321626633,0,1,1,1,0
1,1,-1.05118669692296,-0.167910223590462,3.00075157041475,0,1,1,1,0
0,1,0.165380870625706,-1.18653063592833,1.74020353877658,1,1,0,0,0
11,1,1.12980912049522,0.0726364074346741,0.084538155933783,0,1,0,0,1
1,3,1.17372246423572,0.912013334713351,0.732427921737359,0,1,1,0,0
1,0,-0.427863231850421,0.299207621569627,-0.277762450023411,0,0,1,1,1
2,2,-0.259802107839475,-0.835824759720094,-1.44067898186373,0,1,0,0,0
1,0,-1.41117304365668,1.23309770296371,-0.180251205276979,1,0,1,1,0
0,2,-0.641357554081644,1.83141215176903,0.800041117814453,1,1,0,0,0
0,2,0.112457509152448,0.364005222673326,1.00884087396218,0,1,0,1,0
0,2,0.422604331138563,-0.574729085115285,0.0840865911400517,1,1,0,0,0
1,1,0.386835291215675,-0.807928716426306,-0.785196055225813,0,1,0,0,0
2,1,-0.687798326082019,1.52648450334447,0.0999687574332041,0,0,0,1,0
0,1,0.148902488663005,1.23904524311656,-0.779890598461963,0,1,1,0,0
0,3,-0.0576497484824952,1.25358251983676,-1.82724961369731,1,1,0,0,1
1,2,-0.0748233649223828,-0.0361495528955859,1.44405504684142,1,0,0,1,1
1,1,1.50989743811878,-0.337115421467001,0.621721001143503,1,1,0,0,0
3,0,1.61993700793992,-0.354122915133728,0.305502078707108,1,1,0,0,0
2,2,1.1531581669848,-1.16044937052932,0.222011862745256,1,0,1,0,0
1,2,-0.0776035954486494,0.0570786258782504,0.445186399177887,0,1,0,0,0
0,4,-1.81893450079797,0.926885289226463,0.747366773123287,1,0,0,1,0
4,2,-1.03744458273607,-0.358001115897839,0.697913427519947,1,0,1,1,0
4,1,0.302492245643734,-0.0758843162721669,2.45325775671091,0,1,0,0,1
4,0,-1.27794616724639,-0.682314479686555,0.795944777623306,0,1,1,1,0
0,1,0.138339047584972,0.280329343513391,0.0138894071936347,0,0,1,0,0
2,1,-0.0509841237610558,1.61790882333782,1.17885879735028,1,1,1,0,0
1,1,1.85214757493023,-0.646481636332242,-0.589040057062543,0,1,1,0,0
5,3,1.11167526953782,-1.14571585887406,-0.594651559743233,0,1,1,0,0
3,1,-0.51137532176584,-0.209650331987264,0.289902584068862,1,1,1,0,0
0,0,-0.54388110381726,-1.01024416382448,-0.20529153092167,0,0,0,0,1
9,1,-1.72892728363495,-0.134241212298011,-0.844955705055432,1,0,1,0,0
1,0,0.470749538951291,-0.12568579289763,1.3629031386822,1,0,0,0,0
1,0,0.00538712217177903,-1.22376779905357,0.704949192194003,1,0,0,1,1
2,0,1.34804578555275,-1.45175997743887,-0.300364638805441,1,1,0,1,0
0,1,0.724096713299373,0.610613121678541,0.428369091943183,0,0,0,0,0
1,7,1.5525491646626,-0.207465339283921,1.6527574115205,0,0,0,1,0
7,1,1.32546983172223,-0.677664133324219,1.48958414634342,1,1,0,1,0
4,2,-0.0342650924931979,0.560781454584896,-2.03048676239792,1,1,1,1,0
8,6,-0.36101339765776,0.447056069981928,0.0953130473555113,0,1,0,1,1
2,5,-0.720165422308314,1.02318441889619,0.354949502149119,1,1,0,1,1
4,1,0.282014933367501,0.854413575183849,-0.439828335744397,0,0,1,1,0
0,0,-0.790525663563787,-0.743046246780591,-0.909451129970058,1,0,0,0,0
0,0,-0.444904550728676,0.56400265328859,-0.136516405632803,0,1,1,0,0
4,7,1.3649931693787,0.700763222070031,0.98742870393388,0,1,0,1,1
6,4,0.49745433829489,1.44661386399053,-0.519185223011513,0,1,0,1,0
0,7,-0.814396475841323,1.30877227323634,-0.145715210705776,1,1,1,1,0
2,1,0.268065837240828,-1.23374125131456,-0.648593791729128,1,1,0,0,0
1,4,-0.592208310995591,1.62475333013117,-0.233974241417817,1,0,0,0,0
1,1,2.1334863572493,-0.323132142013306,1.34562363783391,0,0,1,1,0
0,1,1.17274866696687,-1.46396048474615,-0.527120868580542,1,1,1,1,0
2,0,0.746760989259751,-0.436449749254476,-0.810667593760148,1,0,0,0,1
2,0,-0.230508693259376,0.623994345537783,-0.681623919837217,1,0,1,0,1
1,2,0.087771702263277,1.21661505230774,-1.35176944214376,0,1,0,0,0
0,0,-2.18373967936393,0.0827915084045166,-0.601095049091643,0,0,0,0,0
8,0,-0.466631586162683,0.621426548792814,-0.705883617556123,1,1,1,0,1
2,0,1.68595983797615,0.507847607634866,-0.731255826222915,0,0,1,1,0
1,1,-0.567920925939037,1.08136920242015,1.19675347712683,1,0,1,1,1
5,1,-0.0467430156271661,-0.326096503181254,-2.21347228479345,1,1,1,1,0
3,3,-0.156980587612414,-0.978440069031724,1.70440970996346,0,1,1,0,0
2,6,1.60224243993513,0.389432436343469,0.703915281373914,0,1,1,0,0
4,1,0.768653673570072,0.978827642464536,0.468020749991409,0,0,1,1,0
0,0,-0.771629356355782,1.37241693110472,0.242693042004908,1,1,1,0,1
0,0,-0.630681983107717,-1.57895099993194,-0.189667640820815,1,0,0,0,0
0,2,-0.830280595600524,-0.200025423532399,0.756040916310754,0,0,1,1,0
2,0,-0.591112738264032,0.600116911536867,1.53989015418233,0,0,1,1,0
2,3,0.981085406761844,-1.52509166209233,-0.0850165057230077,0,1,0,0,0
0,0,-0.661605265920387,-2.20369045716629,-0.314186107251702,0,1,0,0,1
2,0,-0.772417686267463,-1.17613811561251,0.135604109935331,1,1,1,1,0
3,1,-2.01847346685034,0.581762432135439,0.621289361103817,0,1,1,0,0
5,6,-0.533585424847069,-0.387531324929509,-0.218070907008848,0,1,1,1,1
5,0,0.434728333631805,-0.177829453806973,-0.245764912231253,1,1,1,0,1
2,6,-0.771167342250685,-0.660634942088438,-1.71119214917638,0,1,1,0,0
1,0,-0.753940822242337,-0.367766982123276,-0.52190251212325,0,0,0,0,0
4,10,-0.299357818093206,2.71738412942934,0.693297720785856,0,1,0,0,1
4,4,1.66396642633394,0.305254430662423,0.295578025514253,1,1,0,1,0
1,2,-1.24432983614235,0.207641173598856,0.591415598585562,1,0,0,0,0
0,1,-0.783134374083311,-1.27758492478417,0.486419711411944,0,0,1,1,0
3,1,0.244830557556244,0.769109933703791,-1.05025020373308,0,0,0,0,0
0,2,-0.143887168528834,-0.992165302478312,0.618574937835283,0,1,1,1,0
2,6,-1.60863141694511,1.24088661555294,0.0563734460656768,1,1,1,0,0
1,0,0.951579971801912,-0.060331977424515,-1.24626447193858,0,1,0,0,0
1,3,-1.81913169113661,1.06038184746393,0.188988127417747,0,1,1,1,0
5,1,1.78367170513088,-0.241339790902724,-0.752384638696887,1,1,0,0,0
0,0,1.88713936034755,-0.714074387503259,0.661741495024134,0,0,1,0,0
9,1,1.49071877762558,1.26555080819441,-0.472421275078094,1,1,0,0,1
10,0,-0.380599521961682,0.129830204599245,-0.404702763481297,0,0,1,1,0
3,3,-0.909375011345674,0.195901562023544,-0.248230892679969,0,1,1,0,0
0,2,-0.338094107473901,0.645414238493069,0.742881222435074,1,1,0,0,0
0,0,-1.41188351912177,-0.0574905676601013,-0.457652191570984,0,1,1,1,1
3,2,0.21754288752496,0.9687942044962,-0.360335677319991,1,1,0,0,1
1,0,0.670126170494308,1.36729420689309,-0.451013259143698,1,1,0,0,0
6,1,-0.28785937817374,0.741536186118673,0.337426841833024,1,1,0,0,1
1,0,0.469303495405442,-0.71956169293123,-0.496559524030703,1,1,1,1,1
2,0,-0.470071427334035,0.875562858825266,0.116790355867108,0,1,0,1,0
0,1,-0.239265919007744,1.28582803990674,-1.23332423935659,1,0,1,0,0
2,0,-0.447462488469958,-0.55601801771798,1.67935029415049,1,1,1,0,0
0,0,-0.618829657395325,0.41075392398907,1.04586686099611,1,1,0,0,0
4,0,0.252963051455575,-1.08556440065387,-0.547582503704242,1,0,1,1,0
0,0,-0.753368175006862,-2.01348320356418,-0.0997391245222448,0,0,0,0,1
1,6,0.732276852534274,-0.106459739013246,1.65544919499165,0,0,1,0,1
2,2,-0.40258671277439,1.10204903371333,-0.41201041179586,0,0,1,0,0
1,2,-2.82300011864761,0.228908043934084,-0.0904454501158887,0,0,1,1,0
0,1,0.462973827409201,-0.785256323874473,-0.122905644131674,0,1,1,1,0
4,1,2.13286972606545,-0.937818026835688,1.24324328374715,1,1,1,0,0
1,0,-0.270486687454884,-1.6614918377747,0.532430983462221,0,1,0,0,0
0,2,0.248525349077002,-1.72597730357159,-1.48677719528325,0,1,0,1,0
0,0,0.0381164746693863,-1.44600448194032,-1.3583761991169,0,0,1,0,0
1,4,0.394068949877276,-0.409504360921616,0.749516269610496,0,0,1,0,0
0,1,-1.50408519764693,0.298908782078893,1.11568046916911,1,0,0,0,0
0,4,-1.58689079440535,1.93730285266356,-0.216471287925663,1,0,1,1,0
3,2,-0.92711807673826,0.829257755839926,0.184998643676427,0,1,1,0,0
2,3,0.776197039664536,-0.17872381628117,0.648352673196442,1,0,0,1,0
5,1,-0.780684439992302,-0.155672849021754,1.07917533364756,0,1,1,1,0
2,0,-1.2785670240803,0.318855166802559,-0.504330953317009,0,1,0,0,1
0,0,-0.00142812822527075,-2.11585562470292,1.68920653021882,1,0,1,0,1
1,5,-1.85097812380288,0.923467633773117,0.748225886202554,1,0,1,0,0
0,3,0.451505334944176,-2.14830762205564,-1.04611141563076,1,1,1,1,1
3,2,-0.432947054631599,0.502517955618114,-2.00855230448755,1,0,1,1,0
0,1,0.713602899314127,-0.35622780060944,0.839339626875101,0,1,1,0,1
0,0,0.960695470250525,0.650714460091969,1.76190935997575,1,1,0,0,0
0,4,0.381535209730526,1.71852936922045,-0.167931409392872,0,1,1,0,0
0,0,1.21807279764716,1.97331555606503,1.62079934767572,0,1,1,0,0
0,6,-0.0171372605280001,0.276363427137312,0.855515826809069,1,1,0,0,0
0,1,-0.03820949270208,-0.0550631101412644,-0.605260314845258,1,1,1,0,0
10,2,1.243734394854,-1.84559161547958,0.730276335360289,1,0,1,1,0
5,6,-0.955858745208508,2.49464484711957,0.953919753426937,0,1,0,1,0
2,2,0.915425235164844,0.928665359502193,1.04732753694131,0,0,1,0,0
8,2,-0.939337975547168,0.0636232626371802,-1.09214509173375,1,1,0,0,0
1,4,0.112124819542646,-0.48112629258936,-0.0151201698318091,1,0,1,1,1
2,4,0.553012618613078,0.61154934713525,1.37391258077603,0,0,0,0,0
0,3,0.5317419632335,-0.461154923542788,-0.0870342251752168,1,0,1,0,0
12,3,-0.873762389439208,-1.34420353768249,-0.684264649968873,0,1,0,0,0
9,3,-0.186849272904419,0.386189376391869,-0.0173383094716885,1,1,0,0,1
1,1,-0.213710488041523,-1.04563781104406,0.886232414333214,1,0,1,0,1
2,1,-0.204011273018691,0.388821748585398,0.364194957210953,0,1,0,1,1
5,0,1.71970924052031,-0.709123601689597,-0.373627452436591,1,0,0,1,1
0,3,0.202033482217385,0.991822598052427,-1.00845171898369,0,1,1,1,0
11,0,0.512655777512822,-0.359548500174949,0.601317896682734,0,1,0,1,1
0,2,1.45240001198695,0.576659622418534,0.386021287724115,1,1,0,0,1
2,2,0.363865465173405,1.55209603714416,-2.39452100518251,1,1,0,1,0
10,1,-0.875848946464095,0.384257787634109,0.181065278014743,1,0,1,1,1
1,7,-0.0145607330910744,-1.22950646745775,1.46828778442921,0,1,0,0,0
1,0,-0.724493164867117,0.581825357931174,0.816168493539356,1,1,1,1,1
2,0,1.969370094487,-0.00774899023153941,0.076967077283857,1,0,0,0,0
1,4,-0.536402426950987,-0.564414702279187,0.281681848451652,0,1,0,1,1
0,3,-0.0262323400230254,0.737513974401714,0.313200972146215,0,0,1,0,0
1,13,-0.164032353386482,1.13837532167352,1.12857223697445,0,0,1,1,0
3,2,-1.38327506389604,-0.131118507000225,0.694944612825348,1,1,1,1,1
0,1,0.423511264154111,-1.21002078806379,0.00224611391620302,0,1,1,1,0
0,4,-0.790488911573172,0.67751977802611,-0.251552010983785,1,0,0,0,0
9,0,1.20992484868538,-0.185019549229751,0.951957210179814,1,0,1,1,1
6,1,0.894516769107157,-0.21706012549418,0.143210519216653,1,0,0,0,0
6,0,-0.101198541182539,-0.184356796077289,0.298660746185419,1,1,1,0,1
2,0,0.29712256945725,-0.0486389203996975,0.661791130187415,1,1,0,0,1
3,7,0.197297723223939,-0.752793788761232,1.2435699863757,0,1,1,1,1
4,2,-0.156983744620943,-0.695123827388412,1.00230983275011,1,1,0,0,0
10,0,1.53657101159021,0.049721746110087,-0.989326217597792,0,0,1,0,0
1,1,-2.16766968075807,-1.93702076632879,0.0352282032175584,1,1,1,0,1
2,2,0.598448151380301,0.534442205357351,0.318208924239675,0,1,0,0,1
1,1,0.0431123594716387,1.3610832312401,-1.60678381205964,0,0,1,0,0
3,1,1.29502719092384,0.498435920877794,0.214692450639326,0,0,0,1,0
4,0,0.706302935737443,-1.68720083136336,0.834783496503984,0,0,0,0,0
1,0,0.345545075357528,0.66140046641997,-0.385141910256983,0,1,1,1,0
26,3,-0.0798966533465162,1.63944221160602,-0.0312290671555834,1,1,1,1,1
0,2,0.454807547451574,-0.203868981551979,1.2313163910588,1,1,0,0,0
1,0,1.27625236923049,-1.91134326577354,1.76788759490089,0,0,0,0,0
1,0,1.2648376462961,-1.17133007542477,-0.266673143205425,0,1,1,0,0
0,0,0.26925353035912,-0.725029284772684,0.639534090357842,0,0,1,0,0
0,0,-0.120544093437728,0.359971811451535,-0.357615041283132,1,0,1,1,0
0,3,0.795271350663759,-1.49641925839163,-1.67439121562199,0,1,1,0,0
1,0,-0.514027644033044,-0.943170547025281,0.857391261645952,0,1,1,0,0
8,0,-0.40659346739169,-0.0770080203791567,0.389701773232352,1,1,1,0,0
6,0,1.21971897898245,0.516020427273309,0.305584777489069,1,0,0,0,0
1,2,0.0837113702458971,0.0310175472380388,-0.74661201890855,1,1,1,0,0
7,2,0.589902151192238,2.12981436237982,0.326489635219741,1,1,0,0,0
0,3,-0.517419284506192,-0.887409397726619,-0.0303484691197991,0,1,1,1,0
2,2,0.769463486620852,0.687808986771508,0.897029191339654,0,0,1,1,0
2,0,0.801969741044952,0.314815900889845,0.446840818288319,1,1,0,0,0
1,2,-0.696860144353812,0.94187983246018,0.19863259778865,1,1,0,1,0
5,3,1.177853178306,0.0512670217647671,0.91222695404903,1,1,0,0,0
6,1,0.585845258165705,0.846050266657927,-1.17813363155571,0,1,0,0,0
0,4,-0.466893883407381,-0.250695023045484,0.526957559561582,0,0,0,1,0
0,5,0.3856496369842,-0.0829392787183419,-0.246514505178645,0,1,0,1,0
0,5,-0.534605584623016,0.684085822185339,-0.031918462398557,0,1,0,0,1
1,1,1.05666840136629,-1.72817531625053,-0.0721330457924199,1,0,0,0,0
0,2,-0.206093269636223,0.20832646196429,-0.072181260006892,0,0,1,1,1
3,0,0.60701223616656,0.777576635592589,0.517248302904358,0,1,1,1,0
2,1,-0.548063857565169,3.36573537948249,0.139701782081127,1,1,0,0,0
0,3,-2.09997632605104,0.362641549492073,-0.358608706936872,1,1,1,1,0
3,2,0.250812763244473,0.957470505373978,-1.08355576481058,1,1,0,0,0
1,1,-0.0549452806115849,0.401127415116478,0.450946226864807,0,1,1,1,0
0,0,-0.659727808540191,-0.204863799905793,0.632387329061856,0,1,0,0,0
2,0,-1.45585737900865,0.998813787874564,0.071855742938818,1,1,0,0,0
9,2,0.0237294264634486,-0.298275272501222,-0.106692829962426,1,1,0,0,0
2,0,0.547908091268769,0.334644539786972,2.04605359816249,1,1,1,1,0
0,0,-0.808901395385087,-0.0172779783905659,-0.717349115068042,0,0,0,0,0
2,0,-0.239023245607069,0.0734377252398541,0.313251704335771,0,1,1,0,1
2,3,-0.353118732175528,1.41424624880852,0.0714582386755563,0,1,0,1,0
4,0,0.819599207165928,0.540989484065152,-1.66934951814959,1,0,0,0,0
2,2,-0.345279614352431,0.593408451457917,-0.447730677632611,0,0,1,1,0
0,0,-1.18288445586158,0.524124543286169,-0.481147016686018,0,0,1,0,0
2,2,-1.03132108779389,1.16142479665707,0.0702228776394504,0,0,0,1,0
2,0,-0.0750893152514983,-1.22821397942788,-0.0727778081019346,1,1,0,1,0
1,1,0.828585474949519,-0.935858572313844,-0.241969217405593,0,0,0,0,0
1,2,-1.03598465538748,0.320690090087729,-0.773437790272175,1,1,1,1,0
0,1,-0.147156109684944,-2.27995653776973,0.107586707811186,0,1,1,1,0
1,1,-0.281453876038291,1.01811071270162,-0.0767514892087195,1,0,1,0,0
3,2,-1.37368566941537,1.40392050582144,1.31865941145117,1,1,1,1,0
0,0,1.55845014155207,-1.29816835484544,-0.26561134314934,1,0,0,0,0
0,3,-0.57494503613467,0.606605548797236,0.393842801793513,0,0,0,0,1
6,1,2.18733524053184,-0.540211209279686,-0.798596846343027,0,0,1,1,0
1,0,0.794291623143929,-1.71251147721689,0.487073947708914,0,1,1,1,0
0,0,0.202560260341175,0.790302222648011,0.279494998309972,1,0,0,0,0
2,3,-0.0220500849832044,-1.22225715548489,0.887938496220722,0,0,1,0,0
0,0,0.304530887225146,-0.894854181512971,-0.741471749780222,0,0,0,0,0
0,0,-1.1092492414154,0.262402477466328,0.515668852786768,1,1,0,0,1
0,0,0.765473097985681,-1.39218458626662,-1.19660940825837,1,1,0,1,0
2,0,-0.0220264291577605,-0.118394758949759,0.232691087618326,1,1,1,1,0
5,0,-0.903998222855681,-1.79850665173173,-0.35175599498547,0,0,1,1,0
2,2,0.400001736564899,0.329537260609187,0.184377930770399,1,1,0,0,0
0,1,-1.14928759196062,1.27320459263182,-0.390143077396615,0,1,0,1,0
3,1,0.188167629294663,-0.428106922380359,1.23896322406178,1,1,0,0,0
1,5,0.217290096347952,0.558034111176876,1.79365718530558,0,1,1,0,1
0,1,-1.04908572462521,-0.418219872265965,-0.700464692935047,1,1,1,0,0
2,1,-0.0751234328439355,0.311506984862478,-1.03889043898179,1,0,1,1,0
1,0,-1.56798896178066,0.696325513027665,-0.0621574552049402,0,0,1,0,1
1,1,-1.17379709610829,-0.246357972348254,1.40790289638694,1,0,1,1,1
1,0,-2.14830605620601,-1.53342246403262,1.76154210180626,1,0,0,0,0
1,3,0.341715452527099,-0.624841468771832,-1.80842460969433,0,1,1,1,1
0,5,0.904970837787923,0.0914775420086384,1.47680506119214,1,1,1,0,0
10,1,1.09649045333733,-1.21975899383865,-0.741337921682034,1,1,0,0,0
0,1,-1.47126092934297,-1.16228218105152,-0.588937973882368,0,1,1,0,0
1,0,-0.280596864560926,-0.426393444938092,-1.12548017652789,0,1,0,0,0
0,3,0.846139617007925,-1.55675629394699,-0.608262182877995,1,1,0,0,1
1,2,-1.28591371800217,0.148289665737533,0.446749165088346,0,1,1,0,0
1,6,-0.312435869163608,0.0801487722433454,0.824869964932401,0,0,0,1,0
6,0,-0.36284324052178,0.183350371273101,0.166166456870707,1,0,1,0,1
1,1,1.41245391943755,0.127910714294698,-1.45681772742099,1,1,0,1,0
2,5,-0.255202309202219,0.613680662308846,-0.00822325977291625,0,0,0,1,0
7,0,0.387017528534366,-2.59814579019367,-0.391730839764359,1,0,0,0,0
0,5,0.524940745178194,0.947114052156298,0.837468502330072,0,1,0,1,0
0,6,0.615145179774206,1.24842847709911,0.274727089074837,0,1,0,0,0
2,0,-0.332816293049665,-0.228286737231259,1.95726109060402,1,1,1,0,0
0,4,0.745328759898821,1.07105085240405,1.32823826699888,1,0,1,0,1
1,13,-0.311265396437325,0.580433825945768,1.72993649101683,0,1,1,0,0
3,6,-0.234251449605013,-1.48809480191081,-0.23065872480608,0,1,0,1,1
1,2,-1.16585694436698,-0.235571871411525,0.181768449548385,0,0,1,0,0
0,0,-0.23979867027602,-1.17492255407382,0.55661993287333,1,1,0,1,0
7,0,1.18438266837219,0.573264497308031,-0.141847768766899,1,1,1,0,1
0,1,0.207508387039108,-0.457360301383548,1.69998496432422,0,0,1,1,0
4,4,-0.0436325970354455,-1.13221076143829,-0.917479791424502,1,1,0,1,0
1,0,-0.971077502028354,-1.18743481877481,0.2241811383285,1,1,1,0,0
2,1,0.574222580105223,-0.511327634094338,-0.044333809254732,1,1,1,1,0
0,5,-1.25986542223968,-0.267767900510761,1.06586001644717,0,0,1,0,1
0,1,1.06167880703241,-2.04175467604464,0.0816233617313105,0,1,1,1,0
0,1,-0.433993679431673,-1.08850353168511,0.470765320904151,1,1,1,0,0
0,0,0.239176945168019,-2.21916816474698,-0.623015026350878,0,0,0,1,0
2,0,-0.502328611745041,-0.283015649140182,-1.74371645884289,1,0,1,1,1
0,3,-1.70387658397506,2.25474629686299,0.0980879127316663,0,1,0,0,1
14,2,0.523772241427614,-1.74947942906843,-0.937312394254581,0,1,0,1,0
2,2,1.56417215406704,-0.311710172301491,0.908480325860107,1,0,0,0,0
0,1,-2.46625286976607,-0.987832926536605,-0.730261643834718,0,0,0,0,0
2,0,-0.148820765084651,-0.212696014423631,-0.903251225061288,1,0,0,1,0
5,3,2.11083700324841,-1.70446294724681,-1.09328584204808,1,1,0,0,1
0,3,-0.346195291528631,-0.46462555407265,0.532592784416311,1,1,0,0,0
0,0,0.982182546338488,1.81618525044982,-1.49909168333923,1,1,1,0,0
0,3,0.391431404190546,-0.326769820722229,1.2310735041744,0,0,0,1,0
0,1,-0.509994056962535,1.21166763714963,-0.833208208277499,1,0,1,0,1
10,1,-1.0496464305767,0.735276282369106,-0.636863090003232,1,1,0,0,1
3,3,0.0460071520322676,-1.81359466310473,-0.633334973360536,0,1,1,1,0
3,1,-1.0088281735442,1.42479860737719,-0.10168107372523,0,1,1,0,0
4,2,-0.656249673336281,0.618487761075177,-0.336406016939212,1,1,1,0,1
4,5,0.0940179307429689,-1.16966622803912,1.09120504905134,0,1,0,0,1
1,2,0.0179242749626461,1.34013484321122,0.96946015622362,1,1,0,0,0
7,3,-1.60352449503172,0.407572130676509,-0.549048875942984,1,0,1,0,0
1,4,0.483076079040992,-0.0639077692025908,0.640181258909556,0,0,0,0,1
0,3,-0.224422824935508,-0.224167965947002,0.364714802061445,0,1,1,1,0
0,2,-0.437397855900056,-1.17636659140629,0.286539313733099,1,1,1,0,0
0,0,1.32776845840738,0.422720913653676,0.398007962128693,0,1,1,1,1
2,2,-0.468477873025446,1.12525237016552,1.24764641343678,1,1,0,0,0
3,0,-1.33995772628447,1.51728047613609,-0.425667784093854,0,1,0,1,0
1,6,1.66543272776861,-0.109584358906146,-0.503185206494691,0,1,0,0,0
3,3,0.538949952138077,0.142186962369811,0.491072460975829,1,1,1,0,0
4,3,0.999384763413126,-0.382981502576733,-0.0588395832684569,0,1,0,1,1
0,0,0.341489328926142,0.768370680701224,-1.43979687893537,0,1,1,0,1
2,3,-1.05862733130268,1.31270414468979,2.22802594137665,1,0,0,0,1
4,0,-0.0415993014090398,1.63595749510921,-0.62523803800036,0,1,1,1,0
0,0,-1.29282767682497,0.374291165816658,-0.670525542303914,0,0,1,0,0
0,0,-0.893863996540352,-0.266528994906556,1.19079105476716,0,0,1,0,0
0,2,0.541909198067899,-0.429733591198768,0.0663265972771981,1,0,0,0,0
2,2,0.96963598454945,1.12187947536336,-0.313829238485555,1,1,1,0,0
0,1,-0.244988917948808,-0.687432176956267,-0.650527621702675,0,1,0,0,0
1,1,0.860180084424709,0.773155357720769,1.76753004201634,1,1,1,0,1
1,1,-0.675843952185185,0.0110807529362602,-0.0652514675845984,0,1,1,0,0
1,1,-0.500043688364124,0.394672202161952,-1.50724294170524,0,1,1,1,0
3,0,1.83203289065985,0.308152185703143,-1.97972498004409,1,0,1,0,0
0,1,-0.329272263378209,0.733626747951802,1.35325247777614,1,0,0,1,0
2,0,0.261307886624712,-0.332852190489704,-0.844220840133123,0,1,1,1,0
1,0,-1.11216053142065,0.879405271360782,0.734609294740115,1,1,0,1,0
1,5,1.06221046113754,1.28572726424882,0.058312312943677,0,1,0,1,1
0,2,0.205000244171687,0.511559138681581,1.46336972590443,0,1,0,1,1
1,1,-2.02432771517004,-0.160896778758229,0.140722629041545,1,1,0,0,0
6,5,1.22737475432954,-0.708817589282964,0.661862258500782,1,1,1,0,1
17,0,1.1953441304346,0.690517206141249,-0.41723584193252,0,0,1,0,1
0,2,0.772515546839223,0.376493479582612,1.16521333873697,1,1,1,1,0
0,0,-1.40953802636953,0.397627239299519,0.00525952936349866,1,0,1,1,0
1,0,-0.43242997230287,-0.406786504567518,-0.289145408891984,1,0,1,0,0
6,1,-0.442288111399416,-0.070955127429106,-1.95992307128606,0,0,1,1,0
5,1,1.34899226158638,0.46972101142193,-1.37858305342348,1,1,0,0,0
2,4,-1.07463159377551,-0.373835989084569,-0.905480324210827,0,1,1,1,0
2,3,-0.335082418815194,0.294648840931513,-0.0141350558327982,1,1,1,0,0
3,4,0.750832412618636,1.66476582354532,0.20705625669075,0,1,0,1,0
4,0,1.99720657393103,-0.195096029374152,-0.887199639349263,1,1,1,1,1
1,0,1.79190783602721,0.708426429205513,0.651744450472621,0,1,0,0,0
2,0,-1.23297630910884,0.0872093968855877,-0.357500639318013,1,0,1,0,0
2,3,-3.17720974034715,1.31263304882642,-0.918003337054739,1,0,1,0,0
1,1,-1.08484173165399,0.102083170191231,-0.415871169533718,0,1,1,0,0
5,1,0.0607634334966003,0.349655806456621,-0.0510450810510432,0,0,0,1,0
2,3,-0.181766151621347,1.50976575815921,1.06900254521769,0,1,0,1,0
10,2,0.341311013584644,0.722538852319535,0.690436399452879,0,1,0,1,0
2,6,1.10679158982067,-0.441388046447934,-0.363073708031534,0,0,0,1,0
1,4,0.688816160126333,1.44511918096679,-0.202418189488558,0,1,1,1,1
0,0,0.470991750342963,-0.858244200261997,-0.0904605921278799,0,1,1,0,0
0,1,-1.64006703209326,-0.5639747559343,1.96776306154525,1,1,1,0,0
3,1,-0.679023165379528,-0.827825737914919,-0.704859030614468,0,0,0,0,0
0,4,0.486308057492237,-1.19285225815129,0.896162587386662,1,1,1,0,0
3,1,0.226175395529003,1.9238625153324,0.0849209560342913,1,1,1,1,0
0,4,-0.646680736793556,1.35912174385597,-0.489613907454824,1,0,1,1,0
3,0,-0.113285802208356,-1.04013797491182,1.9651315987525,0,0,1,1,0
0,0,0.520523659696982,1.09249157222788,-0.955213890980264,1,1,0,0,0
2,3,2.58674304062644,-1.4167116496164,-1.30574142040786,1,1,0,1,1
0,2,0.542192343473393,-0.780553965710928,0.706292211997022,1,0,1,0,0
2,0,1.06520387801695,-1.09418851472451,-0.0911361844186406,1,1,1,0,0
0,1,-0.7501478658908,0.379460049319567,0.983674044499613,1,0,0,0,0
5,0,0.793791101470642,1.04981790120688,0.867541128402115,0,0,1,0,0
1,0,-0.74976285868803,0.538800463558722,1.48927311770564,1,1,1,0,0
4,0,0.306302268328381,1.10026400238051,1.42601073790163,1,0,1,1,0
0,3,1.31836986941428,-0.25816316932912,-0.693715018644074,0,1,0,0,0
1,1,-0.266540210545316,1.14487919728413,-0.588835490850536,0,1,1,0,0
1,0,0.265806173685163,-0.0642863611466925,-1.40962304379765,0,1,1,1,0
11,2,1.13983841288017,-0.073341722182508,1.04853436793141,1,1,1,1,0
0,0,-0.986544820498611,0.0259487355322189,-0.849131302197283,1,1,1,0,0
1,4,-0.673666787834073,-1.73480514980073,0.433873348103287,1,1,0,1,0
1,2,-1.9047442725501,1.71886615625096,-0.951768684934639,0,1,0,0,0
3,1,-0.717922087880401,-0.428314123452467,-1.07481870037719,1,1,0,1,0
2,4,-0.383542012478036,-0.870541917242714,0.537754771854268,0,1,0,0,0
3,1,-0.320536946168522,-1.11915004062446,0.583389146747634,1,0,1,1,0
11,4,-2.0919207780441,0.767889885861409,-1.59846564560285,0,1,0,0,1
1,1,-1.85183190983504,0.127841809500456,-1.2559364428565,0,0,1,0,1
1,1,0.439665272322799,-1.22113958324768,-0.867612070981292,1,1,0,1,1
1,0,0.141904835351357,-0.522279236636296,1.58464687063073,1,0,0,0,0
2,2,-0.825059120475536,-0.617682224627166,0.0333742908343149,1,1,1,0,0
7,0,-1.37117981596442,0.69358234584214,0.088792503832489,1,0,1,0,0
3,7,0.0248814464127859,0.313755256188866,-0.00610998427399049,1,1,0,1,0
4,3,1.58099249126551,-0.0912810657650329,-1.95554294291487,1,0,1,0,0
4,4,-0.759716027054063,2.17556891559145,0.900334063526202,1,0,0,0,0
2,1,-0.538544784126462,0.0748171736508237,1.28172261556897,0,1,1,0,1
4,4,-0.260291279435667,1.4686692632994,0.894890434927872,1,1,0,1,0
3,1,-0.644601306755667,0.320220711590722,-0.0585950348895284,1,1,0,0,0
7,1,1.21525293567706,0.0572858008223377,-1.37836088874312,1,0,0,0,0
3,1,1.78200261661201,0.234425897097287,1.04590830069019,1,1,0,1,0
0,1,-0.0640374279297368,1.92208660007604,1.05104105010396,1,1,1,1,0
0,0,0.624481143281806,-0.788679674251159,-1.38228526517306,1,0,1,1,0
0,0,-0.938595151891697,0.853978505777488,1.14420825663611,0,1,1,0,0
0,4,-1.83268341650819,-0.743456392895731,-0.583257073035234,1,1,0,0,0
0,2,-0.901485727138233,1.20014979035867,-0.759336198091268,0,1,0,0,1
0,10,-0.950902079388975,0.977612814190667,0.131717362819545,1,1,1,1,0
3,2,-0.835303305479703,-0.11222137953946,0.148043309856188,0,1,0,1,0
3,0,0.546097928453923,-1.56344387352758,-0.991421118478279,1,0,1,0,0
7,1,1.61253588475273,0.554953540060519,1.60094618203072,1,1,0,1,0
0,0,-0.653114667017496,0.0271186074012649,-0.953395573029994,1,1,0,0,0
0,1,-0.0366466527552756,0.111738794524888,1.37321736889457,0,0,0,0,1
1,0,-0.11063269749809,1.15481984061111,1.22770734724807,1,1,1,0,0
3,0,1.24200543155469,-0.20041954382173,0.0585592546247872,0,1,1,0,0
4,1,-0.692423648640847,-0.37738092291494,-0.018153342832912,0,1,0,1,0
1,3,-1.16544261178804,0.64611270665381,1.03748508134696,1,1,0,0,0
1,0,-1.05609325823517,-0.209113675662792,0.65552540092116,1,1,0,1,0
0,3,0.723485112002042,0.596531906576329,-0.640425586619399,0,0,1,0,0
1,0,0.360227511693603,0.324747228185284,-0.495520481825463,1,1,0,1,0
5,0,0.256221180288194,-1.64628370363131,0.332839204300571,0,1,1,1,0
5,0,0.752887908098141,0.110694827001661,1.10433826350052,1,1,1,1,0
4,1,-0.992624361743221,0.674081331459336,-0.28199034463865,0,0,0,0,0
0,0,1.48632630711899,-0.817256167574196,-1.38062005143584,0,1,0,1,0
4,2,-0.726653653578297,-0.627081127281516,-0.710549879295392,0,1,0,0,0
2,2,0.0966503179347833,-0.359918111324461,-0.231886563595605,1,0,0,1,0
2,3,0.214864061434575,-0.684961319863,1.6241505086027,1,0,1,1,0
3,0,0.518475485469224,-0.403217790801301,-0.306684277557149,0,1,0,0,0
4,0,-0.296302894744337,-0.895553121663519,1.28213722298343,0,1,1,0,1
0,0,-0.352000868785788,-2.56388228103395,-1.53678541780043,1,0,0,0,1
4,2,0.133719626529231,0.325957629993982,1.50884185166833,1,1,0,1,0
1,0,-0.226863013066367,0.864179593638467,0.0426843034639517,1,0,1,0,0
3,0,0.863076731007076,0.6569060038961,0.220073834234255,0,1,1,0,0
0,1,1.60421219913685,-2.46975370231384,0.127512643045543,1,0,0,0,1
2,14,-0.445835718074259,1.53330446572317,1.09499781574576,0,1,1,1,1
2,1,-1.18957146629936,0.0830268641624928,1.41957307087465,1,0,0,0,1
1,4,0.246621550628576,0.285027074031663,-0.202258632709622,0,1,1,1,0
0,0,-0.761491024515474,0.0212947043805178,1.61087337600667,1,1,0,0,0
3,1,-0.393981667023994,-1.23347836097165,-0.982561720753352,1,1,0,0,1
2,4,-1.72826292188549,-0.248697490346972,0.796162188918718,0,1,1,1,0
0,1,0.26293965828286,-1.37865688795437,-0.82005467511115,0,1,0,1,0
0,0,-1.61558979829955,-1.4617040493876,-0.727353070278345,0,0,0,1,0
1,0,-0.117269628962947,-0.440823694685824,-0.414049696586185,0,0,0,0,0
8,3,0.325928044349314,1.02071185977941,-0.428721842084796,0,0,0,1,0
0,3,-1.90093451424353,0.324203100683569,0.173562116466616,0,1,0,1,0
0,18,-0.469805110693186,0.959877782265802,1.87628212257796,0,1,1,0,0
1,2,0.12384558683103,0.173762969602885,0.139284850508628,0,1,1,0,1
2,3,-1.12703977794798,1.04067195906671,0.273625716942465,1,1,1,1,0
1,3,-0.40179926027606,1.06054522593242,-0.449833816597439,0,1,1,1,1
2,2,0.00515375780451839,-0.282463038812005,-0.172703693634504,1,0,1,0,1
3,2,0.672541593562754,0.787640555353718,1.22701386949048,0,0,1,0,0
2,3,-1.44636079888457,0.938737762725428,0.33847057020297,0,0,0,0,1
1,4,-1.14362000748856,-0.381574988616531,1.42433895045039,0,1,1,0,0
1,5,-0.300824962520737,1.64089649556157,-0.117148785912424,0,0,1,1,0
2,0,-1.3889142652328,0.291510060018313,-0.292349189919085,1,0,0,0,0
12,3,-2.02747974676345,1.79867633741593,-0.313042934656956,1,1,1,1,0
0,4,0.505215906503121,-1.19128311363501,0.886104699230362,0,1,0,0,0
4,1,0.771499632311908,0.474277677656336,0.260159673797108,0,1,1,0,0
2,5,-1.61288294516713,0.0997015115597553,-0.333995482967861,1,0,1,0,0
3,0,1.14242107325242,-0.146755832871045,0.0392833333557506,1,0,0,0,0
15,1,2.09829328975597,0.187658533039239,-1.5596302593996,1,1,1,1,1
0,4,-0.167363074959246,-0.701244987496137,0.142447117874672,0,0,0,1,0
3,0,-0.266927381557538,0.64596084264531,-2.19495392715371,1,0,0,0,0
0,1,0.794821728110915,-0.212457945513408,-0.122835620534036,1,1,0,0,0
6,0,-0.456845694234203,0.307420077780712,-1.03649129891634,0,1,1,1,1
3,1,-0.9717027575482,-0.0116233298853379,-1.29993403212909,1,0,0,1,0
1,2,-0.472534566018054,-0.862154902762445,0.150280246052005,1,1,1,1,1
1,0,0.947655042454646,0.014397840662558,0.282810727716129,0,1,0,0,0
6,0,1.01603959389947,-2.2216326718138,-0.132150404944947,1,1,1,1,0
10,2,1.75186717882185,-0.22843777834657,-0.408042793658253,1,1,1,1,0
0,0,1.04770237040486,-0.234779473672135,-1.04200556653418,1,1,1,0,0
5,3,-0.377857303194348,0.342102655570096,-0.425316963332869,1,1,1,0,0
1,4,0.508104782671683,-1.75115285630515,1.20617963917762,0,1,0,0,0
2,2,-1.07018458754786,-0.315666545837723,0.372693593008265,0,1,1,0,1
6,3,-0.144224762219455,1.26930088185427,-1.29922002492217,1,1,0,0,0
0,0,-1.01170541546209,0.0604091992440301,-0.474472902097844,0,1,0,1,0
5,0,1.24302324833439,1.3417963177792,-0.156418755054324,1,0,1,1,1
1,1,-0.0788894233080728,0.595388576250534,0.440285724209521,0,0,0,0,0
4,10,-0.807295116986153,1.28016478641394,-0.540067107474808,0,1,1,1,0
4,3,-0.996201639682667,0.30017573513749,-1.28366842490294,0,0,0,0,0
1,0,-0.858331208674942,-1.56920100068038,0.641952670721496,0,0,0,1,1
0,0,-0.950738272503761,0.971535371905404,-1.16557584588203,0,1,1,0,1
4,0,-1.12179377839042,-0.995795438427393,-0.82378021750056,1,0,1,0,0
0,0,-0.135076212757754,-1.69916396671812,0.459200636143134,0,1,0,1,0
0,2,-0.874073743405185,0.135216957032444,-0.137039491845077,1,1,1,0,1
3,7,0.258678991135885,0.903732572830198,1.50616441698714,1,0,1,0,1
0,3,-1.74514130053885,0.733526173747542,1.56669510247078,0,1,0,1,0
2,0,-1.27235813384977,-0.682045268747851,-0.812715547679807,0,1,1,0,0
1,0,-0.663071583784232,-0.656938183358845,0.363413789417413,1,1,0,0,0
4,0,-0.296543129823535,-0.0466734572049817,-0.270524349720571,0,1,1,1,1
2,0,-0.573966426857788,-0.0482319602862722,0.762607785684746,0,0,1,1,0
1,0,-0.0261740819891586,-1.06954292768858,0.544747113526531,0,0,1,0,1
0,2,0.259727223858613,0.0247832972085359,-0.811123485873656,1,0,1,0,0
5,1,0.533417571564717,1.427033856371,-0.318865779575425,1,0,1,0,0
2,0,-0.542068604028933,0.230920020847586,-0.426575470401623,1,0,0,0,0
3,1,0.337668446597592,-0.635525417261394,1.05989816187129,1,0,1,1,0
2,1,-0.237912860236372,-1.67234206355944,-2.18892485980328,0,1,0,0,0
4,2,1.12569776459416,1.84851173564683,-0.809299471723049,0,1,1,1,0
1,0,0.204687898185319,0.150554471660394,0.0898966837661199,1,1,1,1,0
0,13,-0.0158696557762988,2.19662738932431,0.220921377647136,1,1,1,1,0
0,1,0.185196040701289,0.203953605896694,1.22868494664666,0,1,0,0,0
1,2,0.108231141887518,0.10768299226919,0.477373980142562,0,1,0,0,0
3,0,0.673992699568888,-0.809571092316735,0.316556559061504,0,1,0,1,1
1,0,-0.951967116015085,-1.46603086457981,0.440542859608139,1,0,1,0,0
2,0,-0.49847329238345,-0.435837231023791,-1.30408724532181,1,0,0,0,0
0,3,-0.653518730626198,-0.60137234870451,0.739054608032653,0,0,1,0,0
1,1,-0.126079083822503,-0.934198818437042,-0.549530551348353,0,1,1,1,0
0,0,-0.63786646305784,0.103742807185996,-0.528697060511767,0,1,0,0,0
8,0,0.337567398663831,-1.11374824899186,0.227576779376332,0,0,0,1,1
2,2,-0.0293290444389355,0.556751023050714,0.856734812733783,1,0,0,0,0
0,0,1.22872814344106,0.597206461957432,0.2932949460483,0,0,0,0,0
2,0,1.5852807887064,0.0851411544352272,-0.219473940196628,0,1,1,0,0
2,1,-0.314372753193934,1.39372535438298,-0.00569690092609707,0,0,1,1,0
4,1,0.975752659352041,0.614245529756239,0.968010322460704,1,1,0,1,0
1,0,0.742089703332306,1.15624112394792,-0.397555304691316,1,1,0,0,0
8,1,2.22545763479131,-0.439975116279408,0.407146174740333,1,1,1,0,1
13,0,-1.49733966351932,0.943708126594651,-0.055998396111323,0,0,1,0,0
0,2,1.10607312374539,-1.36553589141139,0.240246486932705,0,1,0,0,1
2,1,-0.528306606953451,-0.170150880906044,1.37679067802053,0,0,1,1,0
2,0,1.37600858615402,-1.53944320198414,0.0842336822678683,0,1,1,0,1
0,2,-0.902418328445858,-1.62588110898062,-0.291354538968347,0,1,1,1,0
0,2,-0.187779424621619,-0.706625148484478,-0.871044552610916,0,0,0,0,0
8,0,-0.870346851499633,-0.998163422005132,-1.22948795330295,0,0,1,0,0
1,0,0.242566741570346,-0.351785750963381,0.558760044278762,0,0,0,1,0
13,4,1.21833015656087,0.423559540538075,0.228230268304715,1,1,0,0,1
3,2,-0.980230859274554,-0.783297334532592,-1.17936283778363,1,1,0,1,1
16,5,0.559592003462406,3.0004743079949,-1.1327309861131,0,0,1,1,0
3,0,0.720403503457711,-0.830218620993072,0.182941761773433,1,1,0,1,0
3,6,-1.77663789126202,-1.11411675510889,-0.829869837072199,0,0,0,0,1
3,0,0.224056026698433,0.924616474203193,0.35086490425025,1,1,0,0,0
3,0,-1.13998461912096,1.21784323336985,0.403829391573948,1,0,0,0,0
2,4,1.37689935228885,1.73162597804042,2.19229674776864,1,1,1,0,0
1,9,1.78010861285818,-0.0175424002051666,0.519267628882414,1,1,0,1,0
3,0,0.294056166084933,-1.82432754667621,0.541946452433402,0,1,1,1,1
0,2,-0.931644250838032,-1.29502318364334,-0.480408839229302,0,1,0,1,0
9,0,0.635615730133026,-0.536020736133491,-0.0608433329139661,1,0,0,0,0
1,5,-0.835824653377363,0.935649417744307,1.17006680876739,1,0,0,0,0
0,1,-1.01989727087461,-1.29864307702593,-0.545329185305812,1,1,1,0,0
0,3,0.161469222777442,0.351773402491994,1.91064528429026,0,1,0,0,0
3,1,0.630325928930935,0.77084010375047,-1.93615009142433,0,0,1,1,1
7,0,-0.0295000730129872,0.419806157089978,-0.68904228002516,0,0,0,0,1
0,4,0.0123096815697504,-1.55771506818916,-0.675151858628366,0,0,0,1,0
1,3,-0.291542071228928,0.602136535627743,0.736676229142804,1,0,0,0,0
11,5,1.70555685861385,-0.126358759996855,1.63771018062839,0,1,0,1,1
3,0,-1.4681797348409,-0.738839111903236,0.28344394747572,1,1,1,0,1
0,7,0.234854036923787,0.631506122279523,1.0743585474996,1,1,1,1,0
2,3,-0.50907606118858,-0.669233546456478,-1.26060210775379,0,1,1,0,1
0,0,-2.11623551713465,-0.722382792594118,-0.435748228492389,1,0,0,0,0
0,0,0.563936262019612,-0.206775786866608,0.692953716115364,0,0,1,0,0
1,2,1.78903387677195,1.01220916162587,1.27504531404481,1,0,0,0,0
2,3,0.0531982872022936,-0.297697171344208,1.4857477875898,0,1,0,0,0
0,3,0.912892722040135,0.261236845598858,-1.63734340480485,0,1,0,0,1
1,0,-0.14650964773353,0.239179510743575,1.72041474058664,1,0,0,1,1
3,4,-0.176198701701301,0.151163135240576,-2.93531585135965,1,1,1,0,1
0,1,-1.05553674309767,-1.13181042920676,0.475411088136038,1,1,0,0,0
12,1,1.23906895247316,0.222977483353178,0.405460452726225,1,1,0,1,0
3,1,1.12782635671548,0.577226843239354,-2.36428986145519,1,1,0,1,0
1,3,-0.685512759930939,2.07669798519667,-0.469804550992812,1,1,1,1,0
1,0,1.75405541628753,-1.68506784757385,-0.260038217951031,1,0,1,0,0
2,1,0.285918893561696,1.01278882704951,-0.0225472348348672,0,1,0,0,0
1,0,-0.0962387387695353,-1.17418086588171,0.00689821904807169,1,0,0,1,0
3,2,0.5360352486976,0.146076174486022,-0.292927033621769,1,0,1,0,0
5,0,-0.709831218060594,-1.00274437600473,0.546216959753644,1,0,0,0,1
3,0,0.276400851281746,0.586997081540076,0.767177898955315,1,0,1,1,0
2,3,0.307538741741893,1.12790008809376,0.0570534769165987,0,1,0,0,0
0,0,-0.826253016429561,-0.063942133534366,-0.00786167494953734,0,0,1,1,0
0,0,0.445342810177667,-0.654777142034521,-0.907096592422039,1,1,1,0,0
0,6,-0.54951846472008,1.06592471727062,-2.9328481444385,1,1,0,1,1
1,1,-1.4429819561099,-0.842241795464068,-0.0258420025955736,1,1,1,0,0
2,0,-0.224787352050971,0.0997873276169185,0.0989171812479012,1,0,1,1,0
4,0,0.301541205096059,0.529794930982322,1.00188530088351,0,1,1,1,0
2,3,0.174550551163889,-0.486077293450762,-0.321461379250952,1,0,1,0,1
0,1,-0.582841397247516,-0.755401579057346,0.190802958048773,1,1,1,1,0
4,3,-0.229003608218134,-0.433847355688323,0.74016533854033,1,0,1,0,1
1,2,0.995383822650051,1.92971112668629,0.171739251130351,0,1,0,0,0
0,0,0.702549863325071,1.16499055242676,-0.0155378515409636,1,1,0,0,0
4,0,-1.06911765608834,0.464067749238592,-0.683374244535313,1,0,1,1,0
0,5,-0.115622009338538,1.51495972639212,-0.274467919014351,1,1,1,1,0
6,3,0.692424214921812,0.0473920307928843,-1.84820560866636,1,0,0,0,0
10,2,-1.67194797365458,1.02112072375052,1.29808499450363,1,1,0,1,1
0,0,0.160245362696853,-0.615427981497183,0.464960987268897,1,0,1,1,0
1,0,-0.774689485196757,-0.104911360800425,-0.797485615726597,0,1,0,1,1
3,5,0.115530664096697,-0.121733747468484,1.08786666841936,0,1,1,0,0
2,6,-1.03897772143373,0.452295918971417,-0.740841265272155,0,1,0,0,0
0,3,0.177564889148007,-0.982575976536625,0.559256561583721,1,1,1,0,0
4,0,1.68886362116128,0.653390229795118,0.837975905008824,1,0,1,1,0
1,13,1.17859536149139,0.315246443410648,1.56477877906661,0,1,0,1,0
2,1,-0.389312673408208,0.522363538589516,-0.531284930157732,0,0,0,0,0
1,2,-1.07264845556647,1.2245918020413,-0.126778990145351,0,1,1,0,0
2,3,-0.39534635863751,-0.298369722897542,0.54057414828963,0,1,1,0,0
0,0,-0.84498759833155,-1.30204135188212,-0.265627287546127,1,1,0,0,0
0,1,-0.655940482090014,2.31939888109622,-0.313517904625331,0,0,0,1,0
2,0,-2.50699143903884,-0.11301010419502,-1.43108709085109,1,0,1,0,0
1,6,0.167839957700375,0.753774817165872,-0.262336587478344,0,1,1,0,0
6,0,1.21561048096742,1.74953619850816,0.712458787965668,1,1,1,1,0
4,1,0.255145945830071,-1.65014801467143,0.149821250091259,1,1,1,0,0
3,5,1.61906288695254,-1.21934302311689,0.0617241962647688,1,1,1,1,0
1,4,-0.00412130949977466,0.725670075305454,-0.888486794393723,0,1,1,0,0
0,5,0.314819995605099,0.544632782428766,-0.260043230672971,1,1,1,1,0
0,1,0.164851018642503,0.221959544788025,0.11389298588063,1,0,1,0,0
0,0,-0.712664522447988,0.121204011531544,-1.00540901721651,1,1,0,0,1
0,3,-1.27655759046954,-0.841391981659101,0.352289135322912,1,1,0,1,1
9,1,1.06812336608449,1.11195211305934,-1.18992331558589,0,0,1,0,1
3,1,-0.802880168469588,0.73708278002592,0.802149136577421,0,0,1,1,0
6,4,-0.843216047181376,0.0674813587941101,0.466708121115674,1,1,1,1,0
3,3,1.43512874262739,1.30272100907231,0.743380684947528,0,1,1,0,0
5,0,-0.977376748638874,0.1874430599837,0.13672509879371,0,1,1,0,0
2,0,0.283812105970106,0.131175141106322,0.178981962726605,1,0,1,0,0
4,11,0.312919403458859,1.07903773882423,-0.242175010797357,1,1,1,1,0
1,2,1.52153985940757,0.743746501677065,-0.613798202295981,0,1,1,0,0
2,4,-0.812133727248253,1.27080793509523,1.81023895429032,1,1,1,0,0
6,1,0.051060062193872,-0.372106559287088,-0.188667788666332,1,0,1,1,0
1,3,-0.488129438847273,1.25892504538985,0.49016758112011,0,1,0,1,0
4,2,-1.33949671949949,-0.2320506539952,-0.00299269323683102,0,0,0,0,1
2,0,-0.935759787148832,0.845078707108016,1.6955811242305,0,1,1,1,0
0,3,-0.874912261575764,0.737874914423691,0.502788426175613,0,1,0,0,1
0,4,-0.832404217116367,-0.27602977986204,0.018886191525765,0,0,1,0,0
1,1,-0.213056632540335,0.374531250748205,-1.78549718379189,1,1,1,0,0
1,0,-0.148486001349966,-1.36323396945341,1.03540107683936,0,1,1,1,0
1,4,-0.075830456184338,0.448788433355984,-0.451628638565934,0,1,0,1,0
2,0,-0.622058351431822,-0.879387017158399,1.04334875377514,0,0,0,0,0
1,1,0.453513837844088,-1.3289081036032,1.63152480389257,1,0,1,1,0
2,3,1.1347752001438,0.639710594977354,-0.0162233505007606,0,0,1,1,0
4,11,-1.28924386007341,2.76717452302139,0.64919048665297,0,0,0,0,0
1,4,0.137448527951058,0.191349512847465,-0.217357400775523,0,1,1,1,0
2,2,-0.164076238697848,0.11250841524697,1.04410909503863,0,0,1,0,0
0,0,-0.0187064791585083,-0.223131159961161,0.331407318121455,0,1,1,0,0
1,2,-0.214808995802467,-0.67528871639598,-0.0410645945942021,0,1,1,0,0
10,0,1.04961835618881,-1.15642644800948,0.864303615722773,0,0,0,0,0
0,2,-1.78140148959061,-0.734841723198601,-0.31932326455267,1,1,0,1,0
2,0,-0.231624274801336,-0.546119156917944,0.139122751862839,1,1,1,0,0
0,6,0.585334071069629,-1.14452972263958,0.232714907051195,0,1,0,0,0
2,4,-0.377512595578079,1.28187043728338,0.51577389047966,1,0,1,0,0
4,2,-0.23053823886158,-0.651899560925776,1.05037466365685,0,0,0,0,1
3,0,-0.922248071805758,0.795238767324694,-2.5039173949193,0,0,1,0,1
1,4,-0.604722476749972,0.588162930712206,-0.794771130480893,0,0,0,0,0
1,0,0.0642999097508789,-1.41806899850087,-0.525265953786777,1,1,1,0,1
4,7,-0.658668650512465,-1.44424854059663,-0.710825984614292,1,1,0,1,0
9,0,-1.05431768446357,0.0853019098612361,-1.19517967589853,1,0,0,0,0
4,5,-1.53297740769771,0.382234658852614,1.11215544806326,1,1,0,0,0
5,0,0.406597647058725,0.508889969709982,0.129774856554551,1,1,1,0,0
6,7,0.351893176000245,1.42533158815967,0.520049018231676,1,0,0,0,0
3,4,-1.73077161998235,2.4196783491333,-0.384348135999998,0,0,0,0,0
0,2,-0.188787487707429,-2.30469552395179,1.34976180736252,1,1,1,1,0
1,7,-1.39980045820974,-0.600550719498721,0.492703869227257,0,1,1,1,0
2,0,0.176797450702696,-0.697723494105938,-0.134713092546404,1,1,1,1,0
1,2,0.45284804748212,0.995287731095544,1.07810951239286,0,0,0,0,0
0,0,-0.853308074312363,-0.939270286417287,-1.71503988437377,0,0,0,0,0
1,0,0.927235537733399,-0.421387914491012,1.75031150447342,1,1,1,0,0
2,1,0.0281387795127144,0.331067973141425,0.166055882563895,1,0,1,0,1
3,0,0.355998281972547,-0.224644572121976,-1.02648012116773,1,1,1,0,0
3,2,1.2735139019278,0.337804852084517,0.656238188791833,0,1,0,0,0
5,0,-0.412535514799906,-0.0864628413751305,-0.800528797950764,1,1,1,1,0
0,3,-0.310894123332722,-0.949945368876255,1.64364037293033,0,1,0,0,0
4,1,0.675603609119909,1.00774946447919,0.855111345914874,0,0,0,0,0
12,4,0.85146402085391,0.554276302983169,-0.812536366245457,1,1,0,0,1
0,1,0.27203534818749,-2.56104560209071,-1.20587962045578,0,1,0,0,1
2,0,0.0415970246209602,0.357120804483877,1.71735052930266,1,1,1,0,0
1,0,-0.168975788829985,1.43960560582662,0.0483548726805817,0,0,1,0,1
2,2,1.58833186364889,-1.21167075431054,0.570750924208019,1,1,0,1,1
1,0,1.39681851713682,0.879699857432372,0.555210103859508,0,0,1,0,0
0,2,-1.04585395394354,-0.013651124615616,-0.115947869026315,0,1,1,1,0
16,3,0.116828985723749,0.140751001693811,-1.56662793972683,1,1,1,1,1
1,3,0.105627569292952,1.75287486469803,-0.543104080942968,1,1,0,0,0
2,6,-0.0680292333109252,2.09224832324421,-0.717440038797578,1,1,0,0,0
5,0,-0.315498488862788,0.843050027046086,0.433369088556244,1,1,0,1,0
4,1,0.483263395608939,1.11348093086348,-0.853913173675541,1,0,1,0,0
0,0,0.512212941323002,-0.843648802898639,0.770602985667219,1,0,1,0,0
3,1,-0.948130671347777,-0.447351021146719,-1.19820431586444,0,0,0,1,0
8,0,0.769933744518087,-1.40967451086845,1.1020924886529,1,0,1,1,1
1,0,0.309143208179424,-1.47643039265065,0.559518978581996,0,0,0,0,0
2,5,0.305915466286798,-0.315224211028366,-0.823773381570695,0,0,1,1,0
4,1,-0.251582897250923,-1.15291214493777,-1.03680386108588,0,1,1,0,0
3,4,0.118933932872746,0.838038953175582,0.115341268126167,0,1,1,0,0
3,1,-1.52972671702058,-0.0208265004237169,-0.522737577831502,1,0,1,1,1
7,2,0.5253109118915,-0.301421241361471,0.51507389609249,0,1,1,0,0
1,4,0.864481723143057,-0.273912311918777,0.385161424846049,0,1,1,0,0
5,0,-0.0714244278783087,-1.34862429892865,-0.944983109074888,1,0,1,0,0
1,1,0.167393804081031,-1.3618478183388,-1.33504305513149,1,1,1,0,0
1,2,0.394576906268911,0.457705834500808,0.324887958836705,1,1,1,1,0
1,0,-0.529635778161571,-0.319404016006789,0.887727689485217,1,1,0,0,0
1,0,-0.87611396306851,-1.69832103643852,1.93101969368301,0,1,0,0,0
3,3,-1.18464588457791,-0.259355629879953,0.0772916729449633,1,1,0,0,0
3,3,-0.589205082381583,1.26350059094263,0.35268480333386,1,1,1,0,0
5,1,0.180912463954528,-1.06533385744536,-0.589310119324478,1,0,1,1,0
1,0,0.14567438780584,-1.86981746108797,-0.486270965519893,0,1,1,1,1
7,5,0.755681478581807,2.81276538236699,-1.60084423391379,0,1,0,1,1
0,0,0.0277737773282606,-0.418827304654923,0.220089812363807,0,1,1,0,0
4,1,0.144705488339872,0.750488987780779,-0.972155304615514,1,1,0,0,0
5,0,-0.237564377306518,0.0914349100024193,-0.300036888403018,1,1,1,0,1
0,5,-0.742848058234538,-0.806495115036699,-1.08931726031672,0,0,1,1,0
3,0,0.260905598625214,0.491744712602591,1.00628627358767,0,1,0,1,0
1,2,0.429427144905415,1.20068447267653,-0.211966160867643,1,1,0,1,0
11,0,1.56498749169822,0.202357867076021,-0.0579815726980367,1,0,1,0,0
2,0,1.49764928127945,-0.790645506819739,-1.34754392895605,1,0,1,0,0
1,1,-0.735300315178251,-1.61614970155603,-1.20308167062519,0,0,1,1,0
5,3,0.253423045269848,1.17281412523524,-0.863978186846697,1,1,1,0,0
0,2,-0.816298159670332,-0.189862615925756,0.00904205715991644,1,0,1,0,0
4,0,1.22654969181861,0.599752681362413,1.12129912721304,1,1,0,0,0
2,0,0.63448636466062,-0.873238921948844,-1.46191581368319,0,1,1,1,1
9,2,0.643104970594858,1.39297160656091,1.56409156977266,1,0,0,0,0
3,0,-0.831522767058475,-0.811062278799964,-1.28994024086813,0,0,0,1,0
1,0,0.236540121497751,-0.981122215607389,0.492989300777975,1,0,0,0,0
3,1,-0.0522003471774552,-0.746805577455182,0.12267607916891,0,1,0,0,1
3,1,0.916528630152632,-0.411587794723681,-1.02740581769328,0,0,1,0,0
0,1,-0.369646117874659,1.10857455129339,-0.0565701405680563,0,0,1,1,0
4,2,0.264991720267756,-0.928929704575274,-1.83889627780153,1,0,1,1,1
0,4,-0.43885937509959,-0.395074908164655,1.08137994659375,0,1,1,1,0
2,1,-1.15910817194557,-0.151815650182827,0.1884152110379,0,0,0,1,1
2,2,-0.264056236444659,-1.84435555956963,3.27126206905346,0,0,1,0,0
6,0,-0.499405318597746,-1.43873892278816,-0.987740264270896,1,1,0,0,0
1,1,0.824626035634075,-0.941413108752477,-0.800359459931375,1,1,1,0,0
0,0,-0.532473663936229,0.928731705681887,-0.453856178320119,1,0,1,1,0
1,0,-0.380586083049859,-0.513410913227815,0.719820261366112,0,0,1,1,1
6,2,-1.17563295864031,-0.0646509663907297,0.203274710240329,1,1,0,1,0
0,0,-2.76608509992879,-0.00347889476615514,0.0663254138380939,0,0,0,0,1
1,0,-0.251807006013961,0.0787879495757259,-0.339178917413567,1,1,0,0,1
2,0,1.66618935634074,-0.00270080886952265,-2.0882899024918,0,1,0,1,1
1,5,-0.0880591825401264,0.0100253628851253,-0.167226323703599,1,1,1,0,0
1,1,-1.24708723117431,0.236828047133464,0.705238085818206,0,1,0,0,0
4,1,0.419411324722489,-0.0988138067575942,-2.72208756371244,0,1,1,0,1
6,4,2.03751818029119,-0.709164360400348,-1.13449338639073,0,1,0,1,0
0,0,-1.44145175911153,-1.97469637369326,-0.765820081366565,0,1,0,1,0
5,4,1.94525308869588,-0.189502287120783,0.796321636265984,0,0,1,1,0
2,5,-1.40917018373548,2.20715943277093,0.0522321484063173,0,1,0,1,1
1,6,-0.155258793930334,1.21386407172526,0.128896332059489,0,0,0,1,1
1,1,-0.497006992322277,0.909033207527512,-1.2633761120317,0,1,1,0,0
1,2,1.00382656060215,-1.03969492144142,-0.0232556273219962,0,1,1,1,0
3,0,-0.5109301961095,0.673661277712045,-0.0811319630279685,1,1,1,1,1
2,3,0.127355940327176,0.435346243997398,-0.157806961994138,0,0,1,1,0
0,0,0.239050867850135,0.250455463214377,0.582399346488812,0,1,1,0,0
3,5,0.162167074391946,1.33325224458919,1.33843034920192,1,1,0,0,1
1,0,0.364840089258136,-1.13747335073787,0.963745984139384,1,1,1,0,0
2,3,-0.550850540760611,-0.16723959062954,0.775754052734545,1,1,0,1,0
9,1,-0.594389565671837,1.13008045786184,0.192211717648478,1,0,1,0,1
1,1,-0.889360820702206,0.209023276087952,-0.321327502897019,1,0,0,1,0
3,2,-1.16274989009123,-0.286397941632683,-0.645927772258557,1,0,1,1,0
1,0,-0.460774119343181,-0.411449886580138,2.09582147585208,1,1,0,0,0
2,2,0.121650037441516,-0.225324646844374,-1.32728071199225,1,1,1,1,1
3,0,1.62089007856492,-0.148243209507433,-0.812664228554446,1,0,0,1,0
2,0,-0.0311224117580291,-0.857300053349636,1.14934010081578,1,0,1,0,0
3,1,-0.279156118830204,0.0030406239369222,1.60766575859422,0,1,0,1,0
0,4,-1.28695101726452,0.661594936949157,-0.500752552445394,0,1,1,1,1
3,6,1.21359120155132,0.0153610765121988,-0.107089919474448,0,1,0,1,0
3,4,-0.247989688010855,2.18114746866528,0.571523619192849,0,1,0,1,0
0,1,-0.473628685483107,-0.0990783447185008,-0.616342616282511,0,0,1,1,0
1,2,-1.18198948479498,1.02083098530038,1.60455742965626,0,1,0,0,0
1,9,-1.21089664711863,0.1723064309026,-0.0632131385575462,0,1,0,0,0
1,0,1.41073414705462,-0.643748441822625,-0.402490029050049,1,1,1,0,0
1,1,-0.691545067372904,0.61859245491314,-0.445636464371975,0,0,0,0,0
3,2,0.995946074579261,-0.985280084153233,0.46407508691945,1,1,0,0,1
6,0,0.767395224029981,0.29067871055714,0.872952352781741,0,1,1,0,0
6,1,0.507057800443686,2.96029101910191,-2.02197802513573,0,0,1,0,0
1,3,-0.121106582928508,0.792005905880713,0.363502854769607,1,0,1,0,0
1,3,0.932526966371414,-0.0781933768291808,1.79478897960097,1,1,1,0,1
1,4,-1.47971913494515,-1.2584448236806,0.906828922764727,0,1,0,0,1
2,1,-1.37116443244933,-0.34301215303756,0.214150388425794,1,1,1,1,0
0,0,0.439347516199436,-0.513986420559917,1.08875368877757,1,1,0,0,1
0,2,0.453040961375937,-0.787905198621152,0.93365987554781,1,0,1,1,0
4,4,-0.281335101115636,0.569102142094378,-0.613906181715967,1,1,1,0,1
1,0,-1.29505166801752,0.981638341522785,0.25468448322617,1,0,0,0,0
0,3,-0.966489630651524,-0.37525938852681,0.883386294521321,0,0,1,1,0
1,0,-0.515450721226044,0.604081406743678,0.473167107080562,0,1,1,0,0
3,0,1.16651883111341,-0.941033488688817,1.21344235888718,1,1,1,0,0
0,0,1.04524726142961,0.539409203866529,1.6099851887041,1,1,1,1,0
8,2,-0.790664927463106,1.49312466287323,-0.145026536083622,1,1,1,1,0
4,1,-0.196895831183498,1.17298845795104,0.493793532788322,0,0,1,1,0
8,0,0.661122033845145,1.05113667141717,0.620465968549419,0,0,0,0,0
9,5,-3.12633725536277,0.425416440828456,1.32209486974322,1,0,1,0,0
4,0,-1.350073071204,0.984098956157035,-0.432287599421537,1,1,0,0,0
2,0,-1.57067814340508,-0.756893961450638,0.169883491680301,1,0,0,0,0
6,2,1.87019982091401,-1.65539062719847,2.57577563097837,0,1,0,1,1
0,0,-1.42627868377709,-1.07910957684921,0.22724393614851,0,0,0,0,0
2,0,0.537149717326747,0.0694371876072928,-1.34978145501372,0,1,0,0,1
7,3,0.0486195858993556,1.50049939518848,-0.146694894154925,0,1,1,1,1
1,0,-0.266021595034429,-1.16341851990064,0.364405516404648,1,0,0,0,1
1,1,-1.52116439158314,-0.982742760977941,-1.64609128979991,1,0,1,0,0
1,2,-0.62145355052132,-1.31656058368285,0.242413424161594,1,1,0,1,1
0,2,-0.413309127610222,1.34191062186793,0.784800186282408,1,0,1,1,0
1,0,-0.0670096589099768,-1.96878526225615,-0.0886944126985131,1,0,1,1,0
0,0,-0.187796557923129,-0.867429783288733,-0.638244738556705,1,1,1,0,0
5,0,-0.182381760719256,0.300125610265609,0.946755810019526,1,1,1,1,1
0,1,-0.282883812204051,0.634191629593516,1.47015471203603,0,1,0,1,0
15,0,-0.242707660589089,1.09293024212982,-1.60029719972272,1,1,1,1,0
1,0,-1.29694840077246,0.41506720243012,0.306549438267196,1,0,1,0,0
0,2,0.504440095100473,-2.31060704244172,-1.41021936811141,1,1,0,0,0
0,2,0.431198206392467,-1.86284795786432,-0.566576927040869,0,0,0,0,0
0,0,-1.45973606603282,-0.50712850652596,-0.0886787942578477,0,1,1,0,0
0,0,0.301499102627661,-0.10788234962098,-0.216462298352441,1,1,1,0,0
1,1,0.306459501195574,0.438737194654329,1.30209706073548,0,1,0,0,0
2,3,0.3734141553098,-1.07166455636755,-0.331736849691006,1,1,1,0,0
1,5,-0.240935361719603,1.32703679671254,1.72393782393056,1,1,1,0,0
9,0,0.909535923816785,0.241906162935029,-1.96334184785707,1,0,0,1,1
4,3,0.718611185458862,1.15608820395567,-1.1533707919223,0,1,0,0,0
1,0,-0.0538369266366969,0.128805687001617,0.349364765648937,0,0,0,1,0
1,1,2.15305438918141,-0.00147265418264105,-1.46355736883258,1,0,1,1,0
2,2,0.958050322501568,-2.0386416371684,0.622316125005524,0,1,1,0,1
1,3,-0.509290001946834,-1.9018461095083,-0.879369843654278,1,0,1,0,1
0,0,-0.567622510641306,-1.39378726864246,0.791935031580428,1,0,0,0,0
0,1,1.50029980090041,-0.42380460599829,-0.472867295368521,0,0,0,1,1
6,1,-0.771761387895712,0.255522002423651,-0.501323150406912,1,0,0,1,0
0,0,0.155532470316294,-0.89367923786077,-0.574070927234208,1,1,1,0,1
6,4,-0.0415210912715856,1.53707574183153,-0.234957616224365,1,1,1,0,1
4,6,-0.251836044196307,-1.0264765145386,-0.20827043753206,0,1,1,1,1
2,3,1.11917801363158,1.46114105687157,-0.0657479405455315,0,1,1,0,0
0,1,0.556302343694588,-0.238708492394695,0.437702019092999,1,1,0,0,0
3,2,-0.068090583701055,-0.326692677105299,-1.29896783312243,1,1,1,1,0
2,6,1.03097997427639,0.971953996391462,1.1560024039352,1,1,1,1,1
3,2,0.264188246880342,-0.556296334866352,0.980714488613404,0,1,0,1,0
1,5,0.26323313107329,0.620615866428727,1.04880410401342,1,1,1,0,0
0,2,-0.0637947475265203,-0.361037956978604,0.109093773686048,1,1,1,0,0
2,4,0.206351722741228,1.24477222573636,0.621319342448113,1,0,0,1,0
1,3,0.424853330428284,1.81561939922255,1.02479280159022,1,0,1,0,0
0,1,-0.734330202871955,0.436180520267474,-0.133687343775863,1,0,1,0,1
3,6,0.353575934887986,0.81927891723891,-0.183927035419226,0,1,1,0,0
2,2,-0.618447726554261,0.891044275554009,-0.346999615532301,1,1,0,0,0
4,1,0.488580963341309,-1.93369934651553,-1.23885697136625,0,1,0,0,0
1,0,0.730603495598745,-0.214115362095423,0.442933674809237,0,0,1,0,0
4,0,-0.794361834232791,0.832021271966289,-0.440875085071851,1,0,1,1,0
0,1,-0.568435782741688,-1.21303675301843,-0.12358028562141,1,0,0,1,1
1,5,0.778598104205667,0.130903433481269,0.147473402762095,0,1,0,0,0
0,1,-0.156846818368193,-0.0288371989815599,-0.603373046153696,1,1,1,1,0
0,0,-1.81059190083355,-0.61956773811602,0.683979459943313,1,0,0,1,0
1,7,-1.90281490112947,0.685350444712226,-0.45989917605986,0,1,0,1,0
34,6,2.33700230533656,0.488112029962837,1.12118275010102,1,1,0,1,0
4,0,-0.461896922631811,-0.656673859476617,0.386066711406186,1,0,0,1,0
2,0,0.547213220776952,1.36859601691627,-0.481588753179252,0,1,1,0,0
1,0,0.424586597486192,-0.607450147314376,1.14954300978128,1,1,0,1,0
1,1,-1.21873267938438,-2.28243206508798,-0.325425593773143,1,0,0,0,0
0,9,-0.450814902248466,1.11187496678903,1.72152503318603,0,1,1,0,1
4,4,-0.921365841561038,-0.214417756516649,-0.263348025410866,0,0,1,0,0
1,2,-0.759222390936618,-0.226743113670699,0.152431734828687,1,0,0,0,0
6,0,0.170040375795359,0.702991612225347,-0.146435803739588,1,0,1,1,0
6,1,0.411604922216656,-0.412546176335751,-0.0948120943178321,1,0,1,0,1
4,2,-1.75167735386702,-1.6357947548294,0.540929394297196,1,0,1,1,0
2,8,0.593160412499759,0.251128153791697,0.66577383376516,0,0,0,1,0
2,0,-0.0337576630636299,-0.0969476769111569,1.92554596905557,1,0,1,1,0
2,0,-0.641647322844946,-0.258322913986553,-0.952113363114506,1,1,1,0,0
3,3,0.276056095948532,-1.29947360051863,0.237698229122194,0,1,0,0,1
1,0,-0.23519299683451,-0.714062147798915,-0.271461872964534,1,0,1,1,0
0,1,-0.832866105281167,0.262724630511902,-0.792380848930441,0,1,0,0,0
1,2,0.395888733426926,-1.13658768118967,1.84430124372248,0,1,0,1,1
1,3,-0.610732486409056,-0.74241503178865,-0.868333401705794,0,0,1,0,1
0,0,-2.08365835757822,0.52356351492222,1.27876699789729,1,0,1,0,0
2,0,0.729776257692283,0.26045909742743,1.92686364099371,0,1,1,0,0
0,5,-1.71726386519034,0.46261088793705,-0.264965054962413,1,1,0,1,0
0,0,0.287532378088921,-0.26652899618575,2.18526681886184,1,1,0,1,0
1,0,-0.351659671270507,0.470802534924847,0.485397442578479,1,0,1,0,0
1,0,0.740497257459944,-0.631692346279864,-0.539214821765489,1,0,0,1,1
0,6,-1.03204398706021,-1.87295669278231,0.191961840252523,0,1,1,1,0
1,3,0.561915798556893,0.846600559743075,-0.282587646985543,0,1,0,1,0
1,0,1.3012976406801,0.719047253896935,0.972809805491199,1,1,1,0,1
3,1,0.474705440217097,-0.0399857491857438,-0.897492885293275,0,1,1,0,0
0,0,-0.646897680078973,-1.34566490029748,-1.11272029862403,0,1,0,0,0
1,1,-0.104515928066243,1.02984034011443,-0.157224975095852,1,1,0,1,0
0,0,0.705186120466464,-1.93626560261597,-0.315707266877213,1,0,0,1,0
16,0,2.26549293957927,-0.214958154750711,-0.357201524973524,1,1,0,1,1
4,1,0.286845560439544,-0.184877807736828,0.107417869893629,0,1,1,1,1
3,2,0.295080546166277,0.67188868731127,0.70981240704858,0,0,1,0,0
4,1,1.41146460700959,-3.35292955574424,-0.230752939384164,0,1,0,0,0
2,3,-1.06011663250737,0.48200971676983,0.500866995504056,0,1,0,0,1
1,3,-1.68830392993212,-1.18700962088526,-0.109338894952232,1,1,1,0,0
4,0,-0.26829494690566,-0.0612397019290354,1.78413297008496,0,1,0,0,0
0,4,-0.586185558135709,-0.856636576955965,-1.43678467941649,1,0,0,1,0
0,6,-0.325451596552554,0.0900650431946187,0.471793001000796,0,1,1,1,1
0,2,-2.34858209415369,-1.64174316058953,0.750498696500047,0,1,0,1,1
0,0,-1.22146439597966,0.0449079080333886,-0.2856751591039,1,0,0,1,0
3,3,2.11049444246755,1.69146425091685,1.71639351468794,0,1,0,0,0
1,1,-0.315956776441677,-1.79199822486837,0.517879764994073,1,0,0,0,0
0,2,-0.0565177067610501,-1.42184467000005,0.573784431165736,0,0,1,0,1
1,0,1.42860859162545,-0.346855049825927,-0.0765913879960211,0,1,0,1,1
5,5,1.15524482815696,1.18100028565401,0.10497542782994,1,1,1,0,0
1,1,0.570964013609086,0.71540236900561,1.05451127089377,0,1,0,1,1
1,0,0.409604901088043,0.928293283762031,0.0815692547290436,1,0,0,1,0
1,0,0.193476881867247,-0.828223009462219,0.116310104125047,0,1,1,0,0
6,1,0.647272865887272,-0.238882909799455,0.31643473240192,1,1,0,1,0
0,3,-1.3801425463556,-1.45606799820341,-1.89632006714622,1,1,1,0,0
3,0,1.00195460303612,0.416700122608148,-0.88047685837769,0,1,0,1,1
0,1,-0.56927067901856,-1.22245695218324,-0.532498952335717,1,1,1,0,0
2,4,1.48162269110778,-1.18931097366837,-0.0759679540637798,0,0,1,0,1
12,2,0.667906060698113,1.79693707056792,0.373659995037453,1,0,1,1,0
9,4,0.82305491769527,0.288538063514119,-0.876378711163757,0,1,0,0,0
1,0,0.446273163348723,-0.332341226896435,-0.271242358236721,0,0,0,1,0
1,2,1.53702211925097,0.0703718301194452,-0.213058789685894,0,0,1,1,0
1,1,-0.2533980580628,0.448657734094224,0.651287177738841,1,1,0,0,0
12,0,0.461022766542025,0.694058615776207,-0.921436479870122,1,0,1,1,0
8,0,-0.999959993437846,-0.00637670252098475,0.733298710564223,1,0,1,0,1
1,2,0.0573901512068746,-1.262932863086,1.01498815922591,1,1,0,1,1
0,0,-0.0877257023676464,-1.16823040417346,0.563038472094092,0,1,0,0,0
2,0,-0.454781837948605,-0.460918142342112,-1.18238471683877,1,1,1,1,1
3,0,1.45654645919367,0.257502445613734,0.472127181636125,1,0,1,0,0
2,1,1.61883970043734,-0.310433950388135,0.882677140238634,1,1,1,1,0
2,0,-0.928905353689972,-0.571568292121051,1.46772714917421,1,1,1,0,1
0,5,-0.310674659396673,0.253957949779973,0.245723757103247,0,1,1,1,1
3,1,1.00902853250075,0.199842789532638,0.457844964957895,0,1,0,1,1
0,4,-0.127679301038085,0.0856497621893782,1.74786911321402,0,1,1,1,0
2,0,-0.199335678120185,-1.04308736844195,-0.526657195639144,1,0,1,1,1
8,3,0.625659305836271,-1.14305743075487,0.399728275791922,1,1,1,1,0
5,3,1.08018712404559,0.848364030778667,0.824569772547175,0,1,1,1,1
1,2,-0.46242085268093,-1.66666680593456,1.89065920095594,0,1,1,0,0
2,0,1.65814526975629,0.110763944146307,-0.880674488212632,0,0,0,0,0
15,2,0.700314074110231,0.122303501788967,-0.887344330341915,1,0,1,1,0
3,2,-0.467356743804601,0.657819978418233,-0.3791006470391,0,1,1,0,1
0,2,-0.185913426734877,-0.194407423901887,2.69635703005115,1,0,1,0,0
3,0,0.91597445356878,1.10035070905907,0.439176789156808,1,1,1,1,0
0,2,1.01841854545567,1.57918960170986,0.898282459489268,0,1,1,0,1
5,5,-1.80634179122405,-0.140972503115227,1.39978691177168,1,1,1,0,0
4,0,-1.12909930442111,-0.192032880913599,-0.718034517102875,1,0,1,1,0
2,1,-1.66111590804562,0.186750333527585,0.843682916437281,0,1,1,1,0
1,0,-0.184286475743005,-0.12337969065332,-0.874706760804908,0,1,1,0,0
1,5,-0.746136460949364,0.849478820710707,1.2810439563494,1,0,0,1,0
1,0,1.14435093187724,-0.159588056025104,-0.85137550247981,1,0,1,1,0
2,1,1.42898070687233,0.00792232005118759,0.594598332072868,0,1,0,1,0
2,1,1.66338500820405,-0.599439621001025,1.45821529521686,0,0,1,1,0
1,4,-1.81725380545853,0.174877660357291,-0.798125699927295,0,1,1,1,0
3,4,0.0729272689684406,-1.20770705060454,0.92651778586902,1,1,1,1,0
0,2,-1.57120443120447,0.13500729845064,1.54538972455062,0,0,0,1,0
1,2,0.557589097443067,1.42892986394741,-1.08874952208349,1,1,0,1,0
3,1,1.28723986183483,-0.416715635875352,0.289068164310928,1,0,1,0,0
4,7,0.249122281330722,-0.943438085556861,0.442191339175447,0,0,1,1,0
6,3,-0.164619536455239,-0.179954370002768,-1.49082714879402,0,0,1,1,0
9,0,0.37593032332565,1.09846262379277,-1.19930327576662,1,0,1,1,1
2,4,-0.795117587763548,0.727449021516891,-0.313782238305272,0,1,1,0,0
8,0,-0.137800929733305,0.539621609934696,0.708979765080643,1,0,1,0,0
4,1,1.88560944553046,-0.782060366058713,-0.720530974499488,1,1,0,0,0
1,10,-0.934814477876768,1.87662551971799,0.291996155935212,1,1,0,1,0
0,3,1.26122751202516,-0.0879411448622861,-0.552859616044125,1,1,1,1,1
0,1,-1.41431078108455,-0.24765577545359,0.759933310848929,1,1,0,0,0
2,0,-0.156979154196829,1.35984050190885,-0.0130441257286827,0,1,1,0,0
1,0,-0.3156018612983,-0.493277403000416,-0.58450438242474,0,1,1,1,0
1,5,0.679700673274977,1.17573035611857,-0.224423736914759,1,1,1,0,0
0,0,-0.515133819659668,-2.27593065089981,-0.133520007615766,0,0,1,0,1
2,2,1.24719131721443,1.0641406305261,1.93372437605172,0,0,0,1,1
2,1,-0.314646516836174,0.38068676037322,-1.09512709672947,1,1,1,0,1
3,1,-1.57180403556226,0.0124066755336109,-0.474342431335195,0,1,0,0,1
1,4,-1.26594149641929,0.955641405980306,0.521028246963301,0,1,1,0,0
9,1,2.14420594228033,0.853001952759725,-0.554745685671591,0,0,1,0,1
1,2,0.151614886788511,0.211282402253976,0.778785907478422,0,0,1,1,1
0,0,0.737627453434734,1.37627101856982,1.09395020109337,0,0,0,0,0
1,0,2.16849377749542,-1.80928510598502,-0.760025629594727,0,1,1,0,0
2,5,-0.315626927224075,-0.819395233878643,-1.21079067135708,1,1,1,1,1
3,0,0.242388611930577,0.317459247730558,1.0697227689933,1,1,0,0,1
1,2,0.858476283727962,-0.706029572353864,-1.17169318841619,1,1,0,0,0
0,0,-1.68829738684271,0.725321300441289,1.92076983172958,0,1,0,1,0
3,1,-0.908179960328401,-0.0693419519278694,0.473995828350193,0,0,1,0,0
2,1,1.52012038441352,-1.11776884812842,-0.653757408875547,0,1,1,0,0
1,8,-0.311665019266125,0.28820916564033,-0.157346641324904,0,1,1,1,0
3,2,1.13073595116948,0.131233474825528,-0.978875795177303,1,0,0,1,0
1,2,-1.29906450122593,0.503233428641725,0.108474006978254,1,1,1,0,0
2,0,0.636805499368148,1.45350194785187,0.434157796296485,1,1,1,0,0
3,0,0.240755749368654,-0.0453478993325674,2.06243464254373,1,0,0,0,0
1,0,2.15752474248753,-0.255782869855485,-0.305869103177043,0,1,0,0,0
2,0,1.91951325355953,-0.906014563092763,-1.24307287583372,1,1,0,0,0
0,1,0.894498077628106,0.758277968280958,-0.450884154139022,0,1,0,0,0
3,1,0.818826353705481,-0.326050767678629,0.417783288862597,1,1,1,1,1
0,2,-0.0408471905190615,-0.202338265766144,-0.793112438410794,0,1,0,1,0
1,11,0.683770623222954,1.49837675025363,2.30341609624776,0,0,0,1,0
2,1,-1.32029922281639,0.162637290761315,-0.457236697239123,1,1,1,0,0
2,1,-1.8213365235324,0.548095159972892,-0.154674210681456,0,1,0,0,0
6,0,1.53499112750139,-0.988048831887326,0.082109759441098,1,0,0,0,0
1,0,-0.569532390524762,0.498909687258187,-0.153165878213866,1,1,1,0,0
0,1,-1.03928839310685,-1.59183562820913,-2.19483223105342,0,1,0,1,0
1,0,1.03367865674845,-1.99711447295513,1.38166689922675,0,1,1,0,0
1,4,0.408282309790019,0.909104058637955,-0.5790912544241,0,1,0,0,0
1,0,1.40024589133753,-0.437110536307175,-0.511323901999738,0,1,1,0,0
4,0,-0.541398989448631,-0.384220100925933,-0.903469461449393,1,1,1,0,0
3,0,0.717427725215501,0.222934662067454,-0.465766108401159,1,1,1,0,0
3,0,0.0911611433361457,-0.892046525144475,-1.09951917868433,0,0,1,0,0
0,0,-0.0140877034395557,-1.10688129390559,-0.154590818823406,0,0,0,0,0
4,0,-1.01555115057266,-1.56140701306249,-0.584011748443135,1,1,1,1,0
1,0,-0.65473791115727,-0.821000506232531,-0.143437500571317,0,1,0,0,0
8,2,-1.48727385043753,-1.2763277571929,0.731948481283393,1,1,0,0,1
2,5,3.17848928192999,0.598548007991501,-0.454705884630595,0,1,0,0,0
2,0,-1.55377707378046,1.21154659787603,0.555366585276917,1,1,1,1,0
4,1,-1.15492645299432,2.78749425784158,0.310281077699325,1,0,0,0,1
2,2,0.065042317502296,-0.0512604264858537,0.0183346666629867,1,1,0,0,0
1,4,-0.749742117830888,0.627696337651713,0.310404888378119,1,1,0,0,0
0,1,1.02293685936462,-1.97329919495597,0.369984636394913,0,1,0,0,0
1,2,0.372746709336929,0.72538478236507,1.33700582814764,1,1,1,0,0
2,0,0.742245141643024,-3.44994947863565,-2.15624616298341,1,0,1,1,0
1,1,-0.076994708519396,-1.51595785971734,0.0622248442901459,0,1,0,0,0
3,0,0.245339355111299,0.787790385486108,0.352922453908831,0,1,0,1,1
2,2,-0.253886873065219,0.922402922195524,-0.409528960447806,0,1,0,0,1
6,3,1.31737938491007,0.452225315637632,-0.0520684303960928,1,1,1,1,0
2,3,-1.10403946571589,-0.246859672773092,-0.585340902509136,0,0,0,0,0
0,2,0.0294510933990909,-0.62515932138029,-0.0667854291587366,1,0,1,1,0
1,2,-0.834312855278951,-0.313666669449612,0.234249046578919,1,1,1,1,0
8,1,0.503195813326394,0.00360451532576362,1.07765200824819,0,0,1,1,0
0,0,-2.09747067198796,-0.984257730669355,-0.558540305638417,0,0,1,1,1
1,2,-0.0944845798294065,0.571400888966171,-0.634578036820589,1,1,1,0,0
2,1,1.01454241130906,-0.455504496051973,-0.427910490571572,1,1,1,0,0
3,0,-0.0794004506489605,-0.988903980397786,1.10316614253544,1,0,1,1,0
0,0,-0.255128937044001,-0.721842351141065,0.163962579449947,0,1,0,0,1
2,2,0.780950544195785,-0.113887306049674,1.27086381715219,1,1,1,0,0
4,2,1.20741265849372,0.375029955445044,-1.35482249248991,0,0,1,0,1
0,2,-0.907852659628467,1.24956306543113,-0.690759528347435,0,0,0,1,0
0,4,-1.40320784568114,-0.0367253092925345,1.77421848972254,0,1,1,0,0
6,1,-0.0713814095005859,0.369064568422863,0.0139049262395333,1,1,0,1,1
0,1,1.04739210062907,-0.0922958867870442,-0.0184478452460898,1,1,1,0,0
0,14,-0.266767820115031,-0.692754882493662,-0.104761455585928,0,1,0,1,0
1,1,0.95795200493075,0.0121291810407867,-0.717530072450909,1,0,0,1,0
2,2,-0.982806096754553,0.0531719441387173,0.992574053347669,1,1,0,1,1
0,1,-0.81053528160856,-0.407253571132969,1.33208931221564,1,1,1,1,0
3,3,-2.2816639541806,0.442567624250897,0.471510794919217,1,1,1,1,0
5,0,1.57935272083815,-0.398618294950841,-0.658165281118064,1,1,1,1,0
1,0,-0.972165435214201,0.311127555557484,0.234947134546847,0,1,1,0,1
0,0,-1.02897471604725,-0.0675318074677833,-0.21357564112876,1,1,0,1,0
1,5,-0.604412458241648,-0.56209885630529,1.40318373166818,1,1,0,1,1
1,4,0.72877074688592,0.392075558734583,1.88264737580652,1,0,1,1,0
0,1,-0.450630731674166,0.23241495076963,0.351150707065593,1,1,1,0,1
3,2,-0.269391216877118,1.3301997895902,2.2307476952953,1,1,1,0,0
1,0,0.673621632397077,1.44350586401923,0.590681444411697,0,0,1,1,0
2,0,-0.616631691003852,1.40423125486213,0.932051996536988,0,0,1,1,1
2,1,0.713247141905714,-1.08859961511728,0.767396970589983,1,0,1,1,0
5,2,-0.281956162459798,0.172627992536061,0.43365212687101,0,1,1,1,0
0,0,0.822164134915625,0.303151682189864,-1.15033233897142,1,0,0,0,1
1,1,-1.13055244401329,-0.524728529558596,-0.416842537658368,0,1,1,0,0
0,2,-0.730051547390874,0.683326850442721,2.14600356671743,1,1,0,0,0
8,0,1.09575807017862,-0.947550137708995,0.600417515759337,0,0,0,0,0
2,2,1.88730665710539,0.94481085179424,-1.1934374265044,1,1,0,0,0
3,2,-0.87418056451546,-1.31255529675284,-0.168237726576426,0,0,0,0,0
6,2,1.45835744288251,0.653406126163739,0.225569201528568,1,1,0,1,0
1,1,2.25969584724276,-1.68998626461009,-0.335606026121655,1,0,1,0,0
2,1,-1.49529438042122,0.262097117210665,0.136519559773334,1,0,1,0,0
5,6,-0.862014019110745,0.491253295466444,0.968972864996467,0,0,1,1,0
6,0,-0.243878362607998,-1.1247296385538,0.170486356661948,1,1,1,0,0
3,8,1.4449739755708,2.47999659258931,-0.989078457345007,0,0,0,0,1
0,0,0.00814683161857419,0.902413324441293,0.0666218362828768,0,1,0,1,0
2,0,-0.47314204981421,-1.05727154293638,0.292892783382232,0,0,1,0,0
3,1,1.08093861036147,-0.915493956616831,-1.42508151252591,1,1,1,0,0
3,2,-1.33952080463538,-0.588539635112032,-0.275191863984576,1,0,1,0,1
1,1,-0.0513417768167838,-0.788310510281945,-0.0460862629138907,0,1,1,1,0
1,0,0.317765555165783,0.689374083203915,-0.583787240481739,0,0,0,0,1
3,0,1.33818632699403,1.05832990485205,-1.65904769223314,1,1,0,0,0
4,0,-0.0897971698623024,-0.959432931113144,-0.392830466230544,1,1,0,0,0
5,3,-0.336000075058355,0.201441050682155,1.48565488671419,1,0,1,1,0
0,3,-0.0280811418641816,-0.3473223324837,-1.05434722270186,1,0,0,0,1
2,0,0.529080313654834,0.578218059858145,-0.50026427117842,1,1,1,0,0
4,0,1.22430795340343,-0.430580152111464,0.047554121491151,1,0,1,0,0
3,3,0.755842400647379,-0.67510959751462,0.0520601213233769,1,1,0,0,0
2,0,-0.465786902004346,-0.926703711216335,-0.668788394505093,1,1,0,1,0
2,2,-1.76632105547138,0.88717195331077,-1.0530198683099,0,0,1,1,0
2,2,0.0252991009560438,-1.40922948377791,0.938367798727472,1,0,1,1,1
2,4,0.222579604574569,-0.0761748384587389,1.14190859168644,0,0,0,1,0
0,0,-1.41861801524378,0.467446384121616,0.108116569979984,1,1,0,0,0
2,1,-0.245081626746495,1.16595830983862,-0.188080875620018,1,1,1,0,1
4,1,-0.467971398370404,0.743455109484221,-0.408232117782465,0,0,1,1,1
2,0,1.1533099339711,1.98642526899778,-0.266983200379141,1,1,0,1,0
0,0,0.569290525497297,1.33647881255462,0.103348120370655,1,1,1,1,0
1,4,0.813123553896886,0.00436840497333472,0.517374453908768,0,0,1,0,0
1,0,1.4424138739242,0.165210977411717,0.392819846972777,0,0,0,1,1
0,0,1.00217152451073,-0.987543551234972,-0.833456996571074,0,1,1,1,0
1,1,-1.98826014058337,-0.0182750639827341,-0.766014226406042,0,1,0,0,0
0,4,0.363550219427455,-1.84811708542247,-0.764619321220965,0,1,0,0,0
0,0,-0.706626186972582,0.0549369815226889,-2.05316788897791,1,1,0,0,0
2,0,0.327060265992002,0.75155228591616,-0.837091994598862,0,0,1,0,0
4,3,1.83021268948591,1.07619833403511,-0.00101120871047262,1,1,1,1,1
1,2,-0.546140569042445,1.0132618179283,-2.25999019460938,0,1,0,0,0
2,2,0.195454679799926,1.7966248861971,0.0275143278762013,0,0,1,0,0
1,5,0.72502320050313,0.937291088420822,-0.289918207292773,1,0,0,0,0
2,1,0.230988517222347,0.793936041039793,-0.79464336862057,0,0,1,1,0
0,0,-0.38154120976723,0.0366932512289223,-0.181961175445138,0,1,1,0,0
1,5,0.248263240623375,1.91109775790938e-05,1.10648664422728,0,1,0,1,1
11,2,-0.685207233098008,1.13193570012677,-0.693002622063185,0,0,1,1,1
0,1,-1.07579452527709,-0.333186459212451,-1.40357000533885,0,0,1,1,0
0,3,-1.3360584201516,1.57907248731482,-0.394239053152827,0,1,1,0,0
2,1,0.920189089342788,-1.08757041783848,-0.894212247444235,1,0,1,1,0
1,0,0.110653702897258,-0.588894494084943,0.65092147712991,1,0,0,0,1
2,1,-0.672617312885972,0.384706765318692,1.90120375183763,1,0,0,1,0
0,1,0.218616264111818,-0.922900723535424,-0.595025799090319,0,1,1,1,1
2,1,0.125513453115575,-0.497419746429082,-0.764977022675176,0,1,1,1,1
4,3,1.62975641101744,-0.501067843115644,-1.58951835557399,1,0,0,0,0
0,0,0.5958725589448,-0.0134165156648158,-0.593813891635024,1,1,0,0,1
0,1,2.36202282194684,1.47051199334453,-1.65258188325423,1,1,1,1,1
2,4,0.574408405352501,0.746126081515084,-0.185620547103099,0,1,1,1,0
2,4,1.6877165105041,1.03810008692651,0.0413945788698612,1,0,1,1,0
4,4,-0.430368268730682,0.412669714009183,-1.02349999411543,0,0,0,1,0
4,0,-1.25429225997553,-0.57449212575839,-1.56207907461294,0,1,1,1,0
9,1,-1.7285124519146,0.0249323698256975,-1.82003522134707,0,1,0,1,0
0,2,1.4215456684492,2.0270201430155,-0.0229434480772522,0,1,1,0,1
4,3,1.72380537594262,-0.305488467952748,1.08329006725569,0,1,0,0,0
0,2,0.233168323016641,-0.781256734906815,1.17465579732608,0,1,0,0,0
0,0,-0.727001018143893,-0.632416528255739,0.953263628556585,0,0,0,0,1
4,3,0.402264952436963,-0.883277494207176,0.535613396502962,1,1,0,0,0
11,1,0.585961782997166,1.79048756881226,0.87761359969166,1,0,1,1,0
5,0,-0.544374179905052,-0.252240299053125,-1.01831774927014,1,1,0,1,0
1,2,-1.09094966715928,0.733202965699938,-0.875418845042742,1,1,1,0,0
0,3,-0.753637303111916,0.279095388853191,2.02003709889174,0,1,0,0,0
1,5,0.570097919124718,1.63167987984825,0.0412144541222253,0,1,1,0,0
0,4,-0.789219278256285,-0.942772701900529,-0.384529901801554,0,0,0,0,0
2,2,-0.803075824414239,-0.83914465438811,-0.197358971414492,1,1,1,0,0
4,0,-1.06399277199198,-0.400676737739089,0.0104969659308624,1,0,1,0,0
5,2,-0.637139602858397,1.62906395334969,-0.907981675766231,0,1,1,0,1
3,7,1.10721245296224,0.428764148885572,1.0708818033328,1,0,0,1,0
3,0,-0.209230149761168,-1.86543284386077,-0.569922804387662,0,0,1,1,0
0,0,-0.363533915129391,-0.431033249070682,-1.84962299909322,0,0,1,1,0
0,1,-0.181649307521847,0.860194704107167,2.01557043409419,0,1,0,1,1
2,0,0.480430382658912,0.146968497920766,-0.873070737645187,1,1,1,1,0
3,3,-1.00317051087535,1.60805921761087,-0.0605370607271986,1,1,0,0,0
0,1,0.534279327053123,0.965957129511774,0.420502607546883,0,0,0,0,0
6,2,0.182908914223469,0.316506764880399,-0.479484758322818,1,0,1,0,1
0,3,-0.0813525307257733,0.0289032612890241,0.972503804734121,0,1,1,0,0
5,2,0.1384163564404,-0.184334058155132,0.297018431496481,0,0,1,1,0
0,1,0.588899054635062,-0.510640631795686,-0.238646756227106,0,0,0,1,1
0,1,-1.0739409797129,-1.06344628067667,-1.28265139033312,0,1,1,0,0
2,2,0.457626789177041,-1.40218418244631,0.402892277270954,0,0,1,1,0
1,4,0.0543110102029748,1.39743284056756,-1.55343970988032,1,1,0,0,0
9,0,0.158470192979915,1.68438451605426,-0.162913779283681,1,1,0,0,0
4,3,-0.813342932895247,1.79949052445219,0.61703157533955,0,1,1,0,0
0,1,0.0356984708147624,-0.299469020953194,1.75994738242117,1,1,0,1,1
1,0,0.961582723813321,0.848632037930646,-1.72452892384989,1,1,0,0,0
1,0,-1.45760980001734,-0.0286763240870458,2.24032840747148,1,1,1,0,1
0,4,-0.778625248191587,0.609286666863464,-1.31242215699794,0,0,1,1,0
1,5,-1.30662832689946,0.844847778694755,-0.147579904916742,1,1,1,1,0
1,1,-1.13747439742242,0.418558559407565,0.338441530150054,0,0,0,0,0
0,1,-0.657669474390037,0.381166280908939,0.570816086171808,0,1,0,0,0
1,2,-0.123637489032013,0.237642283299217,0.93780122225409,1,0,0,0,1
0,0,-0.589470671966391,-1.24819550537241,-1.50250504757186,1,0,1,0,1
0,0,0.315866466318541,-0.415185883903235,0.572490307376979,1,1,1,0,0
1,0,-0.481851294139575,-0.0499107651541122,0.323412639185361,0,0,0,0,0
4,0,0.20359630749665,0.228826985296809,-0.239086236177281,0,0,1,0,0
1,1,-0.683082748337142,0.665001974401192,0.944508995850036,1,1,0,1,0
0,4,-1.37527857223938,-1.25510036378341,1.4159755272509,0,1,0,0,0
5,1,1.9553358883371,-0.245846848450024,-0.388662129211948,0,0,0,0,0
7,0,0.970875471679786,-0.177765282984335,1.48960134443622,1,0,1,0,0
2,0,-0.628727383336176,0.789093958097355,-2.17934023039128,0,1,0,0,0
6,6,-1.90684467390533,0.978655170834385,0.923947931617407,1,1,0,0,0
1,0,0.430279699269625,-0.32066863275178,-0.844429771860528,1,1,0,0,0
2,0,1.04751073690678,-1.68227433147263,-0.835603320859125,1,1,1,1,0
2,0,0.907577674699647,-0.0638947285389215,-0.600845440209252,0,1,0,0,0
3,1,-0.0257771043389371,-1.19327375853192,0.996628658544388,1,0,1,0,0
1,0,-0.104157971599655,0.30951319756806,-0.367033067027292,1,1,0,1,1
2,7,-0.724529123567642,-1.9592469126877,-0.347649186244445,1,1,1,1,1
0,2,-1.62290237786785,-0.945914838742228,1.42336178543666,1,1,0,0,0
7,1,-0.362541323631485,0.0754438863013841,-0.17144496448647,1,0,0,0,1
1,1,0.363161342534548,0.0065004477948555,-0.0671990928770417,0,1,0,0,1
3,8,-0.312669862379037,1.223895877307,0.027556548574625,1,1,0,1,1
3,1,-0.718459587738167,-1.82161509340222,-2.18687308409133,0,1,0,0,0
0,3,0.0184763208293739,-0.460161984205145,0.274300810280249,1,0,1,1,0
1,2,1.5608785746115,-0.195143045832143,1.2396807947253,0,1,0,0,0
2,1,0.358970732772651,0.581879155988995,0.760024676601861,1,1,0,0,0
6,5,0.3909250786151,0.0813512852896569,0.428873984299931,0,0,1,1,0
1,1,-0.736088085427668,-1.86750708953385,1.41066417780703,0,0,0,1,0
0,1,-0.643125188297812,2.27446490073328,1.32331188638578,1,1,0,0,0
1,1,-0.977764857434923,-0.637831471618994,-2.3448390301725,0,1,0,0,0
2,1,-1.92479318720243,-0.261631674416088,0.964975567033464,0,1,1,0,0
1,10,-1.42497492749134,1.18774164072561,1.96506324538299,1,0,0,1,0
2,0,0.760596911018952,0.0538145344998969,-0.45031764782973,0,1,0,1,1
4,2,-0.262639248090302,-0.128594080942841,0.768582744123544,1,0,1,0,0
2,0,-0.024962172011046,-0.0124222812362438,-0.645350985721257,1,0,0,0,0
4,0,1.46739797311283,0.437536944112263,1.3234198408145,0,1,0,0,0
3,0,0.955475840411498,0.229717097954078,0.917967674908583,0,1,1,1,0
6,3,-1.66444702422506,1.05759843613067,-0.9823082426489,1,1,0,0,0
1,10,1.39007003168009,-0.407648199189017,-0.0581150248350944,0,0,0,1,0
0,1,-0.453595015625295,0.244760808859132,-1.19014794594889,1,1,0,0,0
1,3,-1.02657155973886,0.0969789178995011,-0.0649844118594987,0,0,0,0,0
0,0,3.05834395978086,-0.0927458307527633,0.65195041724103,1,1,0,0,0
10,2,-2.18025886406638,-0.137736699491092,0.639690887566977,1,1,1,0,1
0,0,0.154773029604536,-0.20256587559926,1.71698038757646,1,0,1,1,0
0,1,0.676776971264683,0.454417238428891,-1.40521854042005,1,1,1,0,0
0,6,-1.0270637908282,0.182913536193154,0.548233059898182,0,1,0,0,0
1,5,0.28271686041698,-0.195467329345099,-1.17258920888666,1,1,0,1,0
0,1,-1.6931570482701,-0.862285486702673,0.348447641020494,0,0,1,0,0
3,1,0.371972778731193,1.07551003584137,-0.950130069901799,0,1,1,0,1
4,6,1.33643652337677,1.12402425651508,-0.406117184182096,0,1,0,1,0
0,0,-0.297441516166575,-0.159878129280288,-0.697587923227592,1,1,1,1,0
6,1,-0.244721369311094,0.769983155178484,0.653495463375932,0,1,0,1,1
0,0,-0.413637678802945,-2.77741251014308,-0.339120863428451,1,0,1,0,0
16,1,0.607376466439766,0.351296283279015,-0.0438722941226471,1,0,0,0,0
4,0,0.696859046720892,-1.94132295366368,-1.64935650609932,1,1,1,1,1
3,1,-0.411334331051676,0.859873589578513,-0.158759901460728,0,0,0,0,0
1,0,-2.1474977270024,1.44506323569918,1.19327414039553,0,0,0,1,1
2,1,1.40632627376014,-1.28028681147992,2.10565311339663,0,1,0,1,0
1,1,1.06877313516691,0.263165434352718,-1.90787994058817,0,1,0,0,0
1,0,0.148383591663828,-1.125812337404,-1.38429036687112,1,0,1,0,0
1,4,-0.564039533662913,0.0698362034241811,1.85800817716447,1,1,1,1,0
5,3,-2.34613928398795,-0.0558715991280937,0.0149207953506147,1,1,1,0,1
1,1,-1.36419896888708,1.49201482103413,1.36432726664823,1,1,1,1,0
1,1,0.956998068886062,-1.29335552542961,-1.5715060800335,1,0,1,0,0
7,2,-1.76773984318153,1.41482159543351,1.0486550506318,1,0,1,1,1
1,5,0.224320507387706,0.529731374527876,1.0628423384221,0,1,0,0,0
0,0,0.780771497213218,0.285751274711639,-1.03900236434626,0,0,1,0,0
4,8,0.617022287295306,0.196104544764349,-0.978163233252906,1,1,1,0,1
4,1,1.84852941100212,-0.661716682828234,-0.535674466284862,1,0,0,0,0
6,11,-0.583950532115303,2.96723894579717,0.6734834220972,1,0,0,1,1
3,0,-0.1623272532161,-1.43479010861522,-0.445168548347371,1,0,1,0,0
2,0,0.522778175036325,0.944532082289188,1.28329249789649,0,1,0,0,0
2,1,1.17314878878531,-0.492941209756237,0.854265038595518,1,1,1,1,0
4,0,-0.512928554618491,-1.30190594867839,-1.46576901819002,0,1,1,1,0
0,1,-0.000137571321359344,-0.483766414812182,-1.03736103120572,0,0,1,0,0
3,3,-0.639127325142142,-0.230533723014406,1.60406402403197,1,0,0,0,0
2,1,0.178497150503847,0.501563080138848,-0.279337943985572,1,1,1,0,0
0,0,0.497458218916702,-0.663142675769405,-0.0195538020977428,0,0,1,0,1
0,0,-0.163392869712998,-1.41290456753608,0.720612055337552,1,1,1,0,0
3,4,0.414794373609588,-0.455149427006167,1.21800217040317,0,1,1,0,0
3,5,-0.577372784950053,0.27204944093523,1.34929684412642,0,1,1,0,1
2,0,-2.04667444820741,-0.317928434329847,-1.79602028147708,1,0,0,0,1
0,0,-1.54858713111953,-0.296382682408778,0.814381025901286,1,1,1,0,0
2,1,1.79963146692588,1.41844019727092,-1.67662363214978,1,1,0,0,0
3,4,1.30944017885248,2.10237077002579,-1.6668142139361,0,0,1,0,0
1,0,-1.70286263613771,-2.15266570128089,-0.415639016820632,0,1,1,0,0
1,1,0.836186704283928,-0.217474039392144,1.23373731131883,1,1,1,0,0
2,1,0.679595147471236,0.733377988578317,0.0739135770258606,0,1,1,0,0
0,1,-0.347847196840641,-1.22607928608795,0.736840096893916,1,0,1,0,0
1,1,-0.809367218244861,-0.127540028944999,1.07530732566594,0,0,0,0,1
3,0,-1.07832392450432,-0.473111251519869,-0.920078779983872,0,0,1,0,1
0,1,0.534267786094732,-1.454688075682,0.882873953744676,0,1,0,0,0
0,2,-2.30410054309062,-0.922997350333067,-2.41579126246406,1,1,1,0,0
6,0,0.783977578232646,-0.931352154312137,-1.35635764579293,0,1,0,1,1
5,2,-0.804474676001696,0.0759694918633403,-0.450131140246148,1,0,0,1,0
4,0,1.03579906282525,-0.550681766225534,0.453871778057034,0,1,1,0,1
1,1,1.5908332063773,0.682018885794243,0.441725684855613,0,0,1,1,0
2,0,-0.728440627919304,-0.100427212994736,-0.212596144822982,1,1,1,0,0
0,3,0.734304951061589,-0.302165980296813,0.59012677543783,0,1,1,1,1
0,3,0.154366945490961,-1.32948760008118,-0.88332120807866,0,1,1,0,0
0,0,-1.32458052616229,-0.0484295404344567,-0.196476325016729,1,0,0,0,1
1,1,-0.386334984391695,0.996840150666725,-0.717690947378197,1,1,0,0,0
4,2,-1.0556558102555,1.27713149652768,-0.804000713171212,1,1,0,1,0
3,0,-0.0428628305640364,-0.558891865542402,-0.255903704803362,0,1,1,0,1
0,0,1.26843173713222,-1.196786921956,0.0748590938577393,0,1,0,0,0
9,1,-0.0535401462262305,0.34888762736859,-1.16228608327653,1,0,0,1,0
1,0,-0.061700692306365,0.678464558377815,-1.1453676756753,0,0,1,0,0
0,2,0.367152596162325,-1.05924252756397,1.49583086200762,0,1,1,0,0
2,1,1.09537210892865,-0.0716707266479499,0.212894823694321,0,1,1,0,0
0,0,-1.42977655331528,0.38649154493524,1.24000137694312,0,0,1,0,0
0,0,-0.504991557893732,0.503572726474527,-1.00281020626099,1,1,0,0,1
0,1,-2.23119443565364,-0.836287199803595,-1.93972889297085,0,1,0,0,1
0,0,0.786126206572782,-0.124165374054229,-0.0575636712176073,1,1,0,0,0
5,11,-1.06765187880377,1.77093556445974,-1.12413723088823,0,1,0,1,0
1,0,-0.637938687744245,1.63343366295011,-0.396092663267342,1,1,1,0,1
0,1,1.58507214905885,1.09382208177203,0.412068614968166,0,0,1,0,0
5,2,-1.4438926128979,0.172318329508888,-0.00263429788753579,1,1,1,1,1
3,1,-0.822341743096868,-0.118167544313935,-0.669334441112679,0,0,1,1,1
6,0,-0.355228821091102,-0.541318758511992,-0.183067763572529,0,1,0,0,0
1,0,-0.540403361973478,0.772036966532646,1.03113843846136,1,0,1,0,0
7,1,-0.266305431024857,1.3060429987444,1.47359850057408,0,0,1,0,0
1,0,0.172190100256439,-0.801767437284725,1.17924108529834,1,0,1,0,0
1,1,0.699783557218427,1.31194113840707,0.938339999201446,0,1,0,1,0
3,4,0.72189931021328,-0.339615709394588,0.825903830064306,0,0,1,0,0
1,3,-2.58515946969759,0.0671190117274679,-0.364098678949462,1,1,1,0,0
2,1,-0.0865285229430773,-0.485568211238565,0.420166458555969,0,0,0,1,1
2,2,-0.359312856619618,-1.41365326846906,1.3649298206438,0,1,1,0,0
1,6,-1.02355342649085,-0.130226195751643,1.32897845812693,0,1,1,1,0
5,0,-0.426247827706524,-0.295031081838407,-0.696755107167768,1,0,0,1,1
1,0,0.75280313308748,0.019359560668602,0.801102510946412,0,1,0,0,0
0,1,0.87631459889301,0.206764480438279,-0.344290114375712,0,0,1,0,0
6,0,0.0771536426742581,2.17915637063911,-1.28127924591124,1,1,0,0,0
6,2,-1.05721457816035,0.0196397147008062,1.76366835418563,0,1,1,0,0
6,2,-0.259175536161623,-0.552626706948286,1.69075829317138,1,0,0,1,0
7,0,0.0973780706468923,0.0282309107133525,-0.0031314340414327,0,0,1,0,0
0,1,-0.152880001631529,-0.130205317436144,0.217387789256685,1,1,0,1,0
8,1,-0.546619237430835,0.544641484692584,-0.587707293619189,0,1,0,1,0
0,1,0.565749949052529,-0.861446778295853,2.07520937497778,0,0,1,0,0
1,0,2.27135738317937,0.148256212939808,1.60394846362186,1,1,1,0,0
0,1,-0.807882850557067,-0.680135766029547,0.672302914957038,0,0,1,0,0
3,0,2.75113513899181,1.29979284014091,-1.58285331919141,1,1,0,0,0
3,0,-0.428215732553452,1.54313986382648,-0.22316458889811,1,0,1,1,1
2,0,-0.488253353809171,-0.623586383008033,0.33617356248863,0,0,0,1,0
0,2,-0.606956411279562,-1.17980394103896,-0.917429549020229,0,0,0,0,0
1,0,0.726965454561883,0.188253838173538,0.429482984937614,0,1,1,0,0
0,1,-2.31051834530429,-0.42763980972091,-0.113484121130479,0,1,0,0,0
4,1,0.00887154867682331,1.69556943821573,1.85425695980683,1,0,0,0,0
3,0,-0.781116258305533,-0.920002540331464,-0.443772200472516,1,0,1,0,0
4,2,1.76929570864634,-0.173101174268579,0.328413029934922,0,0,1,0,1
3,2,0.244726669145148,0.0367133746372787,-0.508982378611782,0,0,0,0,1
2,5,-0.862378513962217,-0.0879625085673123,-0.482205509755352,0,1,0,1,1
0,3,-0.379650067964077,0.437885578707797,-0.310743508778292,1,0,0,0,0
4,5,0.0609364781830097,-1.7187318386322,-0.90394489392427,1,1,1,1,1
6,3,-0.788301515901791,1.40565884506164,-0.448253226657522,0,0,1,1,0
1,0,-0.52660895537555,-0.0230318190116939,0.626346089683882,1,1,1,0,0
0,0,0.667483831945841,0.868009702779938,0.0329494287924221,1,0,0,0,1
2,1,1.12038058727414,-0.884387024323153,0.286591380315381,0,0,0,0,0
1,0,1.2243488231696,-1.47647248392276,0.57899369463576,1,0,0,0,0
10,2,1.57004432958644,1.21276126637246,0.714349420718903,1,0,0,1,1
2,3,0.26034498396314,-0.992828428629241,-1.55235675039237,1,1,1,0,0
1,0,1.55197248033522,-0.182156240761131,0.596588086118887,0,1,1,1,0
4,0,-2.49887881266718,0.68243375470577,0.956629292142823,1,1,0,0,0
1,1,3.12877176920555,1.79181723750367,-2.25429904233489,0,1,1,1,0
3,1,-0.115169301203628,-2.64234936548868,-0.724252997061023,1,0,1,0,0
23,0,1.91544922687215,1.20915887733107,-0.493947203154413,1,0,1,0,1
1,1,0.946108537668961,-2.08017091250004,0.775342052027769,0,1,1,0,0
0,1,0.6918382182806,-0.368561031356247,-0.325702231355639,1,1,1,1,0
3,1,1.10547714940451,0.642641607709833,0.664277352384257,0,1,0,1,0
2,1,1.19818202300961,-0.71647648908752,0.427521037142594,1,1,1,0,0
12,1,0.649487029050167,0.554229905929771,-1.35170427649719,1,0,1,0,0
5,4,0.920199661277721,1.07170458937745,-1.49139967139424,1,0,1,1,0
2,0,-2.02048004530365,1.51911999219702,0.317339126102677,0,0,0,1,0
18,1,1.07120435439418,0.764679984088069,-0.565564017797641,1,0,1,0,1
1,4,-1.75373926344523,-0.110485469363902,0.551064053634157,0,0,0,0,0
1,2,0.275681559856663,-1.53878496460154,-1.42053550050697,1,0,0,0,1
4,3,1.31642205984195,-0.0639542573524876,-0.0509474336412556,0,0,1,0,0
3,1,1.17014775965846,-0.109965031243538,0.712504477268528,1,1,0,0,0
1,2,-0.541754707176925,0.53701251467415,-1.10648315923341,1,1,0,0,0
3,8,0.683410743294678,-1.47291876823981,0.690507499513738,0,0,1,0,1
0,7,0.0790148133366155,1.118745466861,-0.687747646756246,1,0,0,1,0
1,2,0.191551304124236,2.38053052021636,1.16534108392599,1,0,1,0,0
5,2,0.159890021622137,0.124882455216225,-0.481342448236787,0,0,0,1,0
3,2,-0.206755167095005,-0.337569800561466,-1.05568738924671,1,1,0,0,0
11,1,1.2780306711156,1.58115081802104,-0.759866840815435,1,1,0,0,0
0,3,0.217215681623593,-0.625892152684259,1.53963452481022,1,0,0,1,1
3,3,0.861911766723987,0.337954645602159,-0.764575470067711,1,0,1,0,1
0,0,0.101767686016352,0.19337837234576,-1.33084502653558,0,0,0,0,0
1,3,-0.776899896139624,-0.310057632384485,0.982379404492748,1,0,1,1,0
1,6,0.859253378654104,0.0844512940943874,0.100231159702152,1,1,1,0,1
0,0,-1.92208499075112,-0.77262781219467,1.18461155128333,0,1,1,0,1
1,3,0.318467642555755,0.567299722505489,-0.795168294195921,1,1,0,1,0
2,1,0.482255977421717,-0.166247156098082,0.929724401873137,0,0,0,0,0
4,0,1.8106138439587,-0.400499030248736,0.857987925325176,1,1,1,0,0
1,3,0.805200856497575,0.274826817284211,-0.190885578525586,0,1,0,0,0
1,0,-0.0269046363526938,1.16959746992365,-0.562283758221844,0,0,1,1,0
0,1,-1.07788044891084,-0.755221123154587,0.963907639630794,1,1,0,0,1
2,1,-0.381266935306929,0.0203761193996547,-0.225796110141512,1,1,0,0,1
1,1,-0.786234387077252,0.338089524717237,0.27493115321619,1,1,1,0,0
1,0,2.30961622202911,-1.17883223153415,1.68862892970394,0,1,0,0,0
1,6,-2.47989317852734,1.686898321248,0.00127068130157315,1,0,0,0,0
14,1,0.337169341012557,1.99577450445027,-1.84520968297518,0,0,1,1,1
0,3,2.04770120361367,0.554298062251345,-0.431311038699434,1,1,0,1,0
4,0,0.657864407339683,0.834514626264452,0.37609887649606,1,1,1,0,1
1,1,-0.259047807367126,-1.2294117075153,-0.967370597111032,0,1,0,0,0
6,0,-0.613414560767394,0.657841933117938,-0.439704961003979,1,1,1,0,0
0,8,-1.31534373932769,0.752977886864931,1.58567026484089,1,1,1,0,0
3,2,0.679335199114485,0.334442784790768,0.0474982350097609,0,0,1,0,1
1,3,-0.346215569638448,0.94613014021207,0.775447476878631,1,0,0,0,1
12,0,-0.258056037561732,0.26167205136496,0.854911217985625,1,1,0,1,1
1,0,2.77824543152634,-0.0861432843046616,-0.0972851041383375,0,0,1,0,0
1,0,-0.548645770471773,-0.352366657932126,-2.0158179374505,0,1,1,0,0
1,3,-0.245947804395918,-0.324238973536566,-0.0419094492161784,1,1,0,1,0
3,2,-2.66144964106275,1.18654473307987,0.0507406914459204,0,1,0,0,0
2,2,-0.0734163424614196,0.407832760776777,-0.786933786409506,1,1,1,0,1
0,0,0.593249943513178,2.51003142104112,-0.0205214781673084,0,1,1,0,1
1,0,-0.957356100216804,0.467191501647801,-0.397701972403898,0,1,0,0,0
0,0,1.40229910580271,-0.399502143669496,-0.531713671844425,1,1,1,0,0
1,1,1.08168141279582,0.220336874025019,0.263658385124837,1,1,0,0,0
0,1,-1.5844033126702,0.584863235662323,0.122321083170688,0,0,1,0,1
0,0,-1.15485472079407,-0.833237972507343,-0.139778946838811,0,1,0,1,0
3,1,0.981903751781213,-0.939356085474157,-0.511159781940203,1,1,0,1,0
0,0,-0.0653468693578523,-1.53670660552152,1.43594949918476,0,0,1,0,0
0,0,0.860469467210203,0.675015326143753,-0.22004298151495,0,1,0,1,0
2,1,-0.454307308612034,0.654763362769497,-0.0907406158227025,1,1,0,0,0
1,0,-1.50587155091811,1.48407705147191,0.573797777816762,0,1,0,0,0
2,0,0.323352872514993,-0.845506844356906,-0.567497188093974,1,0,1,1,1
6,1,-1.54882899439551,-0.410441553177396,-2.70669577457265,1,0,1,0,0
1,0,0.425808518855348,-0.763609532425988,-0.149763936963297,0,1,0,0,0
8,0,1.52254102456902,-0.0465469347929926,-0.741153960595117,1,1,1,1,0
5,0,0.303927309954779,1.68750746643452,-1.9540983136809,1,1,0,0,0
4,1,0.369689145006531,0.63490013820232,0.765959381999807,1,1,1,1,0
1,0,0.55724724063904,-1.78603917065082,-1.62741857452866,0,0,1,1,0
0,1,-0.926496804969672,-0.945850059955877,-1.4257175181281,1,0,1,0,0
1,9,1.04103947029836,1.06299993174686,0.825819669560441,1,1,0,1,0
10,0,2.11506553693887,-0.479795396886526,-1.00303068908823,0,1,0,0,1
0,2,-1.31153955633845,-0.63545288315335,-0.161348616651718,0,0,1,0,0
0,1,0.301759570447193,-0.50096330403883,1.81713313583579,0,1,1,1,0
1,0,0.924448633907612,-0.789896747661507,-0.200726913492428,1,1,0,0,0
8,1,1.5772372169976,2.3866552925274,-0.431163268674913,0,1,0,0,0
1,0,0.0148385672198086,1.83727707820743,0.79232240856979,0,1,1,0,0
0,2,1.22303344847271,-0.516433842846457,0.0236039790001169,0,1,1,1,0
1,1,-2.11757431888434,0.997257797292262,-0.741074171804661,0,1,0,1,0
1,3,1.20696521659694,1.02485361708007,0.682661374663789,1,1,0,1,0
1,2,0.662352403989179,0.590282864853932,-1.15590383414378,0,1,0,0,0
1,1,-0.0442629850522854,-1.64608689833974,0.419159136533614,0,1,1,1,0
0,1,-0.25894483932365,0.333529038854411,-0.101833806042763,1,1,0,1,1
4,0,0.686589846495019,-1.60558311400128,0.819622310572038,1,1,1,0,0
5,1,1.23244828541912,-1.22713323713092,-0.184688536380148,0,0,1,0,0
2,4,-1.03456979570349,-0.565260700643348,0.134115501248308,0,1,0,0,0
6,3,-0.332540610921363,0.51040722947672,-0.774748365907948,1,1,0,1,1
5,0,-0.153419603547388,-1.34075437741484,-0.820742075823448,1,0,0,1,0
2,0,0.324339543107369,0.57680169391198,-0.519551847329334,1,1,1,0,0
2,2,0.873467926189518,0.914111432517531,0.977779396383154,0,1,1,1,0
0,2,-1.07891656034469,-0.136189193390526,0.417912126684908,1,1,1,1,0
3,0,1.61169992227815,-0.862979543703467,-2.02582908399329,0,1,0,1,0
2,3,0.405485487676356,0.695171592501429,-0.421359493730735,1,1,1,1,0
7,4,-0.143078447848558,1.39715053711542,-1.03641636379572,1,1,0,1,0
2,1,1.14082771952394,-0.637785731379264,-0.0616540186086409,1,0,1,1,0
2,1,1.00530049981121,-0.949996324178354,0.661811891006565,1,1,1,0,0
3,1,-0.0839644060760025,-0.162097496735747,-3.683364268405e-05,1,1,1,1,1
0,2,1.33488560815381,-0.72597332820693,-2.13915509812566,0,1,0,1,1
2,0,0.00203984929321682,-1.61917682342653,-0.496543650080909,0,1,0,1,1
1,2,-0.819167880648558,0.295107014113784,1.350811053041,0,1,0,0,0
5,3,0.931273144734221,0.952941092363786,-1.29738710784288,1,1,1,0,1
1,0,0.185845483799013,-0.238402181742988,-0.952882849037352,1,0,1,0,0
4,2,-1.31188279900004,0.677296013280953,1.3527709642712,1,1,1,0,1
3,0,1.06569140177438,0.124282958399877,-0.250538679783092,1,1,1,1,0
1,0,-0.0344076011301899,0.162682239228179,1.10321748818838,0,0,1,0,0
0,0,1.01782346036601,-1.01933949684689,-1.0975420638349,1,1,0,0,0
1,2,-1.68126523753959,0.611419273064953,0.652357104951881,0,1,1,0,1
5,0,-0.0677871815610214,1.06483243521213,-0.0431228174440608,1,0,1,1,0
2,0,-0.920119890435982,0.555842135752389,-0.429717822587282,0,1,1,1,0
0,0,-0.923834020622518,-0.25061882530491,-0.579221521880161,1,0,1,1,0
3,6,1.99971933855773,-0.617071539636116,0.0719980437550172,0,1,0,1,1
0,5,1.15467613745445,-0.89334166817109,0.191511554729891,1,1,0,0,1
3,2,-2.00848863685618,1.38656974264608,0.0324090805087063,1,1,1,0,0
1,2,0.58398114702446,-0.532990893091546,0.9892572159715,0,0,0,1,0
0,1,-1.57882020191653,-0.988259133437126,-1.10225231675006,1,0,1,0,0
2,5,-0.419284765868428,-0.119218203875528,-0.517432182784147,1,1,1,1,0
0,1,0.705383567367887,-1.16697311312295,-0.398562281676834,0,0,1,1,1
0,1,-0.156393927795675,2.3568135452385,1.54560937755449,0,1,1,0,0
0,1,0.129039829787012,-0.872507493300927,0.922052393122689,1,1,0,0,0
6,1,1.57954636591282,0.0782768595900251,-0.59244349081069,1,1,0,0,1
2,1,1.28674591586063,0.95299089186179,-1.06587602780875,0,0,0,0,0
3,1,-0.511088793663411,0.745557337953829,0.670817336191251,1,1,0,0,0
1,4,0.262153125503786,0.672563748079103,1.05604583311869,0,1,1,0,0
4,6,0.865161979277222,-0.00690638979378232,-0.724939204853989,0,1,0,0,1
1,2,-0.91847038774304,-0.837148159476386,-1.19350840657842,0,0,0,1,0
1,2,-0.782179186909749,0.723554847977082,0.773627995621109,0,0,1,0,0
4,1,-1.49133218643122,0.936722477252644,-0.881849685406337,1,1,0,0,0
2,2,1.02294339848831,0.245264120506226,-0.0316899716056818,0,1,0,0,0
0,4,0.5938905516958,-0.511753274006059,0.530663889690082,1,0,0,0,0
1,3,-0.5037884826166,-0.688057818296304,1.23191485143014,1,1,1,0,0
1,1,0.224442840438576,0.0836453797805751,1.00159944071779,1,1,1,1,0
0,3,-0.405234092259327,1.28112151086377,0.721372449125442,0,1,1,0,0
2,1,1.05827154398766,-0.0139358005126099,0.910009426572728,1,1,1,0,0
0,0,0.117780953962308,-0.349269870574876,-1.8894837562856,0,1,0,0,0
3,1,0.115200334479677,-0.742392687342023,0.163849742273952,1,0,0,0,0
0,2,-0.0734947136083601,0.111526843137728,-0.711099011133321,1,1,0,0,0
5,2,1.2133684749506,0.930920477273043,-0.599811805032069,1,1,1,0,1
3,0,-0.36194132872867,-0.326607009836327,0.747598597938411,0,1,1,1,0
1,1,0.734710754622703,-1.1604912734879,1.32730547978707,1,1,1,0,0
6,1,0.593729093593836,0.153819033135443,0.309464800868917,0,1,0,0,1
1,1,1.3519311047518,0.628247815281805,0.403834492673958,0,0,0,0,0
0,1,-1.52988577389466,0.0725066382337046,-0.435165674210514,0,1,1,0,1
0,2,1.0228241558758,-0.55758217619288,-0.752233845089463,1,1,1,0,0
0,3,-0.371312675160168,0.116986067482277,0.148138567754035,0,1,0,1,0
4,0,-0.563418576695258,1.77418714240756,-0.417633537590248,0,0,1,0,0
1,0,0.481268145965538,0.605441640807855,1.62739208927652,1,0,1,0,0
6,0,-1.22654845474168,0.290569637756825,0.28758412172162,0,0,1,0,1
1,3,0.252589857995811,0.685532778446309,0.551265222491061,1,1,0,1,0
7,0,0.202934087915993,0.808549495023872,-0.7599725068238,1,1,1,0,0
0,1,-1.27956877699206,-0.607280236699146,1.60998870623174,0,1,0,0,0
1,2,-0.0687626576742244,-0.119152953855648,-1.23760539843645,1,0,0,0,0
4,1,-0.67367987625101,0.85741996670878,0.206256859163466,1,1,1,0,0
1,0,0.160761113696101,0.0292386714194344,1.37807409747006,0,1,0,0,0
4,1,-0.81162160458202,0.982365971982379,1.08788360351258,0,0,1,0,0
0,0,-0.614804682614717,-2.46645899433862,0.505043605297735,0,1,1,0,0
5,2,0.016100895053602,0.840371934831997,-1.77974915111626,0,0,1,0,0
2,1,-1.66418039360963,0.334859020966956,-0.109584258520897,1,0,1,0,0
4,0,0.518753517567113,-0.211336528877054,-0.155671459523669,1,0,1,0,0
0,1,-0.569803021326482,-0.0982265225989468,-0.568866252677322,1,1,0,0,1
2,1,0.913096556326596,-0.367225930537166,0.794537632756145,0,0,0,0,1
2,0,-1.88439841252892,-0.332526634102057,-1.745190288144,1,0,0,0,0
1,0,-0.709569455551058,-0.475883816020256,1.19949072767035,1,1,1,1,0
1,1,0.0979938814314584,-0.804628080523106,0.2717681062084,1,1,1,0,0
0,1,1.37924946466707,-0.750964234346376,0.0201082624304868,0,1,0,0,0
0,3,-0.332526272700064,0.685238706630807,-0.47729395740824,0,1,0,0,0
2,0,0.591221791575089,0.551638585295031,-0.12161649659539,1,0,0,0,1
3,0,0.744665099811121,-1.19516972677012,-0.672163114695143,0,1,1,1,0
5,0,0.637987361836533,-0.253639527713967,-0.102674115000395,1,1,1,0,1
7,0,0.467928521656444,-1.71275045687009,-0.395683586027054,0,1,1,0,0
6,1,1.52227351873698,-0.109389193320353,-0.565572691025259,1,1,0,0,0
2,2,2.19138530053405,0.29045877681123,0.375502625918459,1,0,0,0,0
1,1,0.756461202635131,0.780469386914716,-0.479637091789803,1,1,0,0,1
0,0,1.04849163580756,1.59882951222972,0.242385067768469,1,0,1,1,0
4,0,0.220171994881037,0.133356668405023,-0.858629231609886,1,0,0,0,0
0,0,-0.139350896214325,0.86261693220861,0.244079110184034,1,1,1,1,0
1,0,0.34180470508012,-0.921215349683095,0.787687368889782,1,1,1,1,0
0,1,1.96420875190739,-0.607960927497524,1.31017050817319,0,1,1,0,0
3,0,0.0607169011567854,0.720771255105992,0.0464528050254757,0,0,1,1,0
2,1,0.57447044768947,-0.454387519185842,0.475350738853482,1,1,0,0,0
3,1,-2.13835159759462,0.0607059291687699,1.14539939841463,0,1,0,0,0
3,4,1.98061358170823,-0.446217738915147,-1.00919360045213,1,0,1,1,0
2,0,0.726418452433634,-0.401041216732704,-0.0448483805621313,1,1,0,0,0
2,2,0.927972379181866,-0.124799075383564,0.984622395192721,1,1,1,0,0
4,4,-0.444027720239297,0.304371287942149,-0.115442143830344,0,0,1,1,0
4,0,0.944926038658913,0.933652199877081,0.364208273018515,0,0,0,0,0
3,6,-1.06132860447641,0.989332158558866,-0.760305056542139,0,0,0,0,0
0,1,0.630804863091798,-1.38741346910634,-1.34151211052988,1,1,0,0,0
3,1,-0.0808100857962901,0.522857291929695,-0.866803424968341,0,1,0,1,0
1,0,1.40582233165784,-1.2543075120481,2.42398624063861,0,1,1,0,1
3,0,0.646613308990792,1.18699168447301,0.861543694446189,1,1,1,0,0
4,6,0.131255210731207,1.52636720653372,2.33671810197045,1,1,0,1,0
1,3,-0.479936661962204,-0.25819356581859,-1.19129488624259,0,1,1,0,0
0,3,-1.40724231019238,-0.421566129040983,-1.45946339691262,0,1,0,0,0
6,2,-0.254969651484534,-1.43960141297705,1.4585080458368,1,1,0,0,0
4,3,0.242072904780165,-2.13021329148177,0.274495188022668,0,1,1,1,0
8,1,0.886492382908966,-0.460781763567387,-0.42653556613309,1,0,0,0,0
6,0,1.67014262635259,1.43703135593159,-0.816009560807479,0,0,0,1,0
7,1,-1.09649543817897,-1.26037203100806,-0.618658710479813,1,1,0,1,0
8,0,0.0536049808871986,1.34348705220675,-1.36239277621171,1,0,0,0,0
6,2,-1.52071698764449,-0.383299646854858,0.713233051033701,1,0,0,1,1
0,1,2.1272108106145,0.830964113642837,-0.769173799504763,0,1,1,1,0
2,0,-2.64756572019599,-0.492343320713643,-0.776681990254182,0,1,1,0,0
3,1,-0.383653337855821,-0.428998155369402,0.544294111779445,1,1,0,0,0
0,5,-0.721910048312092,-0.456726468665987,0.347690095408767,0,1,0,1,0
2,1,-0.286634304439779,-1.03159928459279,0.246655783536582,0,1,1,1,0
0,1,-0.323054294498277,-0.923861805820302,0.591784286972463,0,0,1,1,0
5,0,-0.816445763409812,1.83387544883834,-0.000557809159407628,1,0,1,0,0
4,6,0.107793368927712,0.587839095818643,-1.7898127635409,0,1,0,0,0
2,0,0.873253716512985,-0.729717186106863,0.50347937982848,1,0,1,0,0
1,8,0.0446718868034176,1.91638283387293,2.21180280216065,0,0,1,0,0
4,2,0.568291285983242,-1.96322384260885,-1.04579518337617,0,1,1,0,1
1,0,-0.614224930836447,-1.20329477603524,0.310587575030605,1,0,0,1,0
11,5,0.567520859439886,3.55762603210565,-0.994622651697206,0,1,1,0,1
5,3,0.180721761785466,0.482352588143848,0.548159023159946,1,0,1,0,1
1,5,-3.27472578209813,-0.795620179479579,0.726479091259353,0,1,1,0,0
0,3,-2.35070383228034,1.1533885645805,-1.01074523536771,1,1,0,1,0
2,4,-2.00271120130773,-1.45618343476211,1.55578219204364,1,1,0,0,0
4,1,0.974682864406464,0.0573315700535781,1.23445297070599,0,0,1,0,1
0,7,0.233003329969515,-1.35444700027299,0.929440315873925,0,1,0,1,0
8,1,1.22414310385772,-1.13831350651605,-1.84034080932215,1,1,0,0,0
2,0,-0.747669343161602,-0.97291669049211,-1.3049665244468,0,1,0,0,0
8,1,0.803501232042879,1.23106726372737,0.700632293148964,1,0,1,0,1
3,3,1.58343490041554,-0.605727223059411,-0.0939291572261498,0,1,1,1,0
2,5,-1.39261910282267,-0.665750531655258,1.46789193786545,0,1,1,1,0
2,8,-1.13911911142723,1.13074513238066,1.586745941471,1,1,1,0,0
2,0,-1.56460176836916,-0.0292241018110256,1.31883192155814,1,1,0,0,0
2,2,-1.12748119569485,0.39605875051296,0.366682918018276,1,1,1,1,0
1,2,1.67989988056872,1.10551453595412,0.991946573200887,0,1,1,1,0
0,5,-2.00429158448763,-0.689687940813757,0.694713533577597,1,1,1,1,1
2,0,0.364511586468923,1.9009170923976,0.468566911205003,0,1,1,0,0
1,0,-2.07565794273433,1.10306193896396,0.0217746133038572,0,0,0,0,0
2,1,0.390196897637273,0.947559414298474,0.226583885703159,0,0,1,1,0
2,3,-1.1694460322383,0.40202076455037,-1.47960799014719,0,0,0,0,0
0,0,-0.00963802700247465,-0.350710617236841,0.950625530874005,0,1,1,0,0
1,1,0.145420918428939,0.84845457012468,-0.0543641335631773,1,0,0,0,0
11,0,1.19638393966605,-0.0131395093649655,-0.349190795491659,1,1,1,1,1
13,0,-1.04029482457902,1.35859329903114,-0.369277114822074,0,1,0,0,0
14,0,-0.0808029571579285,-0.993700472664602,-0.661374716014983,1,0,1,1,0
0,0,-0.588585748894091,-0.158838672713533,0.945807440539378,0,1,1,0,0
1,0,-0.215998555221335,0.0294603836813853,-0.879093683331383,1,1,1,1,1
3,0,0.0836280053241318,0.131296800785275,-0.304859852214009,1,1,1,0,0
0,0,-2.48184320500485,0.549248047357069,-0.361322891355983,1,0,1,0,0
5,2,0.0952900974174779,0.0153385482798155,-0.705452111777851,0,1,0,0,0
2,2,1.61216218943337,0.0784334543778334,0.214170539945418,1,0,1,0,1
8,0,0.238961185229975,-0.199126149576467,-0.0227187907431323,1,0,1,0,1
16,2,0.839704393991895,1.33177524391592,-0.226541132839334,0,0,1,1,1
1,1,-1.08461906907179,-1.33386428249166,-0.215438417957103,1,1,0,1,1
0,0,-1.15262951764408,-0.454691276593678,-0.747930884553336,0,1,0,1,0
2,2,-2.04627067832703,0.302163779457285,-0.128226743135344,1,1,0,0,0
8,3,-2.06910956617001,0.796944114373091,0.0295963962872404,1,0,1,1,0
1,0,0.67683640493348,-0.490023095939989,0.00970719630093489,1,1,0,1,0
0,0,-1.32793614648867,-0.390515931333631,1.09760413317463,0,0,1,1,0
5,0,0.454119911316242,-0.893680059779968,1.26976701736104,1,0,0,1,0
2,2,0.685020546352811,-0.341583103948574,1.46895881836189,0,1,0,0,1
0,1,-1.17098379827154,-1.29600643245692,-1.92093392954443,1,1,0,1,0
4,0,-0.821140032892981,0.606444350672387,-1.17613282569206,1,1,1,0,0
1,2,-1.26479622634489,1.00056515054602,0.467259342833852,1,0,0,1,0
2,2,-1.04917271853916,-0.432671192723526,0.375449650297592,0,0,1,1,0
5,0,0.29275434918373,1.07471019805133,0.94666798303966,0,0,1,0,0
1,0,-0.0484765558096757,-1.55137300132494,-0.654591349193522,1,1,1,0,0
4,1,1.59323665876186,-0.314116711503358,2.50203578871363,1,0,0,1,1
1,0,0.709167262105417,0.535333948288039,0.502347518895063,0,0,0,0,0
2,1,1.36704470006789,-0.996347401174095,-2.01335041166043,0,0,0,0,0
7,0,-0.63720887876017,0.300169747930373,0.148268570656803,1,1,0,0,0
0,4,0.726498747324106,-1.34579482156986,1.17880479696247,1,0,0,1,0
5,0,-0.72175659734535,-0.244599262277699,-1.65741134673549,1,0,1,0,1
2,1,-1.23313058936898,-1.24719613314167,-0.611077278234121,0,1,0,1,0
7,3,0.378507791889889,1.82783270523735,-0.189630705211774,0,0,1,0,0
9,1,-1.50268376667482,1.12676366214871,-1.24774258873176,0,1,1,1,1
2,3,-0.42803350065468,2.61649056602378,-0.302203993463697,1,0,0,1,0
0,0,0.639970364540765,0.174593171348,0.135292160899805,0,1,1,0,0
1,0,-0.254145767841719,-0.121197373613253,-0.38121538156381,1,1,0,0,0
0,0,0.544845801484191,1.30111593005632,0.513924433910701,1,1,1,0,1
0,0,-1.58941652122607,-0.865538312690079,-0.498818099962016,0,1,1,1,0
0,1,1.07253166481527,0.132125277741117,-2.89346493049586,1,1,0,1,0
7,0,0.790684499232722,0.453360488511826,0.604225269112224,0,0,0,0,0
2,0,-0.0721034823742581,-1.5911736846198,0.392721300760451,1,0,1,0,0
2,0,-1.11465739715198,0.844898654555793,0.112841109331834,0,1,1,1,0
1,1,-0.170369420241046,-0.114509564454374,-1.14968251933749,0,0,1,1,0
0,1,-0.149698778805238,-0.235838287476964,-0.985123996222424,1,1,0,0,0
0,0,-0.348365580376373,-1.60521815082245,-1.57200825696887,0,0,0,0,0
1,3,-1.60484123644795,-0.719530918888014,-1.40046948830253,0,1,0,0,1
3,0,1.07951283669029,-0.649922850801835,-0.0542442057212985,1,1,0,0,0
9,0,0.483529923595307,-1.3184282625386,0.231038731156322,1,0,1,0,1
5,2,0.54835850890245,1.70717874929049,-0.785108794984632,1,1,1,0,1
1,3,-1.05875404675908,0.309076098864425,-0.285670867057454,1,0,1,1,0
2,0,0.408089884272555,-2.01057441235926,-0.639207332514957,1,0,0,1,1
0,0,-0.27511926478174,-0.80095137829301,-0.470080949245691,1,1,0,1,1
3,0,-0.461184682459357,1.27106289986089,-0.272608945916184,0,0,1,1,0
2,3,-0.00866588101768003,2.91720690874184,0.146045390433477,0,0,0,0,0
2,2,-1.75647114533299,0.0270936014682181,1.18642872122747,1,1,1,0,0
1,1,-1.16441541881917,-0.471927899412862,-1.83978482690066,0,1,1,0,0
0,1,0.933207077620594,1.35638543719999,0.703360632237045,0,0,0,1,0
2,3,-0.745688676462762,-0.425358902560324,-0.0656015973505791,1,1,0,1,0
7,0,-0.0959782979618609,0.410449402130196,0.34746844418934,1,0,1,0,0
4,1,0.147794434691715,0.611771917369112,0.0710721847569001,0,0,1,0,1
2,0,0.62949618252157,-1.62428479151715,-1.18021053404291,0,1,1,0,0
2,0,-0.820709556096283,-1.04423723965298,0.146436989734118,0,0,0,0,0
3,0,0.160136186303752,0.265607511898025,0.507845723487217,1,0,1,0,0
0,0,-0.384700394812512,0.0599979301166272,1.05674410752317,1,0,1,0,0
7,1,1.33891857489866,1.14720882016863,-0.764150802185666,1,0,1,0,1
2,1,-0.346152326872133,0.641876662043723,-0.699406507100642,0,1,0,1,0
7,1,0.0228459607364296,0.095125157981406,-1.12895241221672,1,0,0,1,0
0,0,-1.74489861897601,-0.438790787121896,0.168431495521402,0,0,1,1,0
3,2,0.105884159358155,1.34741584454572,-0.760148804105738,1,0,0,0,0
3,1,-1.77933081843316,-1.22322348465422,-1.13392224591347,1,1,1,1,0
1,0,1.3610811305649,0.973267854417487,-0.00404229852739588,0,1,0,1,0
4,1,1.05206048475978,1.31511127105107,1.10646126984395,0,0,1,1,1
2,1,1.15452322768418,0.172165923944659,-0.45940232723846,0,0,0,0,0
2,3,-0.911738405244205,-1.61758708098932,-1.51875733230362,0,1,0,0,0
2,1,-1.12009230670202,1.07933141552282,-1.04554333068243,1,0,0,0,0
4,0,1.74863924791231,-0.9756383080277,-1.25430684185377,1,1,1,0,0
6,4,-0.518216284412504,1.37658506861829,-0.228825567608534,1,1,0,1,0
1,0,-2.33233106649063,-0.101262412079036,0.118549938347939,1,0,1,1,0
0,5,-0.564710247305162,0.304030762188747,-0.848071245184473,0,0,1,0,0
0,2,0.107859969486894,-1.23429277257082,1.16191151810102,1,1,1,1,0
1,2,-0.0924730315482417,-0.302393850669462,1.01662496790532,1,0,1,0,0
1,2,0.841766648789561,-0.843354456159157,-0.284747353947424,0,0,1,0,0
1,0,-1.52847630579273,-0.00219206031448416,-0.353786970006658,1,1,0,0,1
0,1,-0.983707663244281,0.332456709584498,-0.83099333327819,1,1,1,1,0
7,3,0.102608614930469,0.222948825265812,-1.17037345227075,0,1,0,0,1
13,0,1.63078783023288,2.84390754601237,-0.901767428213642,0,1,0,1,0
4,0,0.381796793289551,0.692910448659644,0.234481122552779,1,1,1,0,0
2,0,-0.57427325895601,0.630690527791004,1.42141834461328,0,0,1,1,1
3,1,0.120103259274226,-0.844457953029539,-0.225097785996624,1,1,0,0,0
2,1,0.486999173113743,-2.12749133480091,-0.63423577339124,1,1,1,0,0
0,6,-0.48197128138337,1.10357386865762,-0.603275613772265,1,0,1,0,0
0,2,0.870431054522862,-1.12175013030839,0.787175488310941,1,1,1,1,1
9,5,0.879803885069601,0.945926431275048,-0.788270955053781,0,1,0,1,0
5,0,1.37459853000102,-1.21051518841798,0.807786637638093,0,1,1,0,0
1,11,-0.621604207853241,0.577180766569679,1.16170788716469,0,1,1,1,0
0,0,0.280815444716415,-0.981549087993321,-0.0616920459494987,1,1,0,1,0
2,0,-1.41204254202729,2.35335452764703,-0.00855475710450522,0,1,0,1,0
0,2,2.61439763396677,-0.273380211262664,1.47061817126985,1,0,0,0,1
0,8,-1.02114735627058,0.599292453531271,-0.129566921186367,0,1,0,1,1
1,0,0.906549777261523,0.667528958559683,-1.39403631217838,1,0,1,0,0
0,1,-0.265757022497442,-1.27788387017123,-0.29997058155703,1,0,0,0,0
0,0,-0.374660060703743,-0.720989246470489,-1.61793819572447,1,1,1,1,0
0,1,-0.724148011806449,-0.525753408329336,0.809700758953708,0,1,1,0,0
11,1,0.260968354560899,1.61185886233524,0.065110666452654,1,1,1,0,0
0,0,0.911609249974026,-0.826639715282464,0.377376382364005,0,1,1,0,0
2,1,-0.558372353543086,1.33647174484004,0.149801162400575,0,0,0,1,1
2,0,-1.87309310639109,1.52867064773254,1.0185513984008,0,0,1,0,0
5,1,-0.107218869334768,0.3801650774274,0.31153292324917,1,0,0,1,1
3,0,-0.831663745065972,-1.4682472953507,-0.280019781435131,1,1,1,1,0
2,0,0.303760200631701,-0.118897639473423,-0.302945554840959,1,0,0,1,0
3,1,0.057533797173928,-1.00931348358376,-0.180605652132894,0,1,1,1,0
0,2,-1.14414525128585,-2.60840911552348,-1.26325918198242,0,1,0,0,0
2,8,-1.18722139951787,-0.88534450344612,-0.0422398848842925,0,0,0,0,1
3,2,0.0994944321297081,-0.289924368111455,0.0180386899720731,0,0,1,1,0
2,3,1.72672857225051,0.407775172251907,-0.236500363375384,0,1,0,0,0
2,0,1.49284392294287,-1.54860630538444,-1.21524840848689,0,0,1,1,1
2,2,-0.80054904346449,1.50578978621802,-0.0922339763961163,1,1,0,0,0
2,5,-1.16473602681753,1.7813016586872,-0.304349138548021,0,1,1,1,0
2,2,-0.376544690148888,-0.441370876879096,-1.32041142963354,0,1,0,1,0
1,0,-0.794207882794121,-0.0663490854671941,0.801909927893933,1,0,1,0,1
3,1,-1.55082717956549,-0.988798626692893,-0.297511027710287,1,0,1,0,0
0,2,-0.565544075738754,-1.22745125151579,-0.613245608241306,0,1,1,0,0
4,2,0.583758527549887,0.630657718409573,-0.198829358589943,0,0,1,0,0
4,7,-1.89121917140663,-0.861687141635778,1.02513637242343,1,1,1,0,0
2,0,0.280511012399283,1.44249064768187,2.20876408591705,0,1,0,0,0
0,0,-0.00121842922246968,-0.77318031387481,-0.123318211612302,0,1,0,0,1
1,1,-2.06260788530826,0.0383382271024687,1.20539960856953,0,0,1,0,0
6,0,0.559793205235868,0.881268138435103,-1.86867448486546,0,0,1,1,0
2,2,-0.925705226180167,-0.00544244025776128,2.64939240335047,0,1,0,1,1
3,1,-2.07640486096565,-0.922584970365394,-0.607895387140676,0,0,1,0,0
3,6,1.07273406819358,1.07032698648063,0.450056525987434,0,0,1,1,0
3,3,-0.835241254227016,0.910579419148463,-0.530251405544579,1,1,0,1,0
7,0,2.16243134523932,-1.02638002408228,1.14055296412551,1,0,1,1,0
1,5,-0.606428025225023,-0.963353355514404,-1.71867990030931,0,1,0,0,0
0,0,-0.695015658436615,-1.08768905214317,-1.26207757356363,0,1,1,0,0
2,1,1.13961921666316,0.173308719256808,-0.802219100111155,0,1,0,1,0
3,2,0.215867975073958,-0.263803353044162,-1.12955126587172,1,1,1,0,1
1,0,0.0860799402948753,-0.277402185246423,0.760440573724479,0,1,1,1,0
6,0,0.0644478572069678,0.852189632793296,-0.222976210654669,1,1,0,1,0
1,0,0.385819988353032,1.04556056199155,0.389557752557969,1,1,1,0,0
2,3,-1.07787679286892,0.127294727113907,-0.0732511146708207,0,0,1,0,0
1,0,-0.318315227053066,-1.77212374374346,1.34910105355027,1,0,1,0,1
5,1,0.305394473063018,-0.871172920050208,-0.704439994848961,1,0,1,0,0
0,2,0.190163934484088,0.348499756309517,0.213532080362348,1,1,0,0,0
0,0,-0.373478807514647,-0.915573943012528,-0.562673857452102,0,1,1,0,0
1,0,-0.0287497823749213,-0.446918498820833,-2.36861149531468,1,1,0,0,0
3,10,-1.01890016250098,0.366601505209096,-1.01748868371663,1,1,0,1,0
0,3,0.180161489188249,1.32733989367755,0.7533187021711,0,0,1,1,0
0,1,1.9647131777949,-0.352032295163077,1.13121812015186,0,1,1,1,0
3,0,-0.0717089141321677,0.0950322649006753,-0.164370884377938,0,1,1,0,1
0,0,-0.0943614337846335,-0.581981403406313,-0.372911066735375,1,0,1,0,0
1,7,0.251383867523242,0.938408015493938,-0.291417444898029,0,0,1,1,0
7,3,0.561766211823826,-0.152363264458359,0.31300795978356,1,0,1,1,0
2,1,-2.03304889486307,1.80235412024041,-0.153628935002834,1,0,0,0,0
0,5,-1.5059892345135,-0.243538250161793,1.31770475342167,0,0,0,1,0
6,7,-1.47386647798914,-1.37891159705848,0.704612700808649,0,1,0,1,1
1,3,0.669741593248103,1.81883976253458,-0.192543341128307,0,1,0,0,0
1,0,1.15299647087347,0.788507755459125,-0.300906836346817,1,1,0,0,0
0,0,1.2329807080375,1.00163964865702,2.04454079035215,1,0,1,0,0
1,1,0.349360123285058,-0.8811060639986,-0.218123663477905,1,1,0,1,0
0,0,-2.37142292839237,-1.26275292167878,-0.614978855714802,0,1,1,0,0
3,2,-0.00026688412969048,-0.153241319580521,-0.173458545769396,0,1,1,0,0
1,1,-1.16038260389409,0.379744988629013,0.663448279637503,1,0,0,0,0
5,3,0.989151532583701,-0.349092745170199,-0.440087270218431,1,1,0,0,0
3,0,1.43576889187546,-1.18221691122335,-0.474355993986442,0,1,1,0,0
3,1,0.122653565872089,0.967838315539192,0.499906844974608,1,1,1,0,0
6,1,-1.2473017482383,-1.7702808031584,0.504539254612416,0,0,1,0,0
2,3,-0.755010783579252,0.225526662897676,-0.527909854569552,0,0,1,1,0
1,6,-0.899743812190683,0.788169321687296,1.71776111520448,0,1,0,0,0
2,1,1.36692752414388,0.715314088358233,-0.404683078151294,0,1,0,0,0
3,0,-0.164920421466188,0.335096708721295,-1.44278955467884,0,1,1,1,0
0,3,0.783275861048595,1.39974692128919,0.534322065243093,0,1,0,0,0
0,2,1.12254506838344,-0.970702663528328,0.539729467474277,1,1,0,0,1
1,1,0.562938813858936,-0.27367647645888,0.643695386110936,0,1,1,0,0
4,1,-0.420010452704111,0.223123005516381,-0.805382887465151,0,1,1,1,0
1,0,-0.647078953109282,0.299928054519981,-0.402203507811623,0,1,1,1,0
0,0,0.0751836994368231,-0.156641826441574,0.140478706297156,0,1,1,0,0
0,0,1.94562907808029,-0.276710092237901,-0.651965245497593,0,0,0,1,0
1,3,-0.94770178870054,-0.922716783320641,-0.87224409446334,0,1,0,0,0
2,1,2.3190402158657,-0.852554845249585,0.241635536347473,1,1,1,1,0
2,1,-0.00964789224303822,0.181086837779497,0.198378061526269,1,1,0,0,0
2,12,-1.14111850769508,1.1923692336776,-0.812474441123722,0,1,1,1,0
4,0,-0.288108899740477,0.876824133648324,-1.01492855666991,0,0,1,0,0
1,0,-0.132985168861337,0.68800244560247,0.293815683642977,0,1,1,1,0
5,2,0.84548535118944,-0.150466768981727,0.241721189133325,1,0,0,0,0
2,0,0.369850103286846,-2.14078667066059,1.60185095884554,0,0,1,1,1
2,1,-0.260936649257345,0.487135137760879,-0.313741088989291,1,1,1,0,0
3,2,-0.123058151754665,0.458607840625706,-0.480383951864874,1,0,0,0,1
3,4,0.169713359729811,1.33922228165357,-0.237227178486019,1,0,1,1,0
6,3,0.789256800804347,0.195231579560415,-0.911351649827051,1,0,1,1,1
0,0,1.96865213504576,-0.349741632417494,-1.94140883196053,0,0,1,0,0
0,6,-0.655033112503761,1.43551999967022,-0.724180287468088,0,1,1,1,0
3,0,0.421352461850474,0.464052220708475,-1.91297516941329,1,0,1,0,0
1,1,0.562481704412026,0.0760251082716027,1.62183003897976,0,1,0,1,0
1,2,-0.606479489220191,-1.46031395663673,0.899127363719069,0,0,0,1,1
4,0,1.39139341182056,-0.221704047692891,-1.52340842181839,1,0,1,0,1
1,0,-0.372630738771838,-2.00984300912341,-0.503638691337049,1,1,1,0,0
0,0,0.328481174591335,-1.27952034844717,-0.83547732538563,1,1,0,0,0
3,1,0.899267296278749,1.28186735793604,1.57472469397261,0,0,0,0,0
4,0,1.2466838975188,-0.68647625605146,-2.26557581955417,0,0,1,0,0
0,0,1.53657622213191,-1.49963087460842,1.16454604864828,1,1,1,1,0
2,2,0.461103406878774,-0.734786779612674,0.595084811728123,1,1,0,1,0
1,0,0.314646862690623,0.741025098139914,-0.0640627456825954,1,1,0,1,0
7,0,-2.31010816846516,-0.300412914232496,0.270046315080692,0,0,0,1,1
9,7,1.67469876825725,1.8132378824601,0.331629104314509,0,0,0,1,0
1,0,1.08411743759588,0.29382215429785,-0.65625686630596,0,0,1,1,1
1,2,1.05686574308177,-0.27458450915293,1.57202721534882,0,0,0,1,1
0,4,0.172142379220252,0.184655857360591,0.90883740667801,1,1,0,1,0
0,7,0.108270986559389,-0.764513139716324,0.675245573559284,0,1,1,0,0
1,0,0.200671799797617,0.697538509402422,-0.949738229090514,1,1,0,1,0
0,6,-0.81085778318964,1.72826191841843,0.814155592909549,1,0,1,0,0
2,0,1.27374872370616,0.327595204169156,-0.198757357876448,1,0,0,1,0
1,1,1.11001434086661,0.502737124216717,-0.894518911925624,0,1,1,0,0
1,1,-0.280981001124193,0.941237571776035,-0.462278953877289,0,1,1,0,0
2,0,-0.380262550688543,0.300667676710778,0.0125569294970618,1,1,0,1,0
1,2,-0.196478101314943,0.935024292586822,-0.810117933784768,1,0,1,0,0
2,2,1.40448062721728,-1.79802286111149,0.236260299625421,0,1,1,0,0
0,0,-0.335543786612351,-1.72533558233135,-1.06023336124256,1,1,1,0,0
0,6,-0.122079670035393,-1.52028401023229,0.917836729992468,1,1,0,1,0
0,1,-0.845369684617699,0.0154296580056523,-3.08873200492739,0,1,1,0,1
1,1,-0.393345037617706,-0.518001202982909,-1.04878500184607,0,0,1,0,0
2,0,1.11970875573138,0.864489060245351,0.534496097903618,0,1,0,1,0
1,4,-0.341897674345075,0.407232413324535,1.97641363873393,0,1,1,0,1
2,0,0.0762608155127678,0.154311625237445,-1.16872379854357,0,1,1,0,0
5,1,1.0129384625626,1.14996499333057,0.651792946370973,1,0,1,1,1
1,1,-1.20478643931236,-0.149098466224304,2.13845954835867,0,1,1,1,0
0,0,-0.832857293801954,-0.391173783879613,0.69771929458047,1,0,1,0,1
0,0,1.23099762065948,-1.28766315292462,-0.122595048694635,0,1,1,1,0
2,2,0.569575796658991,-1.17465799562371,1.37763181615235,0,1,0,0,0
3,2,0.888007656876645,0.0552320455120397,0.95357755583611,0,1,0,0,0
4,4,2.49371076285425,0.999099216872206,-0.692007500951946,0,1,1,0,1
6,2,0.711517175710277,0.391748503542111,0.244562691444396,0,1,0,0,0
5,5,-0.189154014170306,0.0203936149137386,0.311425418117984,0,1,0,1,0
1,3,-0.587743312275961,-0.931733361209695,-0.125039229493454,1,1,0,1,0
1,3,-0.0895860429703095,1.84130190626781,0.0313589944392763,0,0,0,0,0
5,4,0.915763022583979,-0.342623294175001,-0.154197251590062,0,0,0,0,0
1,0,0.555195969698648,-0.53653960099777,-0.137459167688879,1,0,0,0,0
0,1,-0.51185511389132,-0.471475503356421,-0.397185620960843,1,0,0,0,0
1,1,0.391107328148372,-0.929962713513792,0.392440703045506,0,0,0,0,1
1,5,-1.58408842546412,1.08199273425788,0.735545275552471,0,1,1,1,0
0,0,-0.24253174128666,0.165667268559789,0.244284420108957,0,1,0,1,0
10,4,-0.133759056498348,0.264235715827501,-1.67976866513268,1,1,0,0,1
0,1,0.963869477938082,1.25504853401099,1.09214844433902,0,1,0,0,0
2,2,-2.16302792517267,-0.800618825840135,0.408732501562391,1,1,1,1,1
0,1,0.448725193243325,-0.647234776869852,-0.359479114525515,0,1,1,0,1
0,0,-0.296717145190413,-1.0144044597288,0.70747867781889,0,1,0,0,1
1,2,-1.78498387795703,-1.07642956179049,-0.80008457465924,0,1,1,0,0
2,0,-0.3205357323145,-0.527986698099896,0.568366709450087,1,1,1,0,0
0,0,0.381892582683205,-1.40225945929619,-0.0726853718332317,1,1,1,1,0
2,0,-1.13687118918972,0.224596002705641,-1.61884980766792,1,1,1,0,0
1,0,1.08830456771062,1.32251711051111,-0.614601277305758,1,1,0,0,0
5,1,-0.487942694354743,-0.0155513002087591,-0.139830152289397,0,0,1,0,0
3,0,-0.00388018292343139,0.680063134312115,0.61710706552657,1,1,0,1,0
1,1,-0.73609748483155,-0.397443818305328,1.00451772240871,0,0,0,1,0
0,0,-0.845168998776437,-0.244970752350999,0.813226183153142,0,1,1,0,0
4,4,-0.0433811547784795,1.53576802069553,0.775251352268457,0,1,1,1,0
0,1,-1.04426012502585,-0.769978678912899,0.758913416405928,0,1,1,0,0
4,5,0.170415922451948,-0.492954945355639,0.912868467854259,0,1,0,1,0
0,1,0.611681478405955,-0.23831945511296,1.13611671330752,0,0,1,1,0
3,1,-0.140193748737236,0.700507624173392,-1.59758947821774,1,1,1,1,0
6,0,1.7063598962522,0.45413275783373,0.579033726302061,1,1,0,0,0
2,0,0.386017585174254,0.583806263891316,0.604905458132313,1,0,0,0,0
1,2,-1.49397022868185,-0.290327153347509,-0.271940409906207,0,1,0,0,1
3,6,-0.755194556491576,1.83571332141045,1.01364900276691,0,0,0,0,0
0,1,-2.19459413112319,0.0665175259470302,-0.257667417157189,0,0,1,0,0
3,3,0.830990502472002,1.53100365511763,-0.898427441681586,0,1,1,0,1
0,3,-0.093090746611641,0.097846210455733,0.0689999473747185,0,1,1,1,0
1,0,-0.24478221374434,-1.4719364017561,-0.685317338768765,0,1,1,1,0
0,4,-1.65812307344885,-0.544958499753747,0.39188896242599,0,1,0,1,0
0,4,-0.707517187171975,0.439008758365287,0.2554145872476,1,1,0,0,0
5,0,1.08991852088253,2.20612282455363,0.261630455730398,1,0,1,1,0
3,6,0.234556973188288,0.495996792066984,-1.52718283490012,1,0,1,1,0
0,0,-0.976727982308349,-1.57076878179276,-0.269341621408956,1,0,0,0,0
3,2,-1.22448330948647,-2.61661513652751,-0.303971208765627,0,0,0,0,0
1,0,0.546485651164496,-0.22736561355193,0.0427756087993019,1,1,0,0,0
2,4,-0.873994161330058,0.852694506494747,-1.63422837584616,0,1,1,0,0
3,0,-0.0292131435225772,-0.763692117688597,-0.571636090466156,1,0,0,0,0
0,4,-0.556447545398078,-0.30323799388304,-1.00096244062829,0,1,1,0,0
1,0,0.33313449065802,0.639448181279285,-0.558462731880884,1,0,1,1,0
2,0,-1.15511008369447,-0.143084187903911,-1.07224990136147,1,1,0,0,0
0,1,0.840609543440712,-0.397347486661133,-0.368884119839161,0,0,1,0,1
0,3,1.11407234456493,-0.635037039156623,0.329600285801031,0,0,0,1,0
2,4,0.585076505157092,1.67338253524496,-1.69583146953164,0,1,1,0,0
0,0,1.86241145086029,-0.429047678405392,2.66720189348966,1,0,1,0,0
3,2,0.266153551618423,0.216817699831135,-0.350003698520484,0,1,0,0,0
1,1,-2.46771238735828,0.300564756782881,1.30495395368576,0,0,0,1,0
2,1,0.29837045239462,1.25367945490813,-1.56628634863788,1,1,1,1,0
3,2,0.614497790605847,0.488620751976106,-1.79235235195505,1,0,1,0,0
6,0,-0.170567514158724,1.13857599927608,-0.915785355788643,1,1,1,0,0
0,4,0.870821779317659,-1.25766825138556,2.47579566627822,0,1,1,0,0
3,0,0.700267617472689,-0.577473730536521,1.04427328841157,0,0,1,1,0
0,1,0.202335401567139,-1.98523928299605,0.323095208893968,1,0,0,0,0
3,2,-3.09866452837446,0.318165205464156,0.403162415139221,0,1,0,1,1
3,3,-0.0648849754196804,0.644631057235173,-2.12983001249543,0,1,0,1,0
4,0,-1.69073344430572,-0.883932505756757,2.17280596120827,0,1,1,0,0
4,8,0.451214559359452,0.366841831668091,1.25285985628246,0,1,1,1,0
2,3,-0.841695071707281,2.5748995094715,1.26913402287529,1,0,1,1,0
3,3,-0.52166363024482,1.86185667715237,0.799581812451631,1,1,0,0,0
2,9,0.845734284174294,-0.130823728920121,1.82428563968314,0,1,1,1,1
1,2,0.7050164157158,0.828637254422258,-1.6554090670972,1,1,1,1,0
0,1,-1.52204882481246,-0.536393160144428,1.03202292740587,1,0,1,1,0
2,0,0.435064583789573,-0.702663186182973,0.534021560070878,1,1,1,0,0
5,6,0.432416933628405,0.302122201727189,-0.198564275039558,1,0,1,1,1
2,2,-0.0132113056658891,-0.042619223312804,-0.752651744781909,1,1,1,1,0
7,1,0.792547026785751,1.04219433416127,-0.410426981024565,0,0,1,1,1
4,0,-1.79034337671713,-0.270287632229195,0.226771651546075,1,0,1,0,0
1,1,1.96716570572158,0.594950004828186,-0.695987547341552,1,0,1,1,0
1,1,-0.0367471541018269,-1.03419164448263,1.68871667498521,0,1,1,0,0
7,0,2.22856013245129,-0.122367388989385,-0.693195242664337,1,1,0,1,0
0,0,-1.57536410331916,1.21388613198965,-0.1635748032532,1,1,0,0,0
2,1,0.333809274825518,0.552365606358459,-0.937702124700022,0,0,0,1,0
2,0,-1.35309750711904,-0.237160424706409,-0.726250681955255,0,0,0,1,0
2,1,-0.221649518192383,1.4285351758297,-0.292559261807484,0,1,1,1,0
2,3,1.98500663407143,0.659105031898342,0.999219269559707,1,0,1,1,0
0,1,0.47046336568705,0.00607061494480317,0.271213254972296,0,0,1,1,1
1,2,-0.372885600795382,-1.09318200030074,0.60479926528154,1,0,0,1,1
9,3,-2.14145755990379,-0.359776880928236,-0.955451265938764,1,0,0,0,0
0,2,-0.590928862111981,0.501926358621387,-0.704758822344002,1,1,0,0,0
0,0,0.0291280649040465,0.0201309201071992,-0.772458574891074,0,1,0,1,0
0,2,0.56394056978389,0.419798813657301,-0.355108198144151,1,1,0,0,0
7,0,0.975398684022928,0.177735068225606,-0.933270900608948,1,0,1,0,0
2,1,-1.39515018751232,1.14028857493621,-0.1014903401541,1,1,0,0,0
3,1,-0.55148011042001,0.734839548336356,0.570455969403783,0,1,1,0,0
3,2,-0.332628658620974,1.65175456789559,0.119767255042654,0,1,1,0,0
0,1,-0.130056499041055,-2.42371873448776,1.42020372473725,1,1,0,0,0
5,1,0.467433926538207,1.17720964529081,-0.407965603777396,1,0,0,1,0
1,5,-0.455261040907654,-0.417860244938288,0.307093317330754,0,1,1,0,1
1,2,-1.90799736373411,-1.5696325909622,1.01925761707079,0,0,1,1,1
0,1,0.268016201503449,-1.56510385194576,1.3305322357911,0,1,1,0,0
7,2,2.97300329137596,-0.197468282570878,-0.682459454885493,1,0,0,1,1
4,2,-1.21580381596741,-0.804632796534142,0.24901302529321,1,0,1,1,0
2,0,-2.03751484576049,-1.40861117294307,1.76097031266354,1,1,1,1,0
0,1,-1.37021757680998,-1.62818200282349,1.5891525200319,1,1,1,1,0
3,4,1.38512319406984,-0.0499870966210749,0.837314557279984,0,0,0,1,1
0,2,-0.862608165677285,0.558961029013015,1.58565804112379,1,1,0,0,0
1,1,-1.23535762503635,0.200540169257274,0.343712486011686,1,1,0,1,0
6,0,0.3718966466807,-0.569831697901524,0.449163138087393,1,1,0,0,0
1,1,0.325665143791807,1.07088836789286,-0.314256424303819,1,1,0,1,0
2,2,-0.0315904352931023,-0.303761704290502,0.468475347807158,1,1,0,1,0
3,3,0.938269200584796,-0.894397010545429,-1.19036996397895,0,0,1,0,1
8,3,1.78841356122434,1.63907136293445,0.472239476695974,1,0,1,1,0
0,1,1.00595526321922,-2.96595890716617,1.35998857387204,0,1,0,1,0
3,0,1.72251345782201,0.874723529739079,0.168340625755446,0,0,0,0,0
2,3,-1.78967995067582,1.3647949485042,0.831337813421702,1,1,0,0,0
4,0,-1.09965554135755,0.249169428132425,-1.24788746089675,1,0,1,1,0
1,1,0.21794464964738,-0.111218846822219,-0.049896914504306,1,1,1,1,1
3,1,-1.76232674413674,0.263900055055968,0.647509537649485,1,1,1,1,0
4,0,0.254349587061505,0.631407891021267,-1.43759676635254,0,1,1,0,0
1,0,-0.71120719818832,-0.445974681360929,0.59809122322506,1,0,1,0,0
1,0,-0.193601722754728,0.678747134846539,-0.519242523145898,0,1,0,0,0
1,1,2.70243946617063,-0.526386653693298,0.11137338989977,1,1,0,0,0
0,4,1.27872833332577,1.49481200248223,0.506802236947574,1,1,1,0,1
1,0,-1.00752806363713,0.2067456692614,-0.0523067407819308,1,1,1,0,0
3,0,0.683976079325817,-1.02823350117444,-0.0495201487459125,1,1,1,1,0
0,8,-1.08460228691613,-0.434012564805712,1.92806561987838,0,1,1,0,0
12,2,1.75532403173671,-0.505255247833843,1.919416254671,0,1,0,1,1
0,1,0.699361026386431,0.45303090787686,0.0439931230708236,1,0,0,1,0
1,3,-0.286774310629375,0.692154438901769,0.0193063546509092,0,1,0,1,1
3,0,-0.142179694974085,-0.737004868565187,0.131988614423652,0,1,1,1,0
0,2,-1.20397454979358,-1.02645941542659,0.259800733180453,0,1,1,0,0
2,1,-0.782299430398675,-1.53463531848325,0.102898529455193,0,0,1,0,0
4,2,-1.07996226675,0.212080339363112,0.499825409154458,1,1,1,1,1
1,0,-0.206354697326042,-0.334013933327288,0.540620174277528,0,0,1,0,1
3,0,0.940675162233956,-0.982243707387321,-0.992804906979782,0,0,0,0,0
1,0,-0.0514881744389029,0.158174452819034,-0.959189673858512,0,1,0,1,0
5,2,0.751762427367679,0.133368331376828,-1.01158546975291,0,1,0,1,0
1,1,-1.31494827142859,0.207737041369014,0.292102699538662,1,1,1,0,0
1,0,0.0788605705428446,-1.40047108494202,-1.77384317081914,0,1,1,0,0
5,0,0.779628458482915,-0.194256931240157,-0.0421280115203349,0,0,1,1,0
0,0,0.473533057588417,0.462034044183018,-0.754602603547792,1,0,1,1,1
0,0,-1.1949195774989,0.146235382337127,0.0998441247292588,1,0,0,0,0
0,2,-0.316511334177786,0.209376740543395,-0.436148358777437,0,1,0,1,0
0,2,1.101957761612,-0.865002130035837,1.35159157072779,0,1,1,0,0
4,0,0.548551968710225,-0.0388548409190275,-0.105442961636416,0,1,1,1,0
1,4,-0.0239197028229863,-1.18534630352108,-2.30206475512996,1,1,0,0,1
5,3,0.855318581184831,-0.0603030716713052,0.448165216595252,0,0,1,1,0
3,3,1.03575564505517,0.414052932678157,2.23475817929247,0,1,1,0,0
1,0,-0.22060217714758,-0.579793561375346,-1.00145335763276,0,0,1,1,0
2,0,0.683269051677046,-0.286396083263412,0.129308494348082,0,0,1,0,0
0,3,1.53948353179504,-0.802105771303607,0.126224625053963,0,1,1,0,0
1,2,0.0650031334568679,-0.00138816588542003,1.60436984709772,1,1,1,0,0
0,1,0.965832380868845,0.774447148554826,0.294019951276955,1,1,0,0,1
1,1,-0.350307643804304,-1.57512158883398,1.55998528577356,1,1,0,0,1
1,0,-0.472078995542261,-0.949865683896758,-1.072962748686,1,0,0,1,0
3,2,-1.40923104533195,1.06566970895601,-0.14709190128017,1,1,0,1,0
3,3,0.389518718190637,0.217914862433435,2.83675337427231,0,0,1,0,1
5,0,-0.868454145348628,-0.629128114972435,-1.19335737855316,0,0,1,0,0
0,4,-0.84276131123119,0.177340570213626,-0.342654375147769,1,1,1,0,0
1,1,-0.30882441858339,-0.504876151175161,-0.020191730968083,1,1,1,0,1
7,1,-1.05796691660012,-0.427677096113592,-1.34044236825378,0,1,1,1,1
5,1,0.177014115351365,-1.06520346523572,-1.04597633868685,1,0,0,0,1
0,2,0.200478589175074,1.48836977792997,-1.1685065008496,1,1,0,0,1
0,4,0.0730035396091149,-1.27862908227236,1.03059264067677,0,1,1,1,1
2,0,-1.69194702255482,-0.376869001009531,0.273553948347701,1,1,1,1,1
3,4,0.932855342808055,0.731788050428691,-0.222306435965501,1,1,0,0,1
1,0,-0.130461318335514,0.00283326662866611,0.655539457440738,1,1,1,1,0
0,3,-0.217956226969429,-1.77383478890358,-0.219677793013383,1,1,1,0,0
0,2,-2.15045150800759,-0.998395413556921,0.505590017823368,0,0,1,0,0
1,0,-1.60021045226529,-0.672484854674174,1.08421079023238,1,1,0,0,0
3,0,0.549586159949746,0.1326109051028,0.692468865571832,1,0,1,0,0
6,0,1.00808248505989,0.539973391823523,-0.339433805146263,0,0,0,1,0
0,1,0.575829830168803,0.481891628018508,1.66811711806725,0,1,1,0,0
1,4,1.18500526022439,1.78895126309936,0.224410866350901,0,1,0,0,0
2,2,-1.059542978879,0.934419917468215,1.27680070964403,0,0,1,1,0
0,1,-0.819174543932001,-0.723526986956868,-0.915474273323956,0,1,0,1,0
2,0,-0.0938887560587653,0.280910621276,2.48590409851289,0,0,0,0,1
1,0,-1.76261673617318,-0.526758078641929,-0.0155474839377349,0,1,0,1,0
3,6,0.417896758170385,-0.28918590642424,0.722803007193286,1,1,0,0,0
3,0,-2.05689971810106,-0.0384649678800271,0.351437509865449,0,1,1,1,0
3,2,-0.112055368493563,0.319937455884729,2.20572608159348,0,0,1,0,0
1,4,-0.405026503180527,0.660796377726004,-0.0321507481439064,0,0,1,0,1
3,3,1.03268484376711,-0.666387733202788,-0.0544749594112995,0,1,0,1,0
8,0,0.127150136554524,0.0519217000248959,1.11087797426058,1,1,1,1,0
0,1,0.619906429520275,0.302188493452978,0.176400654865304,1,0,0,0,0
0,2,-0.371690500504009,-0.614524958629012,-0.78698128217659,0,1,1,0,0
0,1,-0.47025633485781,0.674270900836917,-1.4149332074719,0,1,1,1,1
0,0,-1.10267939600732,0.42128111829293,-1.45895333001296,1,1,1,1,0
7,0,1.55198219247593,0.382498739284948,-0.991680256374397,0,1,1,0,0
0,10,-0.397268283243169,-1.08565835136957,1.67486167095989,0,1,0,1,0
0,1,0.0492985496265255,1.17857642419141,0.294067281478795,0,1,0,1,0
3,8,-0.945437810368301,-0.170974202968767,1.28513546928502,0,0,1,0,0
2,0,-0.642595200061938,-0.4612259781494,0.927251450847674,0,1,1,1,1
0,2,0.105892710105494,-0.219265452774307,-0.920922900799597,1,1,1,1,0
4,2,0.839942276843874,-0.619585554850575,-2.37542407124891,0,1,1,0,0
1,4,-0.287651864744668,-0.451962193842105,-1.76925930763758,1,1,1,1,0
1,1,1.69317915611863,1.41553755654387,-0.175572759219069,1,0,0,1,0
2,1,1.250737419643,-0.367592890335285,1.00989360431939,0,1,1,1,0
1,3,0.498511380577366,-0.175880261152912,-0.281201631695316,0,0,0,0,0
0,2,0.631916752962984,-1.12015454386169,1.28427522368756,1,1,1,0,0
1,1,-0.563929699491117,0.493201988257705,-0.0253364481763333,0,1,0,0,0
4,1,-0.348980386942581,0.954411504291555,-1.86692689008527,1,0,0,0,1
1,1,2.53207937134145,-2.09607628349329,-1.69340732121435,0,1,1,1,0
1,0,-0.0530929103511034,-2.07007332419319,1.43195771720775,1,1,0,0,0
1,0,0.542523714030377,-1.94690033283383,0.694078589863411,1,0,0,0,0
3,1,0.413084346165318,-0.743758327988875,1.51157008791312,1,1,0,0,0
0,2,-0.886897396862436,0.782003225481732,-1.7213810613822,0,0,0,1,0
0,0,0.38227341255148,-1.37720447968426,-1.82167535959577,0,1,0,0,0
0,5,0.555649758871504,-0.716081103789207,0.155856187257094,0,1,1,0,0
4,0,0.107043105860885,-0.79907289398708,0.226561884375533,0,0,1,0,0
3,0,0.441169187056153,-0.376795576491148,-0.221239399673474,0,1,0,1,1
5,4,-1.01458403669232,0.0941701669930753,-1.0794673741552,1,1,0,1,0
3,1,-0.199671815728856,-0.592900061497271,1.22218342988244,1,1,1,1,0
0,0,0.249977884227865,-1.25679166617492,-1.30553151973804,1,1,0,0,0
1,1,-0.188842299492747,1.19652419924678,1.03312859857821,1,0,1,1,0
7,3,0.812639363397592,1.08181155622976,-0.334817619505912,1,0,1,0,1
3,1,1.08963875845417,1.14652477776552,-0.095082280335198,1,1,1,0,0
8,1,0.318410180105006,1.27446430492111,0.301259101456911,1,0,0,1,1
11,2,-0.0652738136998639,1.05616083998165,0.873554461791297,1,1,1,0,1
4,1,1.8497001985408,-0.57798641068555,1.09445469124744,1,1,1,0,0
2,2,0.751864714737708,1.69922335253466,0.958494428442376,1,1,0,0,0
0,1,0.911538040583133,-0.936053005258168,-0.199371158419413,0,1,0,1,1
0,0,-0.217389920991168,0.725596466607469,1.2600352487697,0,1,1,1,0
0,2,-0.838183481723345,0.213400125730177,-0.468699798665261,0,0,1,0,0
3,1,0.191780742362201,0.468081346815374,1.83276326477936,1,1,0,1,0
0,0,-0.169563774666496,-0.778690144427851,0.32145069045454,1,1,0,0,0
3,1,-0.391600467575679,2.32910172105104,1.49789600815931,1,1,0,1,0
4,0,-0.954215889314065,1.13645021655305,0.901301290391121,0,0,1,0,0
2,4,0.280590731703142,0.362146099484136,-0.196099092406813,0,1,1,1,0
1,0,-1.53436893879392,-0.260591161968478,0.239791694813191,1,1,0,0,0
0,0,-0.730324758526062,-0.1741913101835,-0.615683731035792,1,0,1,1,0
2,2,-0.289107177606466,0.621296869630999,-1.24466915798236,0,1,0,0,1
3,1,-0.292341696664099,0.470597544324748,1.1825490470217,1,0,1,1,0
1,2,-0.232504617751774,-0.783031994532306,0.531875085006396,0,1,1,1,0
1,3,-1.1971590147286,0.537537372111339,2.56805782865302,0,0,1,0,1
2,2,0.674195529392556,-0.435837373978666,-0.341249075998375,1,1,0,0,0
1,0,-0.381927389576217,-1.30210122552503,0.634352684033304,1,0,1,1,0
3,0,-0.90124438300727,-0.391118345591982,-1.8204231470139,0,1,0,0,1
1,0,0.588983207996121,-0.843874749578783,0.868530500774639,0,0,0,0,1
3,1,0.486610218158456,-0.704824093061374,0.118710085135335,0,0,1,1,0
2,3,1.3162958886409,0.0443231792837324,-1.11126992926692,0,0,1,1,0
1,1,0.348813385118963,-1.5614102821422,0.804499767412108,0,0,0,1,0
0,5,0.690832054513377,0.112882097397878,-0.500128650432081,0,1,0,1,0
1,0,-1.08426883283461,-0.793277305921767,-0.804593009496267,1,1,0,0,1
1,1,1.16438101590272,0.993487603170983,-0.0950911200144194,0,0,0,1,1
1,1,-0.427897924785517,-2.07033861309769,0.427406062627055,0,1,0,1,0
1,1,-0.0284637676632919,-0.516625254597111,-0.580373092142063,1,1,1,1,0
0,2,1.31109762800066,0.728668277135681,0.542679200659162,0,0,0,1,0
0,2,0.474028822403137,-0.160722384272097,-0.247227621873383,0,0,1,1,0
3,2,0.637425480792321,0.768931417784372,-1.28991102916829,1,0,0,0,0
7,1,2.28742993265477,0.438674400345277,0.687532311810795,0,0,0,0,0
0,4,-0.865931119003362,-0.658076561992711,1.57038133368443,1,0,0,0,1
0,1,-0.516077152647529,-1.82075465771575,0.63269932657861,0,1,1,0,0
0,0,-0.157166001050777,-1.13209350064171,0.143845615933314,0,1,1,0,0
2,1,0.0895893163853657,1.16464579394466,-1.39558438009273,0,0,1,1,1
1,1,-0.213516939323369,-0.11449636149009,0.557771459523596,0,1,0,0,0
2,1,-1.39578633305487,-0.982162061683881,-1.03838879973089,0,1,0,1,0
0,1,-0.143237590332542,-0.0705539238565094,-0.853275121104875,1,1,1,1,0
3,0,0.722718879052512,-1.05312182816623,0.209284048756532,0,1,1,0,0
0,1,-0.348121159671785,1.01103623491832,0.772619879084133,0,1,1,0,1
2,2,-0.580234456179001,-0.00758627082255061,-1.17005036683838,1,0,1,0,0
1,1,0.274938689385334,-1.08155604891917,-0.34130494757156,1,1,1,1,0
7,4,0.31573696519048,0.924804918258927,1.21847220568834,1,1,0,1,0
9,2,1.35391919610689,0.0748425685530639,0.391424857872797,1,0,1,1,0
0,2,-0.819798265800039,0.00814180350763174,0.0167122440200522,1,0,0,0,1
1,9,-2.03038004825843,0.0567790130627978,-0.175315442278287,0,1,1,0,1
2,1,-0.605988432533203,0.39541231079687,0.287462047970834,0,1,1,0,0
1,1,-0.990973177374557,-0.355432715913617,0.476893274291424,1,1,0,0,0
1,0,-0.232978142936435,-1.350362762013,-1.3614694781089,0,1,0,1,1
0,2,0.432331988872689,-0.609889766284348,-0.52573932070485,1,1,0,0,1
1,0,0.146915873194356,1.0728692651919,-0.791603760188245,1,1,1,0,0
2,3,-2.33188783585438,-0.311974118595295,-0.416483920037627,0,1,0,0,0
1,0,1.41725250040333,1.07856520132287,-0.152083139832757,1,1,0,1,0
4,0,1.03005478047108,-2.67087718302201,-1.20241396404145,1,1,1,1,0
0,1,-1.22203370817292,1.38386929136957,0.468397473216317,0,0,0,0,0
4,0,0.205569963278553,-0.936169419015358,0.655778441039038,1,0,1,1,0
0,0,-1.11955021868673,0.125538465671954,-0.402292836062634,1,1,1,1,0
3,1,1.1781007104664,-0.431557665623677,-0.509575529292154,0,0,0,0,0
1,9,-0.11586770354474,0.398455107415187,-1.74682860517743,1,1,1,1,1
0,2,-0.275694767623485,0.842474647286157,1.35201219484553,0,1,1,0,0
0,4,-0.677023957174734,-0.302289433370839,1.01298866368537,1,1,0,0,0
3,1,1.8922857299696,0.4046010121963,-0.12263445830061,0,0,1,0,1
1,3,-1.9457780808653,1.47302625535276,-0.561858409376528,0,1,1,0,0
0,1,3.51485792826361,-0.070204130755506,1.13338657469995,0,0,0,0,0
2,2,0.181911458878165,-0.535299953593857,-1.81055309134157,0,1,0,1,0
2,2,0.335042808048613,-1.36511171370682,-0.975649077551052,1,1,0,0,1
6,8,1.08785997897493,0.696035276040616,-0.420642852482081,1,1,1,0,0
0,6,-0.186058598640391,0.163463579996572,-0.225199909577491,1,1,0,0,0
0,1,0.544627344921555,-0.735099024820644,0.932485332596377,0,1,1,0,0
1,0,-0.0355543440355131,1.43886049252148,-1.09250790599352,1,0,0,1,1
10,2,1.14413882762333,0.449698451287098,1.51011968528827,0,1,1,0,0
0,0,-0.0934761088339234,-0.220596312576287,0.147770307055905,1,1,1,0,0
2,0,1.41490832495242,-0.572588598330015,0.0623795302204153,1,0,0,0,1
0,1,0.593789822693304,-0.205984083201474,-0.396990820857743,0,0,1,0,0
3,2,-0.916923737580878,-0.407531707809985,0.289212033179348,0,1,1,0,0
0,0,0.535924227584176,1.10720045701934,-1.91273617839239,1,1,1,0,1
7,5,0.304411814665085,1.37452316853777,-1.99764855766734,0,1,0,0,1
2,0,0.664614543108889,0.0294409959084367,3.10953104426128,1,0,1,1,0
0,7,-0.150043771413297,0.806719445472216,0.822548666191048,0,1,1,1,0
7,1,0.157319463228659,1.33451058922586,-0.752077057581845,1,0,1,1,0
3,2,-0.372262480592407,2.28661446857363,0.244970665594282,1,0,0,0,1
2,2,0.218206012808067,0.739959522637117,0.780471204624169,0,1,0,0,0
4,3,-1.01529901606336,-0.763171922383369,1.26623871322651,1,1,1,1,0
0,5,1.0815057192092,-0.105011759781841,1.71281817449673,0,0,0,1,0
3,0,0.352757607899125,-1.81123422405203,0.508169393464032,1,1,1,0,0
1,0,-1.0940877596268,-0.590039020330575,1.56793214933114,0,0,0,1,0
13,4,2.21967573645095,-0.101694518157468,-0.130364239812221,1,0,1,1,0
2,1,0.915044986913876,0.312677492913523,0.965879763200902,0,0,0,0,0
1,1,0.874194747778761,-0.597238807348369,1.20746583581215,0,1,1,0,0
4,1,-0.286562317953529,-1.57450592720869,-0.593192705154918,1,0,1,1,0
1,2,0.623819170287219,-0.445146033409694,0.336165937670547,0,1,1,0,0
0,0,0.178287931618682,-0.31681553205616,-0.00233656698656805,0,1,0,0,0
2,0,-0.836997965695749,-1.55755067565726,-0.453590694226803,1,1,1,0,0
0,1,1.42499176788757,-0.268894735167256,-0.316002612670767,0,1,1,1,0
1,0,0.435242098334139,-0.646437118924775,0.128371097463789,1,0,0,0,0
3,0,-1.46228687040292,-0.167421023926759,1.18913762108541,1,0,1,0,1
0,1,1.65985277619529,1.08509793146363,0.537476079880113,0,1,0,0,0
9,3,0.699796211711845,1.68384085031761,0.187626705735081,1,1,1,0,1
2,0,0.201994132573551,-0.931896760932024,0.204497415024636,1,1,1,0,0
0,1,-1.02395963808739,-0.182247973559764,-0.222001959123192,0,1,0,1,0
1,2,0.877212714045234,0.341309211795995,-1.68354846916652,0,0,0,0,0
2,4,1.73904276684527,0.70082549590197,-0.167521178121016,0,1,1,0,0
0,0,-0.261090175378149,0.772697070268036,-0.808185167977309,0,1,0,1,0
2,0,0.311665758739737,0.761481426577334,0.980720144751948,0,0,1,0,0
0,2,-1.41967025276482,-0.20764293772488,-0.550165969339145,0,1,1,0,0
3,1,1.86847045691192,-1.15771525918371,-0.908629887001325,0,0,1,1,0
4,0,-0.151784290171446,-0.691160750202353,-0.741581614068514,0,0,1,0,0
0,0,0.185431270559042,-0.531362457776693,0.795787792428182,0,1,1,0,1
1,0,0.658748757108596,-0.271310163484934,0.444535987567766,0,1,1,0,0
0,2,-1.34196014806842,-0.129284522508295,-1.48591564298763,1,1,1,1,0
0,1,-0.0949064916682573,-0.808778506124454,-0.0601540382277407,0,0,0,1,1
1,0,-0.679012455072833,-0.624820409745176,1.08728357054829,1,0,1,0,0
3,1,-0.323851902843084,-0.632476901800993,-0.24085611536938,0,0,1,0,0
0,0,-0.379706061107006,-1.77586446177052,0.39195122468955,1,1,1,0,0
3,0,-0.124628657992798,-0.72265526048918,1.70145215080079,1,0,1,0,0
1,1,-0.212498117590458,-1.20750172392106,0.411061380507625,0,1,1,0,0
0,2,-0.202226390879831,-0.0070046248204814,0.245922270486604,0,0,0,0,0
2,0,0.0538692690495384,-0.517382016414894,2.3315995593215,1,1,1,0,0
4,0,-0.789372508191924,-1.04526577951091,-0.601504400025165,0,1,0,0,0
1,0,-0.171443629072688,-0.874097123404394,-1.98239508141048,1,1,1,0,1
0,2,0.827770013548603,-1.85675911624309,0.0228313794458861,0,0,1,1,0
13,0,2.35674619866022,1.05518637787235,-1.11013078745652,1,0,1,0,0
0,0,1.03296187416408,0.982913590291081,0.734115927573719,0,1,0,1,0
0,1,-0.61360179864238,-0.148405324928503,0.618507943610763,1,1,1,0,0
3,1,-0.250375444786706,1.27821723545175,1.01824760061425,0,1,0,1,1
9,0,-0.0753475466389404,-0.501128539119838,-0.882144789915373,1,1,0,0,0
1,0,1.17503418613786,-0.884923780128264,-2.34704801816477,0,0,1,1,0
1,3,-1.62798723508755,0.504145824167123,1.01702311123394,0,1,0,0,1
0,0,0.205211517675036,-0.622178789608548,0.916448357040666,0,0,0,1,0
3,0,0.988326753667982,-0.892595567875566,-0.618612054193045,1,1,1,1,1
0,2,-0.806934632887392,1.92281995904554,0.933087618645078,1,1,0,1,1
0,4,0.686212083736866,-0.532472497426788,0.63414131460534,0,0,0,0,0
11,1,-1.18632833063379,0.657076009034141,1.52575473532151,1,1,1,0,1
0,0,-0.810533214373406,0.793412528942828,-0.641057907487267,1,0,0,0,0
0,2,-1.65982664366987,-0.228279480749261,0.096343964576894,0,1,1,0,0
3,0,1.36171777563114,-0.0308340582693592,0.175332795106702,0,1,1,0,0
4,0,0.71374768680321,1.43438952660238,1.80565097208415,0,0,1,0,0
2,1,0.267915242229299,-1.01495740880269,0.748672455664601,1,0,1,0,0
0,0,1.99728414901595,-0.422035538804466,-2.06527796985711,0,1,1,0,0
0,8,-1.19855931960338,0.0693427819157166,0.840217766364937,1,1,0,1,0
0,2,0.563810162392648,-0.504761786247216,1.46674939560722,0,1,0,0,0
0,0,0.83689515228478,-0.0991034267545221,1.22099989202811,0,1,1,0,0
1,1,1.3757525369312,-0.157313628510813,0.430271826431151,1,0,1,0,0
1,2,0.0946832672408562,-0.678416654522972,-0.784967605065552,1,1,0,0,0
3,3,0.290202635775838,0.840186974279317,1.63794882023887,1,1,1,1,0
1,0,-0.643117543046231,-1.54556595613671,0.732959488701181,0,1,1,1,0
9,0,0.576554763660834,0.52670678225788,-2.99205571080146,0,0,1,0,0
7,6,-0.357809858071413,1.88975042731666,0.267105550343014,1,1,1,1,0
0,1,1.82184149358125,0.516350932076349,-0.259876165097321,0,1,1,0,0
0,6,0.503691576620723,0.841399640895461,-0.956210357478208,1,1,1,0,0
0,4,-2.03115507235829,1.41508050417519,1.96864272163192,1,1,1,0,0
4,2,0.790524302160514,-0.211137704097559,1.37029839626035,0,0,0,0,1
0,0,-0.227113128594819,0.713044857703588,0.571876967400343,0,1,0,0,0
2,7,0.240021863709298,0.946577843010468,-0.101745921885519,1,1,1,1,0
3,0,0.388485398004808,0.75397257272626,-0.806566417615245,0,1,0,0,0
1,3,0.68637635165886,-0.40800081740546,-0.299111197242442,1,1,1,0,1
2,5,-0.655208836146795,-0.711891951975231,0.993485842659958,1,0,1,0,1
3,0,0.834784129422866,-0.990766756068123,-1.20495940259883,1,0,1,0,1
3,3,0.530373484829071,1.65117693472287,2.67346297780459,0,1,0,0,1
1,1,1.1765620872768,-0.0406484174257358,2.16348675116553,1,0,1,0,1
1,0,1.40941261227389,0.403385055715975,-0.135457581550436,0,1,1,0,0
1,0,-1.66284968059883,1.85977157871974,-0.776775270672283,0,0,1,0,0
3,1,-0.115115150496064,0.570509555788252,-1.6220851104973,0,0,1,1,0
1,0,2.00095755812346,0.473270682564532,0.312103992967721,1,1,0,0,0
2,0,-1.64113088037578,-1.00471481889368,0.51263225820209,0,0,0,1,0
2,0,0.399944671444396,-0.857842714950935,0.589404267404898,0,1,0,0,1
3,4,-0.846265476135383,1.58947363254652,-0.609501222645512,0,1,1,1,0
0,0,0.508014291300899,-0.57991318854651,-0.503986542163183,1,1,1,0,0
0,0,-0.702292298856906,-2.09900393009306,-2.01576811133085,1,1,1,1,0
1,1,0.674083574296769,0.756503177506649,0.927028958578862,1,0,1,0,0
8,2,-1.25328671435863,-0.402581458308864,-0.466923957108955,1,1,0,0,1
2,0,-0.568769550771129,-0.895763151702561,0.542237252520955,0,0,1,0,0
3,1,-0.429015458944754,1.06454233336772,-0.470931165385328,0,0,1,0,0
1,0,0.909531147962236,-0.104685455686086,-0.534963761564117,1,0,0,0,0
0,1,-1.37126104777363,0.151722814155487,1.50615252886228,0,0,1,0,1
2,1,1.34801156248878,-0.814125408402272,1.25684340311387,1,0,1,0,0
0,2,-0.426803518969688,-0.442966890727824,-1.33587363564491,1,1,0,0,1
0,1,-0.520241551517808,0.29697199243804,-0.99605993065102,0,1,1,0,0
1,2,-1.56261692610483,-0.651872091558117,-1.04994427909306,1,1,0,0,1
5,4,1.34901064695042,1.43154149529609,0.615137845782517,1,0,0,1,1
0,0,-0.36587172591345,0.820615941303343,1.11712858825299,1,1,0,0,0
0,1,-0.0459870772542651,-0.313740834295276,1.00229496003156,0,1,0,0,0
2,2,0.952449231566287,0.225374025256382,0.019419822437731,1,0,0,1,0
0,0,-0.886840412240056,-1.1067180203224,1.24545003809305,0,0,1,0,0
1,5,1.55353643539159,-0.529504380114147,0.613728306596502,1,1,0,0,0
13,3,0.123809723971689,-0.0289573542653916,-1.04046772058376,1,0,1,0,1
2,0,-0.257462766503186,0.00177091022960617,-0.638209659447189,0,0,1,0,0
6,1,-0.174245199181365,-1.38045703938698,-0.065390321711927,1,1,1,0,1
2,1,-0.257483311092811,1.48532147347318,-1.12644556407438,1,1,0,0,0
2,5,0.476519244117239,-0.324122603385486,2.0231971878588,1,0,1,1,1
3,1,0.604155153651628,0.695794226757237,1.31707265247959,0,1,1,1,0
0,4,-1.0303832060881,0.0387961889825286,-0.844742426892305,0,0,0,1,0
2,0,-0.56269202929223,1.34560196104268,1.35787129310522,0,1,0,1,0
0,3,-1.10648435391064,0.453332462358238,1.26317828813847,0,1,1,0,0
1,1,1.47459851625825,-0.533001944606111,-0.700451924966625,0,0,0,0,0
8,1,0.636934250079494,-0.0196522484319671,1.36270049081878,1,0,1,1,0
0,0,-0.159948252772761,-2.00429388133622,-0.800548479212571,0,1,1,0,0
1,7,0.0179266296042985,0.13913953010613,1.10140955865878,0,1,0,0,0
1,0,1.66548465210233,-0.414812921532946,-1.36131971245721,0,1,0,1,0
6,2,-0.560152749880394,0.0379493358529319,-0.331714462501906,0,0,0,1,0
3,5,0.445889547429658,0.619792855460538,0.770148059443103,0,1,1,1,0
1,3,-0.653483581335834,-1.57713035114762,-2.03756890761055,1,1,1,1,0
1,3,-0.231339396608339,-1.38871482650696,-0.686393307364731,0,1,0,1,1
0,0,0.193210038790464,-0.686849284448792,-0.532939616146763,1,1,1,0,1
1,2,-1.73670303389392,0.46830051521141,-1.30226141165845,1,1,1,1,1
0,3,-1.41234786832839,0.399708160686248,-0.344217777743142,1,1,0,0,1
2,6,-0.266189948795251,-0.379596625618346,0.295467702808976,0,1,1,0,0
9,0,0.57634300334451,-1.73823533004888,1.06203073743927,1,1,1,0,1
1,1,0.387663314341117,0.377945254585951,0.608092266735999,1,0,1,0,0
3,1,0.202220119020669,-0.335804939971345,0.0164819322190401,1,0,0,0,0
0,0,1.4016404347796,-0.129256999761394,1.35060095105865,0,1,0,1,0
2,0,1.50237310515485,0.647053128484365,0.0206304576842236,0,1,0,0,0
8,5,0.030550634915891,-0.174959336351776,1.40867991394057,0,0,1,1,0
1,0,-0.608254544340724,-0.340959489913035,0.269876393163986,1,1,1,0,0
5,2,-1.0814680362459,1.10831386800141,0.00369866683581302,1,1,1,0,0
2,0,2.74346177616626,1.34532569015073,0.290376719304714,0,1,1,0,0
0,1,0.60488254636292,1.54470441890302,0.916708824096074,1,1,0,0,0
2,1,1.84520070502166,0.116124827833794,-0.646162855735957,0,1,0,1,0
3,0,-0.698968312100315,0.760454581987392,0.0567821916301342,1,1,1,0,1
1,0,-0.81788289280954,-0.781245664681957,-1.23631857985388,1,1,1,0,0
2,1,1.70446333344899,0.892772751368753,-0.0703345170627821,0,0,1,0,0
0,0,1.57013682665924,-2.67401847516974,-0.677412473275294,1,1,1,0,0
5,0,-0.184449076156741,0.556056698586647,0.20339285670907,0,0,1,1,0
0,0,-0.44131867900482,0.52043082084251,-0.585619600225108,0,0,1,0,0
0,2,-1.21116369956025,0.986894508693788,0.214049274017959,0,1,1,0,0
2,2,0.991441799377348,-0.415115860945296,-0.971665391555214,1,1,1,1,0
2,0,-0.16277193155843,-1.68978810410118,-0.406647637883333,0,1,1,1,1
2,3,-0.495469163332243,0.966612250114566,-1.33540594676048,0,1,0,1,0
1,0,0.23789993519935,-1.65639502065292,0.169841554744112,1,1,1,1,0
6,4,1.06599150748643,1.90670878111839,0.258108488167282,0,1,1,1,0
2,1,0.732194566097702,1.01232515471146,2.40286686943331,0,1,1,1,0
1,2,0.203636227811032,1.04901840808225,0.651002572064086,0,1,0,0,0
4,4,-0.3293856736387,0.603518182802651,0.140304041563639,1,0,1,0,1
5,1,0.93514807904053,-2.1230619635817,0.184844590797756,1,1,1,1,0
0,0,0.00305118123251714,-1.11591003350656,0.315140569643076,1,1,1,0,0
0,2,-1.02206519673622,1.23535807160956,-1.29033891889624,1,1,0,0,0
2,2,0.338074576376252,0.178458538116659,1.13301091348308,0,0,0,1,0
9,1,-0.0252458388676029,0.769329781427318,0.177209502432555,0,0,0,1,1
8,1,1.48953310061434,1.04476091077437,0.707746951399824,1,0,1,0,0
2,4,-0.189113285724875,0.150174405648485,-0.0145706995553483,1,1,0,0,0
13,1,0.128612468545386,1.64387301926916,0.856283858919965,1,0,1,1,0
3,0,-1.08758420449414,0.919967146206718,-1.85772239285394,1,1,1,0,0
0,0,1.57995201726393,-1.05057045069535,0.555842130365568,0,0,1,0,0
3,3,1.02454375591785,0.974249427122695,-1.24011314230122,1,1,1,1,1
0,7,-1.24599665130186,0.420065797978916,1.03839330321929,1,1,1,0,0
0,0,0.127322712919458,0.144006222243637,-1.14973828701454,0,1,1,0,0
5,0,-0.533893684079633,-0.396552826874816,-0.357587154406789,1,0,0,0,0
5,0,-0.606894638280047,-0.208655128023969,2.10820783268219,1,0,1,1,0
4,3,0.973352757840069,-1.63628234353556,0.95586015648755,1,1,1,1,0
0,0,-0.76029000752914,0.106586485459596,-1.00188210043014,1,0,0,1,0
8,0,1.20842905286959,0.27857414583323,-1.76692602433529,0,0,1,1,0
5,2,-2.37609340153167,-0.0773583896115672,-0.974318063201925,0,1,1,0,0
0,2,1.32683603675953,-0.703189767995705,-0.60837430709443,0,1,0,0,0
1,2,0.539136333580623,-0.326681466355996,0.768089984672152,1,1,1,0,1
1,0,2.22927839752784,-1.35295819237767,-0.265470556724658,1,0,1,1,0
1,2,-1.84855832632102,-0.522565531527577,-0.954260760308449,1,1,1,0,0
0,7,-0.123611820262677,0.931123529593167,-0.324335417506188,0,1,1,0,0
1,0,-0.964249385216504,-0.31812978434241,0.825803951563572,1,0,0,0,0
0,4,-2.30645032020434,1.06487877913261,0.94092017431931,0,1,0,0,0
0,3,-0.658555262041208,-0.0209153942863963,0.797835860444051,1,1,0,1,0
0,3,0.671776162013834,0.544148062746653,-0.576199553898223,1,1,1,0,0
1,1,0.471159043566957,-0.136035566825854,0.761664630894607,0,0,0,1,0
0,2,0.563516278032456,-0.373731864507312,-1.33017191726208,0,1,0,0,1
2,0,0.768826564922606,-0.600438557001979,-0.883105418892553,1,1,0,0,0
1,1,1.36498030912939,0.390290148210478,0.138841114736952,0,1,1,0,1
1,0,0.389910320196302,0.899884063947173,1.54845924839293,0,0,0,1,0
6,6,0.597062393799588,0.451285492138153,0.328250184046657,1,1,1,1,1
1,0,0.114244581587418,0.702818192852177,0.0665672401590115,0,1,0,0,0
1,0,1.02146080956086,0.184586622353128,0.792754099642054,0,0,0,0,0
0,0,1.72855611895922,0.933278187713943,0.900736594637719,1,1,1,0,0
0,0,-0.534816965908375,-1.6080730971837,-0.786112599957697,1,0,0,0,1
0,7,-0.94061524255337,0.302677164803786,0.739240854870979,0,1,0,1,0
0,0,-0.30729866134857,2.84770678480229,-0.694843042475609,0,0,1,0,0
0,0,-0.179339003550001,0.996155370165586,-2.5136455708997,0,1,1,0,0
0,3,0.715180560205905,-1.32363815345093,0.27622638604935,0,1,0,0,0
0,0,-1.18315486847728,0.0661198431993147,0.247838469879029,0,1,1,1,0
4,3,-0.493874502642367,0.653715819253705,-1.7041610334888,0,0,0,0,0
1,2,0.357605010212122,0.426719484688392,0.803220982025057,0,0,0,0,0
1,1,0.574858872334951,0.709614380015501,0.795497307604486,1,0,1,0,0
1,1,0.0675948459303247,0.443684160705603,0.549177493611041,1,1,1,1,0
3,0,0.250568926448524,0.868546779462206,1.23343872605755,1,0,1,0,0
2,0,-0.478576829016894,0.83112896431057,0.195812912390202,0,1,1,0,0
2,0,0.181022806516524,0.100141156801285,-1.75564861479317,0,1,0,0,1
3,2,1.83852934337353,1.39329094628647,0.314242421268616,1,1,1,0,1
15,0,0.611413822382595,1.21616700221709,0.934561419653116,0,1,0,1,0
1,4,-1.66730559100571,-0.358119620196467,-0.178955582486417,1,1,1,0,1
1,0,1.07157570698934,-0.181828804365551,0.91677668973724,1,1,1,0,0
1,1,0.00808488115440466,0.21851193298589,2.50359427790116,0,0,1,0,0
4,4,-0.287625332304044,0.412210862535383,-1.83903166611957,1,1,1,0,0
3,2,0.644971103165163,-1.68804041548059,0.0991405340559921,1,0,1,0,1
3,1,-0.316506315057116,-0.0363951933264069,0.45357139257918,1,0,1,0,0
0,0,-1.24221583281706,0.229612282701161,-0.466085113775561,0,0,1,1,0
0,2,-2.25121783475529,-1.63879351190384,-0.58700551078794,0,0,1,1,1
0,4,-0.317477486919238,0.902417135625926,-0.318231510835026,1,0,0,0,1
0,1,-0.0662660562147177,0.727741281223867,-0.326216062852553,1,1,1,0,0
1,2,0.373109409999291,-0.950420463467159,-0.594550985672366,0,1,0,0,0
1,1,0.963376712375393,-0.364414491126658,0.0305526944962437,1,1,0,1,0
0,1,0.714318245154616,-1.15606340275956,-1.00273088441536,1,1,1,1,1
0,1,0.799947399010524,-1.28774567176458,-0.722971890947881,1,0,1,1,0
1,0,-1.19786603040971,0.189427400542858,-2.54748128679722,1,0,1,1,0
2,4,-1.80950805048962,-2.54617850093483,-0.945931863863768,1,0,0,1,1
1,3,0.636605093328071,-1.047113406427,-1.50745834372992,0,0,0,0,1
2,2,1.59257190288102,-1.6781321644212,-0.259135627079129,1,1,1,1,0
0,0,-0.423104462650829,-1.36697896333965,-1.01855927628981,0,1,0,0,0
0,1,0.816047689630224,0.066205288754481,1.62960928532273,0,1,0,0,0
1,0,0.474938940756487,-0.0474170119550736,1.04383011313336,1,1,1,0,0
0,1,0.320855957590969,-0.48514741123274,-0.275888842904931,1,1,0,1,0
1,4,-0.772119469072155,-1.77026290446253,1.34557096973878,0,1,0,0,0
4,0,0.59175083395015,2.69435647107497,0.083553878266182,1,1,1,0,0
0,0,1.76976276733538,-0.56114781936119,-0.404567559439797,0,1,1,0,0
6,0,1.23534235890005,-0.625263116029819,-0.955963604495587,1,1,0,0,1
1,3,0.788911968915486,-0.616291121567802,-0.677094398730291,1,0,0,1,0
1,1,1.92692449295377,-0.540918779204857,-0.307526223565103,1,0,1,0,0
2,0,-0.409224705887102,0.175954627363718,-0.726122748857289,0,0,1,0,0
3,1,-0.152469210036529,-1.82812565136153,-1.52557577039668,1,0,0,0,0
1,0,1.33957889950153,-0.824077068636826,-1.00153266690141,0,0,1,0,1
3,1,1.28758079487608,-1.15353566654383,0.516417237491578,1,1,1,1,1
1,2,0.0155064038598397,0.869009483007037,-3.3816786412649,0,1,0,1,0
0,0,0.614323618291255,0.598251873666906,0.571490610856245,0,0,1,1,0
0,0,-0.727242201505076,-1.23685651038532,-0.678554196941772,0,0,0,1,0
0,1,-0.136964638508857,0.202403505510951,-0.321971898268518,1,1,1,0,0
0,2,-1.35040963068474,0.296059590218404,-0.655504037888745,1,0,1,0,0
3,2,0.37838287244687,0.217399471482798,1.25589308432848,1,1,0,1,0
2,3,-0.584677404914372,1.21612947652259,-1.56317224442757,1,1,0,0,0
2,7,1.22673432278252,0.551396029397635,1.08624265707592,0,0,0,0,0
3,2,-2.81936433330107,-0.0343862471240515,-1.18711401673133,1,0,1,1,1
1,1,0.179094310623836,0.744818303205548,0.885425340955432,1,0,1,1,0
3,3,-1.714939944734,0.872462416123204,-0.773634769021601,1,1,0,0,0
3,2,-0.863796889221417,-0.741288840717546,-2.59194874351207,1,0,0,0,0
2,0,1.3232915575195,-0.311397000418675,-1.15849081988264,0,0,1,0,1
2,1,2.05403224676833,1.25455772327482,-0.443812802855577,0,0,1,0,0
7,2,-0.65501435775594,0.732814028756909,-0.63017468217278,0,0,1,0,0
3,1,0.456400836460336,0.0954075589725664,1.30415834612687,0,1,1,1,0
3,3,0.230483158616399,-0.161581629936195,1.02788089625146,1,0,1,0,0
3,0,-0.333858130845115,1.17681312782994,-0.753592483718848,1,0,0,1,0
1,3,-0.379396678880959,-0.860341003375386,-0.384452211941358,0,0,1,1,0
9,1,-0.866227562991768,-0.394702439863948,-0.463987322072962,0,0,1,0,1
2,0,-0.239829338026409,-0.406869657793492,-0.195019759014198,1,1,1,0,0
0,4,0.592068102799706,0.770884107848952,-1.5961519745423,1,1,1,0,0
2,7,-0.138431912487786,0.808585210708013,0.982872023710697,0,1,0,1,0
1,3,-0.332218579946884,0.75719241239176,-1.2016194145233,0,1,0,1,0
1,0,1.07362650384688,-0.773008241874072,0.734445310119565,1,1,0,0,0
0,0,-1.04130721323471,1.23780281705869,0.683415967987648,1,1,0,0,0
4,0,1.10415381997192,0.595389987125282,-1.32953231628737,0,0,1,0,0
3,1,0.13457073329986,0.58631705844918,0.870116602006358,1,0,1,0,0
3,1,-0.0213324849091135,0.295940887113992,-0.715161161591538,1,1,1,1,0
0,2,-0.0152504307763365,0.437138045430647,0.519787994953568,0,1,1,1,0
0,0,1.76319248369636,0.0934542450867522,-0.984580501449233,0,1,1,0,0
1,1,0.683455880773246,1.65793386946924,2.63435332532257,1,1,1,1,0
1,3,-0.0183203208483426,-1.00132576485521,-0.382427976498356,0,1,0,0,0
5,1,0.0952748337394759,0.51647705339379,-0.0283203098140831,1,1,1,0,0
0,4,1.44749443387843,-0.254244636764202,0.650431209061879,1,0,0,1,0
3,5,-1.48664100316835,1.47249927523526,0.101624493639793,0,0,1,1,0
1,0,1.4524079236369,-1.07580164110243,-1.51438667211948,0,0,1,0,1
4,0,-0.688402287204927,-0.76365037886041,-0.951699667808658,1,1,0,0,0
1,1,0.139291283097782,-0.380075906350146,0.090651429496331,0,1,1,0,0
1,4,-0.848364113428104,-0.0314832035121404,0.436224755348856,1,0,0,0,1
1,2,-0.872258077000334,1.59659677751005,-0.0426071224051705,0,0,1,0,0
1,1,0.296886527690831,-0.524381282063258,-0.350688559760144,0,1,1,1,0
2,3,0.141997751057185,-1.28698225006195,2.16955466859879,0,0,0,1,0
2,3,0.317080359597693,-0.466358010983629,0.685251429288268,0,1,0,1,0
9,0,0.871903471822222,-2.02219566418975,-0.826982395471829,1,0,1,0,0
0,1,-0.618477163194227,-1.07562554008603,-0.713481475132752,0,0,1,0,0
1,3,-1.45486371530241,-0.528418375271656,-0.356108440455581,0,0,0,0,0
4,1,-0.0250540751823913,0.212030191627533,-0.637360102287468,0,0,0,1,0
4,2,1.32396212028098,0.786706800359881,0.962503764586814,1,1,1,1,0
6,3,-1.28417382914102,-0.027480657847484,0.4731215522292,1,0,1,0,0
7,1,1.14659915974771,-0.443872501154359,-1.16787598272165,1,1,0,1,0
1,3,1.09430352572971,0.254284488702406,1.43183115023866,0,0,1,0,1
1,1,-0.47577504079207,-0.751277525669547,-0.512647169398653,0,0,1,1,1
2,1,-0.562701914678256,0.457788711228526,1.55312592695721,0,0,1,1,0
9,0,-0.71590950069195,1.80475539090254,0.258019383355391,1,0,1,0,0
6,1,-1.14590838740073,0.394555201599653,-0.289576496709182,0,1,1,1,0
3,2,0.0226801667865409,-0.299740305997683,-0.940806060209564,1,0,1,1,0
7,3,-0.640190323231789,1.38440675881294,0.735256130368694,1,1,0,0,0
0,3,1.69252220097728,0.420857395802098,-0.533095216015935,0,1,1,1,0
2,1,-1.84208363922618,-1.14382650537998,-1.18277849785981,0,1,1,0,1
13,0,1.0879626664547,-1.30177209733848,-0.676507434675855,1,1,0,0,1
2,0,0.867174851760381,-0.30758413955584,1.76248259069893,1,1,0,1,0
4,0,-0.298240180355425,1.95696514387963,-0.469887883427338,1,1,1,0,1
2,1,0.969238396290999,-0.27505098699389,0.131383353574893,0,1,0,1,0
1,0,-0.270237740674878,-1.07722129039666,-1.12268148971872,1,0,1,0,0
0,3,1.78432703329716,0.331594009520004,0.122528476327222,1,1,0,0,0
1,1,0.969258967711171,1.94125586394139,-0.419035597384026,1,1,1,0,0
0,2,-0.525450014256459,-0.175589076354999,-1.55443646796399,0,1,0,0,0
0,3,-0.0127563392113911,1.08790987344848,0.188783778137379,0,1,1,0,0
2,1,-1.04337313006409,-1.11406910834311,-0.877170248876255,0,1,0,0,1
0,0,-2.19254848468718,-0.00752056080670874,0.427963904834239,1,1,1,1,0
6,1,0.317201543834937,0.537306268319253,0.865600511985454,0,1,0,1,0
2,3,0.286614828184328,1.20019589515175,-0.790869843005619,0,1,1,0,0
12,0,1.08456134932743,-0.662154220607425,0.777657106579964,1,1,1,1,0
0,0,0.309898765073671,-0.390522083930122,-1.67889376620667,1,1,1,0,0
1,0,-0.786928614551857,-1.73380406540988,0.866006278733231,1,1,0,1,0
1,0,1.4208591231886,-1.73431812706212,0.602397543040719,0,1,1,1,0
1,6,-0.346457077016739,0.678227057185943,-0.339764592173972,1,0,1,0,0
3,5,-1.04385632052004,2.27025142909457,1.04943068986548,1,0,1,1,0
0,3,0.573760586923663,-0.427438917080522,-1.46965319294474,1,1,1,0,0
2,0,-0.89014703173821,1.13002320266815,-1.45931341036536,1,0,1,1,0
2,3,0.77449261660573,-1.57898820625239,-1.56158871286418,0,0,0,1,0
0,1,1.31163492478874,-1.1010521046067,-0.336025879657305,0,1,0,0,0
11,0,1.82603532502304,-1.0606107524527,-0.51134899039241,0,1,0,0,0
2,6,1.48863515565598,1.01662191907234,0.929356919782561,0,1,1,1,1
3,2,-0.612307150799135,0.534698416297145,0.608679601161393,0,1,0,1,0
0,0,0.51054479687043,0.413537715169445,0.936902928198714,1,0,1,1,0
2,0,1.12629143213894,-0.319882700298764,1.00503503571983,1,1,1,0,1
4,0,-0.599150149454488,1.72873124690749,0.194512644936213,0,1,0,1,0
2,1,-0.0614197455523784,0.259015737759188,-0.622390864039903,0,1,1,0,0
0,1,1.42652822058978,-1.53829830637398,-0.10595234901941,0,1,1,0,0
3,0,-0.00760216081094705,-0.0286761120928443,1.38438403031708,1,0,1,1,0
4,0,0.188116285627323,-0.657906480505252,-0.72160540098408,1,1,1,0,1
1,0,0.193204797032007,-0.138770753760708,-0.856248338726016,0,1,1,1,1
2,2,0.140306342877725,-1.48030749804533,0.0748299777041097,0,1,0,1,0
2,0,1.19146676663781,-0.46381663550299,-0.90659017814478,1,0,0,0,0
0,4,-0.289328446876382,2.17849040639927,-0.564051321174872,0,1,0,1,0
1,0,0.193418930365388,-1.38672408996755,0.53531989323155,0,1,0,0,0
3,3,1.21535013358704,2.13012727239232,0.0614805083398035,0,1,1,0,0
0,4,-1.36375968054692,1.28862937579431,-0.771476256428079,1,1,0,1,1
0,0,-0.254993969810906,0.310769529408513,0.243301650612631,0,1,0,0,0
2,5,-0.141515847923787,-0.0439481343892787,0.40541546204373,0,0,0,1,0
1,6,2.81392366232495,2.95494057983385,-2.18599796473213,1,1,0,1,0
1,3,1.25052578476533,-1.15579980930024,0.106433319430419,0,1,1,1,0
1,0,1.04566819536624,1.53081613836296,1.02182142422504,1,0,0,0,0
3,0,-0.0636991012555683,1.37503815863105,-1.76623438764611,0,0,1,1,1
3,0,1.40536964207847,-0.998112088236839,0.237756663780644,0,1,0,1,0
0,1,-0.714657699115712,-0.858474154024276,-0.154296189122861,0,1,1,1,0
0,0,1.61357426880404,-0.988343497622514,0.836607646837035,1,1,0,0,0
5,10,1.01159324744966,0.853538377523943,1.32510040917922,1,0,1,1,0
1,1,-0.125167961919192,-0.0869381329678434,-0.0432033609194369,0,1,1,0,0
4,8,0.275791046901876,0.869717461803426,1.16441565405993,0,1,0,0,0
6,2,-1.18367502539202,1.2685561442787,0.534354632933642,1,1,0,0,0
4,14,-0.420564976156647,0.183321438358028,0.406359552709566,0,1,0,0,1
0,3,-0.0932789432191276,2.50508121614311,1.02930810637089,0,1,1,0,1
4,0,0.223665439158635,-1.65104472363929,-0.53619577726566,0,0,0,1,0
3,2,0.727489795965914,-0.37828305521619,-0.533879991029459,0,1,0,0,1
1,0,-0.664288486895747,-1.25139668667065,-0.190498174636689,1,1,0,0,0
4,0,-0.331915260878041,-0.176464299714381,-0.880176952178331,1,1,0,1,0
2,0,-1.25767802592787,-0.589320413252523,0.449528491163229,0,1,0,0,0
0,1,0.133389255583042,-0.682857422894635,0.744452097528736,1,1,0,0,0
1,0,-0.382995817294766,-0.0602084800927839,-0.770620168918163,1,1,1,0,0
0,1,-1.26993081753546,0.212008364509997,-0.280063024825547,0,1,1,1,0
1,0,0.159503856423556,-0.994018115350558,0.788035144287022,0,1,1,0,0
1,2,0.204533571739267,0.184878208236497,-0.665654015218334,1,1,0,0,0
5,3,-1.04679268213867,0.705167891007395,0.145103923628639,0,0,1,1,1
0,2,0.638391850025149,0.707841624322637,-1.36186066373507,0,1,1,1,0
1,1,-0.417945824238476,-0.694208382876324,0.873607609610025,0,1,1,0,0
0,5,0.888845962037898,-1.01034142247595,1.63463931882701,0,1,1,0,0
0,2,-0.253889364554592,-0.489294597966555,-0.532833336001625,0,1,0,0,1
4,4,-0.353183522498522,0.97440138800457,-0.149963566698019,1,1,1,0,1
2,1,0.392123863245483,0.669635391484757,1.10028186126321,0,0,0,0,0
3,1,1.39048004140386,0.112984813578175,0.541168042239889,1,0,1,0,1
1,0,0.276277351736988,0.0590969588407039,0.288418618268532,0,1,1,0,1
2,0,1.24994815957181,-0.423023107563745,0.214676334817668,1,0,0,0,1
3,0,0.896926286376739,1.64612295729959,-2.52147814400142,0,0,1,0,0
1,8,1.08120001065166,2.4544645870501,0.821579080658158,0,1,1,1,0
2,0,-1.79530101114384,-2.30908093874787,-0.804458929979217,0,1,1,1,0
0,0,0.0247830865548675,-0.290372456393554,-0.650598969786055,1,1,1,1,0
2,2,1.89364865900667,1.45812567160515,-1.38470271419605,0,1,1,0,0
11,2,-0.136939755587584,-1.20889045264525,-0.174923957396918,1,0,0,1,1
1,0,-1.50911032402829,-0.471994499703419,-0.600747837041043,1,1,1,0,0
0,2,-0.736022077571759,-0.652797212666872,-0.669488770135278,0,0,0,0,0
0,0,1.26719766857589,-0.515607056386821,-0.393451591490634,0,1,0,0,0
2,1,0.264278054725094,-1.19224375976615,-0.393810241036817,1,0,1,0,0
0,3,-0.304922986298137,-0.196446058848119,2.04459256811502,0,1,0,1,0
3,1,0.267439990252774,0.432362288932697,1.39278026189876,1,0,0,0,1
0,0,-1.43599296696062,0.0788277741727934,1.60313712926578,0,0,1,0,0
0,1,-1.24461368713886,0.64798621840387,0.392977079105204,0,1,1,1,0
3,2,-0.810794574882854,0.325740785896255,-0.432477136343979,0,1,0,0,1
0,1,-0.441435887270385,-0.771373392618497,0.103635904502067,1,1,1,0,0
0,1,0.99075038199976,-0.656926992654341,0.520139397073103,1,0,1,0,0
0,1,0.226641987519068,-0.927193353395467,-0.514017174626205,0,1,1,0,0
3,1,-0.47855083822575,-0.668417972475051,0.646813666877616,1,1,1,1,0
2,2,-0.22259609161032,2.45937099853636,0.649534438103804,0,1,1,0,0
3,0,1.42665522559289,0.780993347528088,-0.35968591778256,1,1,1,0,0
0,0,1.84429248380658,0.552979109480046,0.724599923859966,0,1,1,0,0
2,1,-1.08259080124419,1.36178590237977,-1.26950141482974,1,1,0,0,1
1,3,-1.07731814630313,-0.234041390965739,0.369331086271791,0,1,1,0,0
0,1,-1.71124027290614,-0.596025229958042,-0.113135658392976,0,1,1,0,1
0,1,-0.807773379493857,-1.2161773205006,-0.171025393715795,0,1,0,1,0
1,0,-0.0944161636267609,-0.992755895703196,1.11306739320671,1,0,0,1,0
5,0,0.830602336100942,-0.545492135144781,-2.20913125550376,1,1,0,1,1
8,0,-0.164314780629095,-0.471169907110009,-0.574915526983518,0,1,0,1,0
0,1,-0.656575640709075,-0.261356021548754,0.289886180245042,0,1,0,0,1
2,2,-0.223832205125193,-0.124443209045228,-0.328274181156697,0,1,0,1,0
2,3,-1.49137491601626,-1.46980786037235,-1.58720005445304,0,1,1,1,0
9,3,-1.37353928088746,-0.419757723682172,-0.587611298725738,0,0,0,1,1
0,0,1.15726943061697,0.156847061607036,-2.02344637267493,1,1,1,0,0
0,1,-0.758320026092888,0.975600160754014,-0.333841623014375,0,0,0,1,1
7,1,-0.288605166478873,0.68273036909408,0.718025499474843,1,1,0,1,1
1,0,-0.0126914258396832,-2.46187683971148,0.812600091458332,1,1,1,0,0
5,1,1.03852182847715,0.101966895544877,0.218726194155732,1,1,0,0,0
4,0,-0.69824533688223,-1.01199244087998,0.0996659908726288,0,0,1,0,0
0,3,-0.322923076381181,-0.828594630854538,-0.67767065365064,0,0,1,1,0
2,0,-0.0227190803904618,0.0191307176666838,-0.838511484108747,0,1,1,1,0
1,2,0.663754791742873,1.39815541077977,-1.07652179647609,0,1,0,1,0
0,1,1.30056831553185,-0.740695371065713,-0.333710421538388,0,0,1,0,1
0,0,0.217667439027241,-0.835969056892687,-0.374427288399076,1,0,0,0,0
3,1,-0.762418949888732,1.48978984992926,-1.55828272827545,0,1,1,1,0
0,0,0.336666291130733,-0.328981038699934,1.14924608647719,1,1,0,0,1
4,0,0.883155042390848,1.30773516445812,-0.322089431564979,0,0,1,0,1
1,2,-0.871967767500579,-0.0890286332480155,-1.36826459309732,1,0,0,0,0
2,3,0.342735891600691,-0.80237432547875,-0.445880678527724,0,1,1,0,1
3,2,1.16338589466919,0.229024989647715,1.45512806407701,1,1,1,0,0
0,1,-1.07583921589293,-0.491153930117368,-0.824618917565806,1,1,1,1,0
0,0,-0.239344672833684,0.111413911587223,-1.17061335876275,0,1,0,1,0
12,1,0.293654456563363,1.16272492950731,-0.366535088160498,0,0,1,1,0
1,4,0.4002078814097,0.114673771628976,1.45461643452237,0,1,0,0,0
2,1,-0.00782483375101887,0.666602805645468,0.346563270650749,0,0,0,1,0
1,1,0.257855459305024,-1.20041494733595,-0.370932101933212,0,0,1,0,1
0,6,-0.985403257193311,-0.698106973731191,-0.882839091939177,1,0,1,1,0
2,2,1.28421950075613,-1.21813172946437,-0.751889744242311,0,1,1,0,0
2,0,-0.373967290791904,0.40135639323838,0.0229871166546079,0,0,1,0,0
4,1,0.887243823527032,-0.855027663107756,1.14286521618441,1,0,1,0,0
7,0,-0.0685438632949826,-0.616360258977665,-0.0476865227318454,1,1,0,1,1
5,4,1.07377042883336,1.06150216400045,-0.252240422746914,1,1,1,1,0
1,1,0.566392066733109,0.122921718418848,-0.747597603711599,0,1,1,0,1
2,0,0.972137934415139,-0.997794585743876,-1.19753353798438,0,1,1,1,0
0,1,-1.19881084080939,0.976373987848796,1.10126019230486,1,1,0,1,0
0,0,-1.11142325778888,2.14990453646884,0.682982971918457,1,1,0,1,0
0,1,0.708728691164838,0.182866511523292,0.981636454463188,1,0,1,0,1
6,2,-0.692993726128089,-0.116759147722001,1.6256499318182,1,1,1,0,0
0,1,-1.14898643248248,-0.760468392197123,1.02446426652822,0,0,1,0,0
0,0,-0.536916637837596,0.766415390201646,0.336287408367069,0,0,1,0,1
1,0,0.220128923151626,0.92192378833153,-0.659582660790867,1,0,1,0,1
0,0,0.600264463225027,-0.658553707930291,-1.37937544423524,1,1,0,0,0
7,0,0.443428910923647,1.57135811085071,-0.330359326106296,0,1,1,1,0
2,0,0.358842973258465,-0.694587029888806,-0.869285588241043,1,0,1,1,0
5,1,1.04802289108142,-0.438418725626641,-1.4572360919983,0,1,1,1,1
0,1,0.616421365123158,0.673309853240005,-0.14343101187788,0,1,0,0,1
2,0,-0.294152862154105,0.847654932632452,-0.812984639193258,0,1,1,0,0
0,2,0.150188397258546,-1.28971933893096,0.789356674994475,1,1,0,0,0
0,0,-1.67689261459974,-1.4609083546315,-0.751727659617193,1,1,0,1,0
4,0,0.422508171854021,0.798063892265817,-0.282411280071686,1,1,1,1,1
5,1,0.00105389876046364,0.906355534197118,0.191851230539415,1,1,0,1,1
8,0,1.22140304127867,-0.992490557442268,-0.618510411471185,1,1,1,0,1
2,2,-0.956017003111602,-0.285026871663413,-0.903101785777872,0,0,1,1,0
2,1,0.740516073952382,-0.536900316085018,-0.121327502925983,1,1,0,0,1
0,1,0.740263823777769,-0.70982202943122,-0.728997979040107,1,1,1,0,0
2,0,2.00230469164992,0.374725961566638,-0.655993350701935,0,1,0,0,0
2,1,-0.728982902854266,-1.07557807842883,-0.0237093570920814,1,1,0,0,0
3,3,0.254350676289325,0.0760260557846966,-1.23042322066061,0,0,0,0,0
0,3,1.11123305027809,1.83042917218752,0.10884556977274,0,1,1,1,0
0,2,0.764116756390732,0.497935070554178,0.239460183409492,0,1,0,0,0
2,2,0.486130976080513,0.0282785023418978,0.428469012903245,0,0,0,0,1
0,0,-0.200442658667565,-0.505264922836571,0.534890174444639,0,0,1,1,0
0,8,-0.94223749911795,-0.21609985006802,0.172072550452417,1,1,1,0,1
1,1,1.30372829560113,0.566112438082522,0.66257768065842,0,0,1,0,0
1,1,-1.5032405652637,-0.829836155883826,0.777327123386619,0,1,1,0,1
6,4,-0.275753959004744,1.12738924219787,-1.69210489393045,1,1,0,0,1
2,1,-0.783443466264932,1.59051012580304,-1.34425318512066,0,1,0,0,0
1,0,0.420134643903478,-0.874653520260803,0.997996263275337,1,1,1,1,0
4,0,0.0990964589549403,-0.00138253557571803,0.869573949900132,0,1,0,1,0
7,2,1.26011751260577,-0.235636968464857,-1.37392007826762,0,1,1,0,0
0,0,-0.839264428903754,-1.35441977848148,1.33827769615631,1,1,1,1,0
5,4,0.431574986881754,0.538314547917247,0.457876304414382,0,1,1,1,1
3,3,0.209371558501644,1.56608587316148,-1.71627181739547,0,1,0,1,0
1,2,-1.06818443751903,-0.458435897186768,1.04546180133365,0,0,0,0,0
1,3,0.838524698142931,-0.678450725581677,-0.52452638508481,0,0,0,1,0
0,0,0.479545473701536,0.160850953901849,0.630477741154467,0,1,1,0,0
1,5,0.57439016723612,1.97002622210845,1.03774814710896,1,0,1,0,1
2,1,0.741306174853868,0.227529068122616,-1.42209476757002,0,0,1,0,0
2,3,-0.324211308384672,0.146136266657526,0.515681384879168,1,1,1,0,0
1,1,1.4907394565722,0.381921724456722,-0.75584740352244,1,0,1,0,0
3,1,2.08334925251625,0.667228932649652,-1.21816908953602,1,1,0,0,0
2,0,0.507311563498656,-0.159041268219969,0.543928360907464,1,0,0,0,1
2,14,-0.0973418422946762,0.136126885973121,0.260414791534303,1,1,0,0,1
9,2,-1.0749577765467,0.547638562629606,-0.555756715770636,1,0,0,0,1
1,1,-0.077422372364826,-1.60440224168744,0.375297516414962,0,0,0,0,0
4,2,-0.220498607058821,0.887264356588324,1.32387464463214,1,1,1,0,1
1,2,-0.10591954588125,1.32221989497348,-0.670495968515008,0,1,1,0,0
0,0,-0.297996002880632,-2.24315164063463,0.886664274625036,1,0,1,0,0
5,1,0.562374683974741,-0.360024444987628,0.0436240642719915,1,1,0,0,0
1,1,-0.0568575277234802,-0.124054125666342,-1.31137344754477,1,1,1,0,0
7,2,0.901774546922975,0.0217090617483417,0.902006629713841,0,1,0,0,0
3,0,-0.0860384537236406,0.164249651774651,-0.439166062790216,0,0,0,1,0
3,0,0.012381790855712,0.3855700538479,-1.10853406692263,1,1,0,0,0
0,1,0.81994706745131,-0.132654011201401,0.674829998760473,0,1,1,0,0
0,3,-0.599271673940274,1.47606048560127,0.629834608014981,0,1,1,0,1
0,0,-0.439982853138642,0.616162632251905,-0.766363892983931,1,1,1,0,0
0,0,-1.1368181217714,0.369139490133372,2.5073025371729,0,0,1,1,1
3,0,0.251586990557976,1.65324980876724,-0.464397240709828,0,0,0,0,1
2,1,1.72717701653662,-0.75826639460846,-0.724384699474848,1,0,1,0,0
3,0,0.544140343806458,-0.667281702427919,2.36211472929972,0,1,1,0,1
1,6,1.0331398182827,2.15564928462221,-1.41477140635493,1,1,0,0,0
1,2,-0.422194561987405,-0.353737060990763,-0.613943557043683,1,1,0,1,0
3,3,0.758739043545839,-1.1494167342653,-0.468905421030891,0,1,0,1,1
2,3,-0.260185964136495,-0.275190976282485,-0.0615722339857511,0,0,0,0,0
2,1,-1.22320641169392,-0.66918654681712,1.0191030146991,0,0,1,1,1
3,3,0.232036888444038,2.13690879541565,0.655089602634515,1,1,1,0,0
0,0,0.553594033430253,-1.40645914544773,-0.99954997321086,0,1,0,0,0
7,1,-0.222151328602606,-0.345805156610899,-0.909491463123504,1,1,0,0,0
1,0,-0.552793830033067,0.834051482091093,0.453580004632251,1,0,1,0,0
2,1,1.36673727640898,0.918970132762371,0.374242366256235,1,0,1,1,0
0,5,-1.18075947952979,-1.70835388939021,1.86225037395372,0,1,0,0,0
0,2,0.674299916559234,-1.21943911255867,-1.87521727906129,0,1,1,0,0
2,0,-0.300355749140225,-1.89846001963228,1.45947779194555,1,0,0,0,0
5,1,1.75288018878546,1.90998462578515,-0.228056445537009,0,1,0,1,0
1,11,0.646854049652489,1.08568620841452,0.279441333645289,0,1,0,1,1
2,1,-0.0401793499519362,0.904786311377051,0.659880116239245,0,0,1,0,0
0,0,-0.767136753672397,-1.93496922593018,-1.9996562402698,1,0,1,0,1
1,1,-0.556672487879641,-1.49580245036473,2.10229714847376,0,1,1,0,1
0,10,-0.0712348227277985,-0.00674851030780307,0.759185253367275,0,1,0,0,0
20,7,2.27939138835551,0.916106524389682,2.06926954230621,1,1,1,1,1
3,0,0.919682477634402,0.946101524655398,-0.473249309184218,1,1,0,1,0
2,0,0.210759104510269,-1.05085847953311,-0.206658265520135,1,0,1,1,1
5,0,0.0455349356344397,-0.970723667049468,1.45127298835849,1,0,1,0,0
1,2,1.3794880135169,0.199108054626311,-0.199879198408547,1,1,1,1,0
6,4,0.0588511552180133,-0.301102356191753,1.45835905259899,0,1,1,1,0
0,0,-0.607689595873443,-0.0677744987227885,-1.01471402727205,1,1,0,1,1
2,1,0.22883884895172,0.069304470418121,0.0332281557193737,0,0,0,0,1
0,1,1.75709879461687,0.811524589770659,0.64508339196216,0,1,1,0,0
2,0,-1.95293422842215,-0.302912220006248,-0.0829487134605259,1,0,1,0,0
9,1,1.13692737269447,0.348869735108663,-1.11479369544369,0,0,0,1,1
9,4,1.24861312584163,1.04391848025961,-2.35209318837522,0,0,1,0,0
4,0,1.0859599958754,0.62197451966117,-1.28448419724763,0,1,1,1,0
0,0,0.293028106706522,1.00042564163473,0.768245242583797,1,0,1,1,0
1,2,0.775622264378634,-0.651871350716979,0.655418990452086,0,1,1,1,0
2,0,-0.103066600786783,0.0405120541290631,-1.26551065399974,0,1,1,1,0
0,5,-0.6271043198438,0.0240254783956811,1.59763134419085,0,1,0,1,0
1,0,0.781451426977811,-0.207597458732919,0.866220547472711,0,0,0,0,0
2,0,-0.0812194413168299,-0.70467193925801,0.688972138500369,0,0,0,0,0
0,1,-1.69787030980261,-0.307421924585426,0.654405987607763,1,0,0,1,0
11,2,0.573850713970782,1.60187381957717,-0.770091822594602,0,0,1,0,0
14,0,0.702963725586142,2.99323721032207,-0.144494286149776,0,0,1,1,0
0,2,0.50173537083185,-0.467311170709194,0.419240782582425,0,0,1,0,1
1,3,-1.30930100696652,-0.00180173526255729,-1.05364871371872,0,1,1,1,1
2,0,-0.84186979547882,-1.08210510124863,-0.581802231595958,1,0,1,0,0
1,0,0.956890936672586,0.266915291142098,0.761876558196224,1,0,0,0,0
1,0,0.00569776979078544,0.529661416951022,0.844845944602204,1,1,1,1,0
0,0,1.3228648191701,1.80602320921953,-0.936259671357677,0,1,1,0,0
0,0,0.643930773088652,1.18203636353783,-0.449926492816048,1,1,1,1,0
0,0,0.696798576264372,-1.35752236499018,0.460668554334833,0,0,1,1,0
1,0,-0.147215019662076,-0.801113471511207,1.19926759404698,1,1,1,0,1
0,1,-1.52482257458377,-1.68014841242977,-1.82734619340633,1,1,1,1,0
0,0,-0.0746190432862198,-0.317219246525612,-0.0725634385477222,1,0,0,0,0
2,2,0.748194450505549,0.5600419236613,-0.78696661294935,0,1,1,1,0
0,1,-0.0931873749814978,1.60929130459381,-0.192045780683126,0,0,0,0,0
2,3,0.62009607301173,-0.368360788996107,0.467004324555565,0,1,1,1,0
1,0,-0.126531294586216,0.296730655384801,-1.50413432634742,0,1,1,0,0
2,1,2.19161462732238,-0.4884093383081,-0.242233319147883,1,1,0,0,1
0,3,0.0144191623011522,-0.302709851150638,0.679522142814708,1,0,0,1,0
0,2,-0.0137974574718092,0.859498791921604,0.0182175403527769,0,0,0,0,0
1,2,-0.780167384790967,-1.62609531483774,0.360221341083005,0,1,0,0,0
1,0,-0.414388391875632,-0.18022360178209,1.01751413327578,1,1,0,0,0
2,3,-1.30211118179397,1.19915006531967,0.234350261714677,1,0,1,1,0
2,2,-0.626878907894554,-0.315655531047693,-0.44872057208756,0,0,1,0,0
3,7,2.90254107588111,-0.0526030928469157,0.456468042562166,1,1,0,1,0
0,2,1.46410577795153,-0.0810035545604299,-0.309008260335421,0,1,1,1,0
1,0,-0.352826463347171,1.70879708941367,0.914277601890357,0,1,0,0,0
11,5,1.13944349183597,-0.468807850656201,1.57438894856214,0,0,0,1,0
0,3,-0.389814417118206,1.30175407586022,-0.358661463357307,0,1,0,0,0
3,0,-0.459829706578718,-0.0319692351078121,-1.06877193148892,0,1,1,0,0
4,1,0.359231153611086,-0.926963689289483,0.937118964647208,0,1,0,0,0
16,0,1.7392291606205,-1.5347472875877,-1.06386079974288,1,1,0,1,0
5,5,0.586798340470307,0.982502818684887,0.601475004990594,0,1,1,1,0
1,2,-1.58480904198925,-0.262093853908033,-0.971544625883257,1,1,0,1,0
3,1,-0.992551005913007,-1.90907597030837,0.569304898145542,0,1,0,1,0
2,0,-0.458243312664667,0.42894230747684,-0.659312953461346,1,0,0,0,0
0,2,-0.773304933012037,-0.517127607543926,0.940373666891031,1,0,1,0,0
2,0,0.757094000800576,0.553342012324949,1.65842567517958,1,1,1,1,0
2,0,1.38073613800283,0.892780000558176,0.801222645110164,0,0,1,0,0
3,2,-0.412660013966094,-1.60159424295561,1.88451895317976,0,1,1,0,1
2,0,0.610226541120049,-0.754286677702693,1.78304335626169,0,0,0,1,0
0,2,-2.43499561408827,1.20216922780691,1.60935017585776,1,1,0,0,1
3,3,-0.545259774833389,-0.622725672333243,-1.92204313396401,1,0,0,1,0
1,6,0.638829848645322,0.0968426202396081,1.03194869329103,0,1,1,0,1
5,0,-0.219839592913162,-0.0667028922464089,-0.292299505100828,1,0,1,0,1
4,3,-0.0114396487352918,0.652092881994485,-0.824299270399029,0,1,1,1,1
4,4,-1.5060646215975,1.17526080481303,-0.890918716313464,0,0,0,1,0
0,0,1.92979707687465,-1.33445909031476,-0.458291553678422,1,1,0,0,0
0,1,-1.62108909118797,0.663510784104869,1.71136636289265,1,1,1,1,1
5,1,-1.81910422281118,0.412584774694503,0.696010587505365,1,1,0,1,0
2,1,1.73093169015692,-2.03453737814818,0.662359442941092,0,1,1,1,1
11,0,-0.401006727935797,1.181005074579,-0.699287563649076,0,0,0,1,1
1,2,-1.37038371158874,0.20599757125552,-0.592092009843568,0,0,1,1,0
2,2,-0.0768662688355376,0.551512286674123,-0.541641859527079,1,0,1,0,0
4,0,-0.556100407475451,-0.83853905270712,-0.889306671346466,1,1,1,0,0
2,1,-1.84477880247821,-0.567504019547869,-0.37516898167983,0,1,0,0,0
2,2,0.207666526563987,-1.19824475328893,0.329433136865488,0,1,0,1,1
2,1,-0.653618901802683,-0.00191383733311232,1.31783268658402,0,1,0,0,1
0,4,-0.517826256781109,2.66570015387956,0.744813286464101,0,1,1,0,0
3,3,-1.41877072066739,0.140932650660145,0.0221401789830746,1,1,1,0,1
2,4,-0.947670650984837,-0.336177746897631,1.37403417103913,0,1,0,0,0
7,1,1.4994127890725,0.71666438276903,1.66247533556609,1,0,1,0,1
0,4,-0.301506046030953,0.59667146152739,0.891341613833902,1,0,1,0,0
7,3,-0.357296141119455,-1.69705192870618,0.152704615182532,1,0,1,1,0
1,1,0.436658398823973,-1.23153868623346,0.558173036389836,1,1,1,0,1
1,6,-0.0730178533167939,0.645948391453602,0.0111049195365102,0,1,1,1,0
6,0,-0.030314062134676,-0.480187388476997,-0.580254758257749,1,0,0,0,1
1,2,0.320133552248809,0.52413755000305,0.34880638489573,0,1,0,1,1
1,4,0.820726351936652,0.0740035035387591,-0.437524473849115,0,1,0,0,1
0,1,1.09312965183467,0.208741997472759,0.419415263075232,1,1,0,1,0
0,0,0.435415960437215,-1.32872368253807,-0.879848699621621,1,1,1,0,0
3,0,-0.0876538238702039,-0.938937199164403,0.824491445464342,0,1,0,1,0
1,0,2.66021281073653,-1.13513286331509,-1.18569743775504,1,1,1,1,0
2,3,-3.2895105663178,1.14077161834621,0.19009969778416,1,0,0,1,1
3,4,-1.19827251469914,-0.0565018234999596,0.169445907755663,1,0,0,1,1
1,6,-0.879620729789791,0.124901655821662,-1.52914617873061,1,1,1,0,0
4,1,-0.0500881058278387,2.21048729271427,-0.357754396335244,1,1,0,0,0
2,3,-1.04124532127833,-0.120001937678005,0.784076321163005,1,1,1,1,0
1,6,-1.39705000334748,-0.103295218580509,0.361099710226903,0,0,0,0,1
4,0,-0.406362573914557,-1.34278148003764,0.611731358062991,0,1,0,0,0
1,1,-0.796203735156304,-2.43980391726593,-1.54115671217376,1,1,0,0,1
0,0,-1.23833729671144,-0.0109831132445776,0.820739923236801,1,0,1,0,0
0,2,-0.780253176976843,-0.12776256857113,-0.253664491722921,1,0,1,0,0
1,0,-0.215059684123291,-0.098389515681203,-1.19198940374125,0,1,1,0,1
7,1,1.49932361304602,0.434948691687398,1.45558376006639,0,1,0,0,0
6,0,-0.0385824853917674,2.03136167845952,0.748980881811359,0,0,0,0,1
0,2,-0.0843735419408137,1.7960169398906,-0.237369475887778,0,1,0,0,0
1,2,0.476360794196307,0.944112367752963,-0.0190731374083404,1,1,1,1,0
0,1,0.419896330477406,-2.26428793936426,-0.823758104509798,0,1,1,0,0
1,5,0.68581963157947,-1.32085964915336,-0.907079298143766,1,1,0,1,0
1,3,-1.85259616444868,0.510882772514854,0.730176631767402,0,0,0,1,0
3,0,0.818219522624534,0.924517501657126,-0.508683113612932,1,0,1,1,0
0,0,-1.41350178361385,-0.602867633576006,0.130916674955125,0,1,0,0,1
0,1,-0.0587966592648843,0.358711849760286,0.0605676728470828,0,1,0,0,0
0,2,1.21131812713489,0.900757691483031,1.97831118514068,0,0,1,1,0
1,0,0.0243181796759768,-2.05878032953832,-0.172827678335991,0,1,0,0,1
0,2,-0.22959671965431,0.651382819667803,-0.381896710687426,1,1,0,0,0
1,0,-0.74543986448612,0.454764695085502,-0.438795030150063,1,0,0,0,0
8,1,0.619523462040017,0.549873229549636,-2.05592099514465,0,0,1,1,0
0,0,-0.726701801330234,1.1699082102961,-0.254539233736086,0,0,1,1,0
8,2,1.34525248732503,0.759762742554779,0.491209989532562,0,1,0,0,1
1,1,-1.04153154692786,-1.72494315686163,1.06843542827898,0,1,1,0,0
2,2,-0.564921747335721,-1.35330415098544,0.389703453990719,0,0,1,0,0
3,0,-0.0551708351819396,-1.92607256918342,-0.759480478009292,1,1,0,0,1
2,1,-0.237027653109257,-2.86796593462942,1.66623615128695,1,1,0,0,1
1,2,0.974419469860601,-0.984030568938075,-0.424424220388235,1,1,0,0,1
1,2,-1.30810550723605,-0.265442504241098,-0.455412136874654,1,0,1,0,0
2,8,0.344119215880025,-0.0953517348273962,-0.940213131117878,1,1,1,1,0
0,0,-1.07081499966219,0.394558779082418,-0.426366640076934,1,0,1,0,0
1,4,-0.417871974144287,0.949134335992929,0.590412592565122,0,1,0,0,0
5,1,0.501181287943768,-0.0239915488474014,-0.214677175990541,1,0,1,0,0
1,4,0.459363312380484,0.501771104244741,1.11251241627707,0,1,1,0,0
1,0,-0.778263073327833,-0.209587868519551,-0.182566580471911,0,0,0,0,0
0,5,-0.929843844438112,0.428036387457234,-0.201398614343306,0,1,1,1,0
6,1,-0.033965147916783,0.939941872861462,-1.14328471761342,1,1,1,1,1
0,1,-1.59269769602689,-1.19940901468783,0.274159032630647,1,0,0,0,0
1,0,-0.38170612713229,0.420145858327327,-0.275146941077262,1,1,0,0,0
0,0,-1.90645330838275,0.479161910132137,0.00442943813724482,1,1,1,1,0
0,0,1.64687789981953,1.73487001019527,1.47798495453887,1,1,1,0,0
0,2,0.107123344675991,0.0355761894720303,-0.882011792683962,0,1,1,0,0
1,2,0.0583327107870056,-1.33534316830859,0.488989068778877,0,1,1,1,0
0,0,-0.331459926587903,-0.727959746073018,-1.05082244704862,0,1,1,1,0
8,1,-0.214118142902411,-1.16104440210102,-0.964536741367208,1,0,0,1,0
1,2,-0.315510244951866,-0.45263000460228,-0.11124484009814,1,1,0,0,1
0,1,-0.784577012468681,0.827733780756161,-1.17129958369856,1,1,1,0,0
0,1,-1.44962970505503,0.157700554728949,-0.36908514616095,0,0,0,0,0
0,3,-0.178945601205496,0.572889790228787,-0.118359390606104,0,0,0,1,1
6,4,0.0377422238306941,1.22651663723057,0.859813950436739,1,1,0,0,1
4,0,0.236768611471026,-0.825337883027269,0.748277807405464,1,0,1,0,0
1,2,2.39429485648981,-1.29380888473646,0.602916222523285,1,0,1,0,0
2,0,0.932361026292346,-0.419009014099036,-1.46100112532727,0,1,1,1,0
2,3,0.167829857526035,-0.833315783831463,-0.366235429606203,0,0,1,1,1
3,14,-2.33164058268204,1.19170038246017,-0.591448040909353,0,0,0,1,0
0,3,1.30822822953745,0.04870494752828,-0.287080282124875,1,1,0,0,0
7,5,-1.40367958189773,1.53132118595052,-1.0416183938437,1,0,1,0,1
4,1,0.581833934117301,0.992070190627498,1.54726460659485,1,0,0,1,0
0,1,-0.763887742770618,0.505026468402203,0.349063557875932,1,1,1,0,1
1,0,1.23372357218674,-1.32722348982062,0.4569788764474,0,1,0,1,0
1,0,-0.685210660270835,-0.371695752005732,-1.68291718645628,0,0,0,0,0
3,1,-0.462854833172723,-0.294856832709207,0.494849717947966,0,1,1,0,0
1,1,-0.451357838314478,-0.900189643499152,1.18858363192711,0,1,1,0,0
0,3,-1.80951301712979,0.952831450918466,-0.552417585754591,1,0,1,0,0
1,0,-0.161053503212362,-0.799842643933831,-1.03243297675533,1,1,1,0,0
3,1,0.256774123049659,0.634258151686874,-0.719593347216387,0,1,1,0,0
1,2,-0.345842260146524,-0.661932927100804,-0.744598271790905,0,0,0,0,0
2,1,0.527847067048342,-0.284537562815649,0.224228499309039,0,0,1,0,0
2,1,-1.25315653469279,1.0854588773374,0.58797328512477,1,1,0,1,1
6,2,0.0859871357674094,0.0621140925514665,0.606231984471641,0,1,1,1,1
0,1,-0.468934565196943,-0.665315256502806,1.07061550819992,0,0,0,0,0
4,0,0.950290926447146,-1.75298059378863,-3.08189239909767,1,0,0,0,0
1,2,1.37198549287616,-0.0811565601657821,-0.253486514899226,0,0,1,0,1
5,5,-0.574251178360538,1.16848776197298,-2.22015144275474,0,0,0,0,1
0,4,-0.0510503845382707,1.00509537714071,-0.361261482006923,0,1,0,1,0
0,2,-0.21428884030854,-1.0506903138351,0.206874775524993,1,1,1,1,0
4,4,0.191247405735571,-0.323357581681898,0.033709292198466,0,0,1,1,0
0,3,-0.643177415952509,-0.640109362771232,0.274099084575003,1,1,0,0,0
6,1,0.235419568796472,-0.682826282920104,-0.661746045588163,1,0,0,0,1
1,2,0.874211673318413,-0.0874571784542526,0.318832696404822,0,1,1,0,0
3,0,0.308427255915904,0.3751782112728,1.84969789780263,1,0,1,0,0
0,2,2.22842796707237,0.874738352368513,0.687902606533933,0,1,1,0,0
1,4,-0.153480952654835,-0.699849707218388,2.04171363486332,1,1,0,1,0
0,3,-0.923375465236722,0.310987771498558,-0.106337688222914,0,0,0,1,0
2,2,-2.12082247326715,2.139772397963,-0.305338139984744,1,1,0,0,0
4,0,-0.334089548890623,0.340777958759673,-0.47554298078541,0,1,1,0,1
3,2,-0.642139236793859,0.426682248564495,1.19582405913939,1,0,1,1,0
6,1,1.90737379486406,0.431671489206121,-0.262669152188416,0,0,1,0,1
2,0,1.48640138867933,-0.115917234717554,-0.73506167742951,0,1,1,0,1
3,3,2.25553164882606,-0.447490880753639,1.55424548884432,0,1,1,1,1
0,1,-1.02271234291515,-0.364194105882602,-0.625641717923808,0,1,0,0,1
2,0,-0.527184742036171,-0.708907023524028,-0.691811455115064,1,1,0,0,1
1,0,0.676649433174322,1.39768115785182,0.341454720180839,1,0,1,1,0
0,1,0.062066276970419,-0.9863855880995,0.812128283392125,1,1,0,1,0
1,1,0.330332293462031,-0.298653251086762,0.848291895406713,0,1,0,0,0
3,3,-1.0310380164752,0.178286803979611,2.65484072039317,0,1,1,1,1
6,0,0.584117346025615,1.90653881345136,-1.15496300133927,1,0,1,0,0
0,0,-0.436454450442285,-2.13496071657076,0.0211948114227407,1,0,0,1,0
1,3,-0.271274552472875,-0.140075116887782,1.10335304432753,1,0,1,1,1
2,0,0.467425101476641,0.102793792226847,0.815918406981977,1,0,0,1,0
2,0,0.598792182892595,0.711181064127532,0.904465115576487,1,0,0,1,0
1,2,0.243807627750267,-1.42930369361076,2.78151335973768,1,1,1,1,0
22,2,0.782444274524448,0.612401491795624,-2.16971069369905,1,0,1,0,0
0,8,1.01712466388779,0.835411055419131,2.98631743457665,0,1,1,0,0
1,2,-0.208907908874414,-0.406206418421458,0.958487642322263,1,0,0,1,1
0,1,1.58812385550083,-0.0441962469519313,-1.70117477158268,1,0,1,0,0
7,1,0.940619601021401,1.15208013553371,-0.26078465445592,1,1,0,1,0
3,0,-0.704619161343523,-0.449209200042273,0.891262642434727,0,0,1,0,0
0,2,-1.06781435930813,0.312702815858461,0.294171939267841,1,0,0,0,0
0,0,-0.340203381784192,0.688494745769692,0.343597072020983,1,0,1,1,0
2,2,-0.924952568771511,-0.216865957806105,-1.57312213304544,0,1,0,0,0
0,2,0.0936587734513225,-0.290098818718864,-0.897764324607123,0,1,1,1,0
8,11,0.995548506789924,1.77761972952202,0.833064046600739,1,1,0,1,1
1,8,1.50261707889278,-0.304913640796098,-0.452100254564571,0,1,0,0,1
3,0,0.557165442458616,-1.03184242680215,-0.198682570284279,1,1,1,1,0
6,1,1.53443119319042,0.704413490388418,1.16023074434484,1,1,1,1,1
2,2,-1.45810932117115,-1.01687200114089,0.157215877501459,1,1,0,1,0
3,0,-1.08426339542759,-0.403717808040154,1.0417948433916,1,0,1,0,0
5,0,-0.0735952963895676,1.35165649731382,-1.05585219411064,1,0,0,1,1
2,5,1.13830826898689,-1.80826935824837,-0.141184837540515,0,0,1,0,0
1,0,-0.818059497109779,-0.339951977174286,-0.0675467593885001,1,1,1,0,0
0,1,1.16262856112612,2.15740553833712,-2.01089832788332,1,1,0,1,0
2,0,0.244989769679186,-0.543404005536455,-0.663853553846557,0,1,1,1,0
3,0,0.0966697841165499,0.805919805324953,-0.280718896009096,1,0,1,0,0
2,0,-0.20314192310503,-0.906666174507142,0.942379728936969,1,0,1,1,0
0,3,-0.292173949368997,1.22713705558351,1.36095280763269,1,0,0,0,0
1,0,0.422678441299709,-1.96616734884615,-0.26615196212537,0,1,1,0,1
6,0,-0.71827270812339,-1.51755635408591,-0.581605962318461,1,0,1,0,1
4,2,0.616464638031328,2.35198503645784,-0.0476120997903321,1,1,1,0,0
5,4,0.671389248976689,1.18017212088263,0.0654447554324211,1,1,1,0,0
1,0,0.92079512955361,0.345348321074882,0.371116065364377,0,1,0,0,0
1,2,0.0816374993174178,-0.286424106065091,-0.472648178852261,0,1,0,1,0
0,1,-0.109206318969146,0.0128529293758153,2.20829593718715,0,1,0,0,0
5,3,1.11355497881837,-0.086228621365321,1.88361643478548,1,1,1,1,1
7,5,0.515873250931517,2.33019244768407,-1.2428298726955,1,1,1,1,1
0,1,0.619087599928224,-0.632584445577688,-0.670568343534319,0,1,0,0,0
3,3,0.443398438250172,0.168558424784599,-1.20378244179424,1,1,0,0,0
0,2,-0.344702695290806,0.0879487249897456,-0.672321475232127,0,0,1,0,1
5,0,-0.111625092318739,0.37232421337242,0.413643227808159,0,0,1,0,0
2,0,-0.665118210457471,-1.00337660200664,-1.28212685067062,1,1,1,0,1
3,3,0.332335596705746,-0.0853664884643091,0.619489739878734,0,1,1,0,0
2,1,1.03993460094898,0.76601890718491,-0.0613205328769742,0,0,1,0,0
0,3,0.742787481059955,0.733147769495276,-0.900189428993376,0,1,1,1,0
4,8,-0.719927295029055,0.226340099584413,0.907412718152494,0,1,1,0,1
1,0,0.34366122447512,1.26199031233935,-1.99743360695922,1,1,0,0,0
1,0,0.719294060899778,0.344084504808445,0.199241794577168,1,1,0,0,0
3,0,0.181053707184373,0.653236138178686,-1.89355357295426,0,0,1,1,1
1,3,1.82684849623759,1.04980247709725,-0.871878746300438,0,0,1,0,0
0,0,0.35682283397705,0.131701510274198,1.1847604231539,1,1,0,0,0
0,2,-1.69698979686997,0.0613071101531883,-0.103323130277803,0,0,0,0,0
3,2,1.59164292722226,-0.0389656205839915,-0.0876873728506529,0,0,1,1,0
1,2,-0.784672800264394,-0.655378977743432,0.928412370861573,0,1,0,0,0
2,0,0.00721200347999325,0.699305089702484,-0.15560727862002,1,1,1,0,0
0,4,-0.643585816611077,0.255754627971215,-0.0776033642093113,1,1,0,1,0
2,1,-0.654521764955324,-1.65391215098818,-1.27437279062954,0,0,0,0,0
1,0,-0.165440636940245,0.462363117734021,0.425647406982671,1,0,0,0,0
3,2,1.25702287187484,-0.517875237978927,1.34134071777286,0,0,1,0,0
10,2,0.721468573523241,-0.170183437044267,2.05887954900288,0,0,0,1,1
0,18,0.0495126885514241,1.31261298016509,0.437538161353869,1,1,1,1,0
0,6,-0.741437009172367,1.74809485441966,0.328065203256629,0,1,0,0,1
4,1,1.03285833404068,1.31199092590009,1.08208837700845,0,1,0,0,0
3,2,-0.584309844394447,0.249392986826268,-0.302696213813081,1,1,0,0,1
2,2,1.46881863868041,-0.142949784667229,0.466139784731143,1,1,1,0,0
0,2,-0.241636782556502,0.303377854400803,1.89821026354579,1,1,0,1,0
0,1,0.144773612319306,0.424215788278497,-0.0746688565530788,0,0,1,0,0
5,3,-1.26220323667995,0.386929246401958,1.10447457285245,0,0,0,1,0
2,1,1.97290724738555,-0.380582630712699,1.54594481697493,0,0,1,1,1
1,0,1.019116006744,-0.101478676175779,-2.96333447840017,1,0,0,0,1
1,0,-0.409665278116333,-2.76119764948534,0.350798031595884,1,1,1,0,0
8,4,-0.120830542653908,1.55783651573761,-0.359636430043926,0,0,0,1,1
3,1,0.0524001934105258,1.55619040495122,-0.69836576122626,0,0,0,1,0
1,1,-0.348708057232887,-1.35924859348461,-2.17509277002673,1,0,0,1,0
0,6,-0.432693718655548,1.16577921601275,0.60357886393281,0,1,0,0,1
2,1,0.179757057761206,-1.46417507700403,0.255870250397017,0,0,1,0,0
1,2,1.75733293796028,-1.02323569563402,-1.74667306199165,0,1,0,0,0
3,0,-0.818412487226146,0.024362282637318,0.538301205108331,0,0,1,0,0
1,0,0.10608641090448,-0.163747689807026,0.460282797365635,1,0,0,0,0
0,0,-0.590468407292489,-1.07240482924912,0.936504368272327,0,0,0,0,0
3,2,-0.182110377862232,-1.65665739564039,-0.0349954834472464,0,0,1,0,0
2,3,0.301591690501474,1.02901287744897,-0.36465637624206,1,1,1,0,0
0,1,-0.36659539876041,-0.766633169922678,-0.423244832564655,0,1,1,1,0
0,2,0.484164466344733,0.364045041349752,-1.23980672225481,1,1,0,0,0
4,1,1.89692525916274,1.10327645936948,-0.229463744347622,0,1,1,1,1
2,0,0.295530531912516,-1.14760850696248,-0.213386695019198,1,1,1,0,0
2,0,-0.0508319163531285,-0.79071556953465,-0.969750433102442,0,1,1,1,0
3,2,2.00055495335867,0.832644663284905,-0.125220214389578,1,0,1,1,0
0,0,-2.22366905347773,0.166483599435291,-1.3353271688153,0,1,1,0,0
2,1,-0.612215964797937,-1.42012303435379,-0.0293024136259056,0,0,1,0,0
5,1,-0.0153180678812478,-0.17059040323295,-0.645809636791166,1,1,1,1,0
3,6,1.10795445432987,1.55779688822991,0.968936875278618,1,1,0,0,1
0,2,-1.86068806344556,-0.735037929356586,-0.593001607540041,0,1,0,0,0
10,5,-0.758663367091374,0.765347444392133,0.520450981910052,0,0,0,1,0
0,0,-1.16791564614005,-0.715883654353869,-0.311578592457227,1,1,1,0,0
0,3,0.871264144443247,0.274745233898196,0.601166533024968,0,1,1,1,0
1,2,-0.228775171147233,-1.10003782752538,1.38763286411976,0,1,0,0,0
1,2,0.42236243161067,-1.27946369920709,1.48726015590279,0,1,0,0,0
5,3,1.47995527357008,-0.234440197410979,-0.257872739763688,0,1,0,1,1
2,1,-0.741849900193846,0.00629658002417042,0.565458669410632,1,1,1,0,1
4,0,0.661857764790464,-1.39025706717408,-1.3280563587864,1,1,0,1,0
0,0,-0.190849806036091,-1.04543880165137,0.795436765417925,0,1,0,0,0
0,3,0.282600822242496,-0.673723861351481,-0.0360776391952687,0,1,0,1,0
2,5,-1.14745200189338,-0.486253257819024,1.1475419218189,0,1,1,1,1
2,0,0.283694102779039,0.923709280517642,-0.0779245069038935,1,1,1,0,1
2,2,0.0377241312941825,-0.59247135098338,1.09141125555765,1,1,1,0,0
0,6,-0.239317192766231,-0.430723339304403,-0.115748299158767,0,1,1,0,0
3,1,0.842076796099886,0.472792094972546,1.42737494130168,1,1,1,1,0
2,0,-0.303809983439645,-1.11203806283025,0.776924616687622,1,0,1,0,0
1,3,0.986701544542104,0.191414950698272,1.23245049970576,0,1,1,1,0
11,3,1.57641889180192,0.238800674024562,0.0507662201149602,0,1,0,1,0
1,0,0.367013049089853,-0.196819564602371,0.769543105440515,1,1,0,1,1
5,1,2.16994359957495,-0.410554944228162,0.197586274726208,0,0,0,0,0
2,0,-0.920508925199989,0.301020774821131,0.444147268925381,1,0,0,0,0
0,1,-0.25815707657067,-1.54592849315686,0.564491231360788,1,1,1,0,0
2,0,-1.11097958304634,-0.362510673638816,-1.40952998213887,0,1,1,0,1
2,1,0.894997907223948,-0.996786581041376,-0.0993982930627571,1,1,0,0,1
1,1,-0.0859137208135009,-0.443647970062886,-0.290035217917907,1,1,1,1,0
2,2,-0.0992344968638634,-0.274663090145621,-1.23607159823208,0,1,1,0,0
0,2,0.474650227900176,0.354949109116402,0.331753113952319,0,1,0,0,0
1,2,0.486783400460879,-2.00312672915292,-0.529230294340044,0,1,1,1,0
2,0,1.31147594214096,-0.552619115735598,0.960988497453698,1,1,0,0,0
0,0,-0.12391226886327,1.25035093791955,0.928605423236308,0,1,0,0,0
6,0,-0.608460145704072,2.56921152524653,-0.749112906259927,0,1,1,0,0
0,3,0.132551791871476,1.08975698536594,1.1690008571638,1,0,0,1,0
4,0,1.14143104285166,-1.67791461178648,-0.758228982123704,0,1,0,0,0
1,1,0.650103069234177,0.229997065514866,0.656875792982734,1,0,1,0,0
2,8,-1.02979365871568,0.271027785018198,0.911190944638171,0,1,0,0,0
1,0,0.54916976075063,-0.474678589386267,0.106018010602757,1,0,1,1,0
0,1,-1.09736529904252,-0.839961790702837,-0.161050853651933,1,0,0,0,0
0,0,-1.17831072214109,-0.668783073552662,-1.61485874121308,0,1,0,0,0
8,3,1.06528079287088,-0.720845561505994,0.0388779885651054,1,1,1,0,0
1,1,1.93293486665544,0.40164692396538,-1.45470581570505,1,1,0,0,0
2,0,0.496230872633519,-0.929021501568173,0.250698143672864,0,1,1,0,1
1,0,-1.26327952617584,-0.0630049357547176,0.59794829456193,0,0,0,0,0
2,0,-0.130240934007302,0.263012767842082,-0.484826520780644,0,1,1,1,0
0,1,0.819566782674931,0.840582379471856,-0.888503208289717,0,1,1,1,0
0,0,-1.69805706890366,0.695947101587093,1.06390922422838,0,1,0,1,0
5,1,-0.942119332369368,-0.12083441281283,-0.567939629863917,1,0,0,1,0
10,0,0.489581748054043,-0.484040607970062,-1.41640116779881,1,1,0,0,0
2,0,-0.192941275105023,-0.398617310880626,0.210441956448338,1,0,0,0,1
1,0,-0.0815509374107168,-0.814661493477172,-0.724636833527095,1,1,1,0,0
0,5,-0.3161217176837,0.865546845816653,-0.684666225975818,1,1,0,0,1
1,1,-0.766778650223259,0.0190297303162915,-1.30443233814885,1,1,1,1,0
1,3,0.226992338551626,0.350339591482725,-0.0366952269501987,1,1,1,0,0
4,0,-0.47444263237261,1.2795602755504,1.34587536816504,0,1,0,0,1
5,0,1.26833720377559,0.220234070843075,-0.541779807548468,0,1,1,0,0
6,2,0.396623984901543,0.437884903387748,-0.0325573927169682,1,0,1,1,0
5,2,0.154125892223905,0.890253483103813,-0.52269601668165,0,1,1,1,1
18,1,1.71749658409968,-0.169800623422945,-1.62279937358757,1,1,1,0,1
4,1,-0.220312370524019,-0.678991814489588,1.33163597945705,0,0,0,1,1
4,0,0.306061521089599,0.528461867264278,-0.39386358922303,1,1,1,0,0
6,0,-1.22922415978328,0.0551060422173486,-0.515627384919356,1,0,0,0,0
3,3,-0.32899740087261,0.162404993489113,-1.25769921821001,1,1,0,1,1
0,2,0.214089857638088,1.51931370696047,-0.0947210880293776,1,0,1,1,0
8,9,-0.82152641112804,1.62667308130163,-0.455661171558453,1,0,1,1,0
0,0,-1.19100929429009,-0.234150416184195,-0.450290377977364,0,0,0,0,0
0,3,0.632250628227388,0.948444826773582,1.94508814145404,0,1,1,1,0
3,0,0.712005089624019,0.672582516345433,1.27945827737491,0,1,1,0,0
1,12,-0.410020907993587,0.945984752121687,1.14820062572136,0,1,0,1,1
1,1,-0.15334363374632,0.744905492922983,-0.00472574335771906,1,0,1,1,0
1,3,0.545902395869332,0.0738267504320053,0.345125090356836,1,0,1,1,0
2,2,-1.32694600344713,-0.220907378603671,-0.34722657831977,1,1,0,1,1
3,3,-1.3203622520864,-0.630780785459912,0.694141308831001,0,1,1,0,0
3,0,0.611450633519406,-1.1460776092283,1.29798925971889,0,0,1,0,0
1,0,0.493452584390095,0.527948026425,-2.40257693473762,1,0,1,0,0
4,3,-1.68688424768943,0.64648485232727,-0.515991245781035,1,0,0,1,1
0,0,2.3722768874312,-0.481242328717105,-1.13525710515566,1,1,0,0,0
2,0,1.0447984672348,-0.0187780032148253,0.0157781041035959,1,0,0,0,0
0,0,-0.531209335768512,0.611696303216942,0.908922678541347,0,1,1,0,0
0,2,-2.26722690849773,0.146525230715774,-0.149154141283518,1,1,1,0,0
1,0,-0.417943233317568,-1.07235769166859,0.906878460254795,1,0,0,0,1
6,4,0.655605153537174,0.04607279657067,-0.461881228617976,1,0,1,0,0
1,0,1.35637184772241,1.81688534354808,1.18550904216391,0,1,1,0,0
0,7,0.578223092728164,-1.13876865899371,2.27360276643677,0,0,1,1,0
0,20,-1.72152939281002,-0.123804742987047,1.31136652246627,0,1,1,1,1
3,2,-1.08223485243209,1.10418431232084,-0.29902122175021,0,1,0,0,1
0,0,-1.31434688018281,-0.302796073778943,0.550529290490064,1,0,1,0,0
6,2,-0.418254369261042,-0.205936708700354,-0.958978786694174,1,0,0,1,0
8,8,1.86812349997109,-0.046130573028047,0.694236059756733,0,0,0,0,0
2,1,0.0733444534671685,-1.16291297526393,0.664844488793694,0,0,1,0,1
0,1,-0.223593446581291,0.673744867619683,-0.907830472425762,0,1,0,1,1
7,1,-0.174568043329554,0.211956730117933,-0.790945019027663,1,1,1,0,0
0,3,0.839963730510385,0.997072211482437,1.33225561174347,1,0,1,1,0
1,1,-0.402244128486777,-0.513231671026767,-1.42208097042768,0,1,0,1,0
0,9,-0.123376874847548,0.836542559895427,-0.451649772543295,0,1,0,0,0
1,1,-0.446108994038081,0.75511393110657,0.66512854361897,0,1,0,0,0
3,0,-1.09414950819908,-0.995119837281459,-0.57202715688902,0,1,0,1,0
1,3,0.116356760857047,-0.343529461016155,0.496893280738311,0,1,0,0,1
2,3,-0.728750474464369,0.126738951563202,-0.444428008881122,1,1,0,0,1
0,2,-1.20196697053847,0.299857031214523,0.634313941251008,0,1,1,0,1
0,3,2.62384929692478,-1.94419049719152,0.41073046550385,1,1,1,1,0
3,7,-0.247476518870943,0.639866833645461,0.880803581522301,1,0,1,0,0
1,0,0.290254348881347,0.0378171645090798,0.947601224158218,0,0,1,0,0
1,2,-0.382991172058524,-0.00811400328462778,-0.976058336339326,1,1,1,1,0
1,2,-0.603396852260609,-0.316121070870185,-1.23185611364862,0,0,1,0,1
9,3,-0.575248640597304,-0.465202664468225,0.972840845488286,1,1,1,1,1
2,6,2.45586709128141,0.362665712059635,1.93151438428877,0,0,0,0,0
2,3,-0.807551375263229,-0.845562704306314,-1.82589453004263,1,1,0,1,1
0,2,0.88116838024794,-1.09454486562248,-0.659688098366628,1,0,1,0,0
9,1,-0.717412634675543,1.65885768217549,0.762040364959686,1,0,0,0,1
1,1,0.200584487505788,-0.204874152866075,-0.293662405458956,1,0,0,1,0
2,0,1.41191694777111,-2.3935408912925,-0.275042020361341,0,0,0,0,0
0,2,0.398079400818513,2.59070117195544,1.3651588999484,1,0,0,0,0
0,2,-0.414868576773469,0.328375699846092,0.646549591982808,1,1,1,1,0
1,0,0.0353271756139726,0.862997270109232,-0.775991009079227,1,0,0,1,0
3,1,-0.452522731775758,-2.29285916093329,2.2385735329897,0,1,0,0,0
3,3,-0.866492284140543,0.38594908034459,0.611876455458239,0,0,0,1,1
2,0,0.987761283720702,-2.20545690795862,0.0446764217375281,0,1,0,0,0
1,7,-0.752805406456437,2.06774106934013,0.530726331557385,1,0,0,0,0
1,0,1.92787654352049,-0.868507947909966,1.33893904094224,0,0,1,1,1
1,1,0.257621033509399,0.991864153011366,-0.106472080702281,1,0,1,0,1
1,0,-0.873802625421904,-0.0649895291767626,-0.0730525631505087,0,1,1,0,0
8,0,-1.16414059852088,0.612933711588073,-0.965368984828496,1,0,1,0,0
1,0,0.415762813553895,0.202010949849393,-0.271583322385471,0,1,1,0,0
0,1,-0.600534042535657,0.739231856516884,0.103919070010319,0,1,0,0,1
4,2,0.399439786299345,0.137600478688069,0.0341715199230421,0,1,0,0,0
4,4,-1.08834659762701,-0.068024735144085,-0.475535444368951,1,1,0,1,0
1,0,1.70666960376118,0.7682905674974,0.302474502567795,0,1,0,0,1
1,0,0.0739625415193122,2.55024141599397,0.0498202287441226,0,0,0,0,1
4,0,-1.27160263848181,-1.8186008854366,-0.965003275893041,0,0,1,0,0
3,2,0.457957076280795,-0.124551114600454,-1.18087228150392,1,1,0,0,1
6,2,-0.536340834978299,0.598003333253237,0.194507542580118,0,0,1,1,0
9,2,-1.20096881648409,0.350717793017562,-1.22100990354904,0,1,1,1,1
4,1,-0.834221315131875,-0.711465555475823,-0.137007159974841,1,1,0,1,0
2,0,0.625815502831969,-2.74731917112524,1.3991844286077,1,0,1,0,0
15,2,0.263728121597118,0.3706904141927,-0.877751237912554,1,0,1,1,1
2,2,0.274417579490657,1.04355356302561,0.261097846191753,1,1,1,1,0
3,0,-0.194297836391784,-0.61293149060901,-1.08448720155023,0,1,1,0,1
4,0,0.706771791720972,0.159128855366546,1.18945073058131,0,0,1,0,0
1,4,1.59034283057647,0.703853399711481,1.50490464625773,0,0,1,0,0
5,1,-0.123411533072684,0.514477570284802,-1.21846833086342,0,1,1,0,1
5,2,-0.325663905473427,0.367027991425154,0.418541956111835,1,0,1,0,0
1,2,-1.11651476810406,0.238178584667441,-0.577435720215358,0,1,1,0,1
3,2,0.216748181037507,-0.0329338794126848,-0.664844572713814,1,1,1,0,0
1,2,-1.14172133990612,-0.0130184959621048,1.29116663525689,1,1,1,0,1
3,3,-0.863711369784486,0.954492161438223,0.125646472612381,0,0,0,0,0
1,1,-0.55818502475836,-1.15928354479616,0.0876847986859682,1,0,0,0,1
1,3,-0.0110704976975086,2.43714650905812,1.52397251306153,1,1,1,0,0
0,3,-0.441606184035662,-1.43345865466417,1.80148025019432,1,1,1,1,0
0,3,-0.548399628649698,0.365507793276491,-1.65797765074032,0,1,0,1,0
0,0,-1.11237914511264,-0.0208500211218998,-0.116805921658875,0,1,1,1,0
1,0,0.47331534079142,1.70285417195116,0.583430453499667,1,0,0,1,0
2,5,-1.13747172835256,0.13859521635276,1.62497978737887,1,1,0,1,0
2,5,-0.981395039675674,1.01652994409104,1.44606236215416,1,1,0,1,1
4,2,-0.0415492717112391,1.10852080846736,-0.889658063768886,0,1,0,1,0
0,3,-1.32057361517282,-2.1079797317597,1.14196403925892,0,0,1,0,0
2,5,0.132193086042718,0.258458487941473,-0.162490521152025,0,0,0,1,0
0,1,-0.903499771882259,0.1188155042347,-0.0319877556195559,1,1,1,0,1
4,0,1.65487641274647,0.589313523733222,1.43121811657098,1,1,1,0,0
2,0,0.144129530259854,-1.07227275208415,-1.37018875470196,0,0,1,0,0
1,3,-0.394345613360634,-0.589733715254476,0.754925908166963,1,0,0,0,0
1,2,-0.0551654042416525,0.283982085967884,0.606534356829038,1,1,1,0,0
0,6,0.212262627212198,0.101173723696187,1.13071572427005,0,0,0,0,0
1,4,-2.72032674993933,0.273986252319618,1.46095751451437,0,1,1,1,1
2,2,1.62705696336627,1.24752884185809,-0.319518975768844,0,1,1,1,0
2,1,-0.297910992586715,-1.5481127422558,0.931246037565549,1,0,0,0,0
5,0,1.3756223309986,-1.23681363661063,-0.452446966101809,1,1,0,0,1
0,4,0.896642766249951,-0.499015633337232,1.12391883835934,0,0,1,0,1
0,2,1.75692868965063,0.0932979053985587,-1.24660347494892,0,1,1,0,0
0,1,-1.17263112977064,-0.0165134625814884,-0.699360331301244,0,1,0,0,0
1,1,1.11320494889943,-0.407210992805721,-1.15847735161217,0,1,1,0,0
0,1,0.336470995687765,0.565477319009723,-0.237822784491995,1,1,1,0,0
2,1,0.274160244125433,0.79374594132959,1.56889869841538,0,0,1,0,0
2,0,-0.833085559111502,0.962966830630707,-0.191210972020865,1,0,1,1,0
2,1,0.802583511986008,-0.171115459756391,1.32316532264295,0,1,1,1,0
2,1,0.172676800762997,-0.464214633384004,0.199974606634616,1,0,1,1,0
3,1,-0.374292519756178,0.0224207751393491,0.780728192035553,1,0,0,0,0
3,0,-0.0694230943739365,-0.0268276603433677,2.23032973517259,0,1,1,0,0
4,1,-1.30726990790352,-0.752474488955319,-0.525416083772583,0,1,1,1,0
6,2,0.131540125659432,-0.553925002996638,-1.53366193435157,1,0,1,0,1
1,1,0.581402087037336,1.94054785865269,1.62765040438838,0,1,1,0,1
0,1,-0.335291509215102,-0.674825370703296,0.330696843462648,0,0,0,1,0
14,3,1.44085126126495,1.47571991930403,-0.268532407691066,0,0,1,1,0
3,2,-0.0163753104705106,0.0321476605891005,0.966058150015268,1,1,0,0,0
3,4,-0.678897776962137,0.298536430317514,0.308055817215392,1,1,0,1,0
1,0,1.98812995137423,-1.89138351576411,-0.777548633498694,1,1,0,1,1
0,2,-1.1758198550957,-0.246445098894175,1.91192812290185,1,1,1,1,0
3,7,0.124800115699085,-0.555446275871861,-0.923531816556488,0,1,1,1,1
1,0,0.190587605077361,1.28224929338455,1.96034900951175,1,1,0,1,0
2,0,-0.463545516901272,-1.04579056576015,-0.921789268010742,0,0,0,1,0
0,2,-0.824408678855447,-0.751115431712259,-0.255807706370311,1,0,0,1,0
1,0,-0.331058050383257,-1.9486533921385,2.35236831002151,0,0,1,0,1
3,0,0.0684765079449716,-0.628687964179801,0.676282369543852,1,0,0,1,0
3,1,1.41171609068245,0.29748080103361,-2.80701072475173,0,0,0,0,0
5,2,0.72900931124112,-0.406309694285097,1.05972259804727,0,1,0,0,0
1,0,0.860372197133211,-1.77990878622439,0.766844342804324,0,0,1,0,0
0,0,0.920421338587252,1.17290320732198,1.08715703272498,0,1,1,0,0
1,2,1.15357013915577,2.6106294788066,1.9741174253186,1,1,1,0,0
0,0,0.384983385385244,-1.02412583753945,0.208479192165739,1,0,1,0,0
0,0,-1.17012964065601,-0.0565823425527445,0.832785396616276,0,1,0,0,0
0,3,0.00901597567331041,-0.361792268764436,-1.50572570753225,0,1,1,0,1
2,2,0.25383389302479,1.84445781963241,-0.64037215038913,0,1,0,0,0
0,4,0.282265569635562,-0.459764962048352,0.96581494761903,0,1,0,1,1
2,0,0.730010049030437,-0.830273376953547,-0.631973149194273,1,1,0,0,0
0,3,0.10091031036091,-0.654387357240645,2.12109850259924,0,1,1,0,0
15,2,2.04451149311693,1.36885180630652,-1.13647552328235,1,0,0,0,1
8,4,-0.47522157136351,-0.0723991420761464,-0.347265294293595,1,1,1,0,1
2,3,0.261998634497187,-2.19397464741748,1.1864586982777,1,0,0,1,0
2,0,-1.00653965758463,0.756144514203487,0.197540894540014,0,1,0,0,0
2,5,-1.66581442495001,-1.54527987811678,-0.532388605650341,1,0,0,1,0
1,1,-0.738494491002256,1.44592616867095,0.392475329287613,1,1,1,1,0
3,0,-0.569052682041502,0.557264015681611,0.108334297133374,0,0,0,0,0
0,0,1.32227564243862,-0.503357225305314,0.0944234812464279,1,0,1,0,0
3,0,-0.0925129532150919,-2.02365818983603,-0.0539683735829677,0,0,0,1,0
0,1,0.674866670358316,-0.326711693652357,1.2746252612138,0,1,0,1,0
3,1,1.26387741564876,-0.630260871830057,-0.547233309930881,1,1,0,1,0
0,0,-0.440352205593056,-2.44098978260482,0.955458967663922,0,1,0,0,1
0,2,1.65027212744807,-0.258054273360752,1.16784756725289,0,0,0,0,0
1,2,1.20409576046333,1.09925934124793,1.1168492626106,0,1,1,0,0
3,0,2.23416053475812,0.825825267250677,0.270217118297749,0,1,0,1,1
1,1,-2.14306246161022,0.911483485157171,1.25525969505729,1,1,0,0,0
2,1,-0.705222745668016,-0.633072772834907,-0.669344927949785,1,0,1,1,0
1,1,1.35026166941921,0.861193657707868,1.10899022590089,1,1,1,0,0
3,2,0.35363298273035,-1.66384116694568,-0.903533423683746,1,0,1,0,0
0,2,-0.629099331149897,-0.48588709707155,-0.0964601410722447,1,0,1,1,1
2,2,0.878945272386794,1.30863506557444,-1.48495878562873,0,1,0,1,0
11,0,-0.921370640968944,1.1608569424295,0.215201051006261,1,0,1,0,0
0,5,-0.57030165060227,-0.397619239977068,-0.81541339138063,0,1,1,0,0
0,1,0.0434030935809082,-0.000166280415322165,0.494044475226782,1,0,1,0,0
3,2,0.511869845862515,0.457602602145992,-0.489771496015174,1,1,0,0,0
1,1,2.64946283407424,-0.102837090478052,-0.393533900975092,0,1,1,0,0
4,2,-0.236161797763202,-0.728895479005091,-1.62340791230445,1,0,0,1,1
0,0,-0.0571616843437522,-1.08292029595167,-0.172399865225239,1,1,1,0,0
3,0,0.680284276824771,1.60086399628312,-0.317165316289925,0,0,1,1,0
1,4,0.0883311967540823,-1.17219937609535,0.196773696539571,0,1,0,0,0
0,1,-0.804268187004651,-0.616349940012373,-1.1963795386123,0,1,1,1,0
0,2,1.95458741888656,0.546785228367342,1.64250464278773,0,1,0,0,0
3,1,0.597439751712391,-0.965776900491271,0.471761654692676,1,1,1,0,0
6,2,-0.0302314254043071,-0.367104748962305,-1.89620975384379,1,1,0,0,0
1,1,0.970330844086013,-0.657199752376165,-0.111593695155086,1,0,0,1,0
1,0,-1.15211678326811,0.868189254699964,1.37748598285458,1,1,0,1,1
6,4,0.373396378324388,0.349956678952064,1.33807653887698,1,1,1,1,1
0,1,-1.53426648213312,-1.55638390539559,-0.356179573293288,0,1,1,1,0
4,1,0.441563114578009,-1.24869289177539,-1.15746149642365,1,1,0,1,0
2,1,-0.962788562156661,-0.322132639880516,-1.93382003110577,1,0,0,0,0
1,2,0.837062083671072,-0.0414110293318175,-0.0909345353633506,1,0,0,0,0
10,1,1.07075665146028,2.12723513620248,-0.612272429327852,1,1,0,0,1
1,1,1.5572817038351,0.0558574677592491,-0.276229404032537,0,0,0,0,1
0,2,-1.11553074222446,0.820846217373796,0.851770262926641,0,0,0,0,0
0,0,0.149246172421045,0.401642271508352,0.0127830121709756,1,1,0,1,0
0,2,-0.103631612111531,1.76773548644169,1.03150192172212,0,1,0,0,0
0,1,-0.0326433763224033,-0.738248891576758,0.43524003801979,1,0,0,1,0
3,0,1.36388718795205,-1.7329684114404,-0.611958471552772,1,1,1,0,0
2,3,-0.86407190057103,0.356677777761322,-0.490320220236367,0,1,1,1,0
5,6,-1.32106185777954,2.39662678386625,-0.734979745359696,0,1,1,1,0
1,0,0.530366111921295,-2.68129800836299,0.195162902836137,1,1,1,1,0
4,0,0.353770709973031,-0.368447086113152,-0.711833085067999,0,1,1,0,1
2,4,0.309934091749878,-0.237035365307545,0.042187997832074,0,0,0,1,1
3,0,-0.440296168670365,1.4423224735041,-1.02977149824661,1,0,0,0,1
0,1,0.419035239108168,0.68635452589551,-0.110011259002314,0,0,0,0,0
0,2,-1.17831419195251,-0.465651846556909,0.709435228526449,1,1,0,0,0
0,0,0.117084615675449,-0.582797110258936,-0.658118484019063,0,1,0,1,1
1,1,-0.677179624496666,0.543011725003245,-2.35352897149449,0,1,0,0,0
6,1,-0.246512953163516,0.840428277453164,-0.433092541730954,1,0,1,1,0
2,0,-0.883487183676164,-0.487164894727362,1.01905192634156,0,1,1,1,1
2,1,0.0917295283433523,1.19355055872898,-0.0798831298319198,0,1,0,0,0
0,0,0.0955802504843352,0.971392342760906,0.543078142995154,0,1,1,1,0
0,4,-0.480978598972098,1.10427997245866,0.507586637421915,0,1,0,0,1
0,1,-1.26759584596741,-0.669154005648093,1.1123997992537,0,0,1,0,0
9,3,1.03079630452932,2.24355656548187,-0.880630282804081,1,0,1,0,0
0,1,0.320828717201926,-1.20449251601557,-0.549978814775394,1,0,0,0,0
1,0,-1.51208578735781,0.125910542131062,-1.67811339854503,0,1,1,0,0
0,4,0.561789239144423,-0.459163470047299,-0.068068986231857,1,1,1,0,0
0,1,-1.61273364430719,-0.365839822999169,0.471357411575833,1,0,0,0,0
2,0,0.694462485818927,-0.41859183306402,-0.453202029317611,1,1,1,0,0
4,0,0.180625049828585,-0.902787867522741,-0.510208913877478,1,0,1,0,1
6,0,0.662481123411043,1.65475446668057,0.818688339831552,1,1,1,1,0
5,3,-0.589612296504218,-0.130916103043768,0.665565595240847,1,0,1,0,0
2,5,-0.896492441965581,2.36721384348331,-1.68170389469204,0,0,1,0,0
1,4,0.53760349910689,0.380076412787663,0.847314756126594,0,1,1,0,0
0,0,-0.283860159803694,0.0472708700713061,-0.763368428213078,1,0,0,0,0
2,3,1.13776271125034,-1.30853372082075,-0.767813861937982,1,1,0,0,0
0,0,0.00222867501388657,1.0721171623522,0.00196362143964768,1,1,0,0,0
1,0,-0.966197503358667,0.769357794872803,-0.458844712117699,0,1,1,0,0
0,1,-1.53883211825872,-0.879719509668839,0.752417819495345,0,1,1,0,0
0,0,1.06562364134787,0.389706967771667,0.624649141579081,1,1,1,0,1
0,1,0.318742354264314,-0.0777882702731055,0.171561125606822,1,0,0,0,0
0,2,0.203607666087715,-1.27052741527678,0.326564041457202,0,0,0,0,1
0,4,-0.9513317522219,0.199412449148553,1.9074665872752,0,1,1,0,1
2,0,-0.872104090185909,-0.238508088630862,0.660615702881221,1,0,1,0,1
0,2,-0.337275416712007,-0.184474006013436,0.420188199113037,0,0,1,1,0
2,2,-0.691830654789841,0.118917924464359,-0.153212827831108,0,1,1,0,1
0,0,0.0418585037537216,0.308894654341101,0.179549240088367,1,1,0,0,0
0,0,0.854892815630824,-1.19771371642983,0.329097588999034,0,0,0,0,0
2,0,0.584282042931392,1.37109831462191,0.650055582432782,1,1,1,1,1
1,1,-0.612646159009148,-0.531844674654468,-1.4039491530196,0,1,0,0,0
0,0,0.197788932582087,-0.306489274334482,-0.594460070517399,0,1,1,1,0
2,0,1.73062491309578,-0.220641887354278,-0.223721075485851,0,0,0,0,0
1,1,0.637968391157924,0.766510867549476,1.15743532546781,0,1,0,0,0
0,3,-1.08895026609494,0.485080273571672,-0.857048202183103,0,0,1,0,0
1,1,-0.563402881164515,-0.338385745290197,-0.557754580664679,0,0,0,0,0
4,0,-0.0757234092134627,-1.22208573989359,-0.715616577634638,1,1,0,0,0
0,2,-1.05474956592723,-0.549455719650556,-1.12659740713408,1,1,0,0,0
0,10,0.876699018305014,-1.89455071788134,-1.3871989672096,0,0,1,1,0
0,0,-0.492547380181207,0.495822523255757,0.081052931224012,0,0,1,0,0
1,1,0.776677816682009,-0.761486420515686,-0.260385612457393,1,1,0,0,1
3,0,0.424664610801944,-0.830007910364296,-1.24000167021031,1,0,0,0,1
3,2,-0.511172677369557,1.14054495342649,-1.51250312020407,1,1,0,1,1
0,1,1.02520084616177,1.04362931558666,-0.295595194119778,0,1,1,0,0
3,0,2.34633670498111,0.368841246601034,0.65920004311894,1,1,0,0,1
3,0,-1.08584332072069,-1.14726319834989,-0.164378908745101,0,1,0,0,0
10,2,0.42785318458427,0.675499532959709,-0.732969141065107,1,0,0,1,0
1,1,-0.539980618683443,0.116215478766957,0.748073543182047,1,1,1,0,0
0,2,0.561939968549988,-0.319920229467045,-1.36459490370892,1,1,0,1,0
4,8,-0.767592230545918,0.460278186752117,0.565398218513318,0,0,1,1,0
0,1,0.772781341922921,0.157709314733893,-0.457265336808014,1,1,0,0,0
1,0,0.474424760030203,-0.286140971704659,-1.40490694510242,0,1,0,0,0
0,6,0.859609778489143,2.28287894346017,0.0663330757396298,1,1,0,0,1
1,13,-0.014596709034737,0.656746410196574,2.53596085150966,0,1,0,1,0
0,0,-0.527769665460836,0.585938324530031,-1.19251421741726,0,1,0,1,0
14,2,1.62414061067927,-0.514449945058521,0.512975905886046,1,0,1,0,1
1,0,1.05157374879068,0.671591307518153,0.474962152316842,0,0,0,1,0
3,2,-0.672933443570146,0.346829267118173,0.446679136183556,1,1,1,1,0
4,0,-1.82121464974511,-0.133007516467758,-0.963694873229948,1,0,1,1,0
2,2,1.07798399033568,-0.121369345074424,0.339799566017488,0,1,0,1,0
0,2,0.493716288465781,-0.54035074101792,0.115816873634322,0,0,1,0,0
3,3,0.979662631804518,-0.611674067470805,-0.0145881680305489,1,0,0,0,0
7,0,0.605892007370922,0.615157672791305,0.796131229156956,1,1,1,0,0
6,1,-0.463719131544619,1.09141895624261,-0.565574920305413,1,0,0,0,0
8,0,0.558669422869587,-0.266826076105501,-1.08709486721981,1,1,1,1,1
0,1,-0.526044418692946,0.529302675410011,0.138029094254665,0,0,0,0,1
6,0,0.927597449475506,0.00933935888551687,0.371422358643588,0,1,1,1,1
1,1,0.987608415468528,-0.164103516427879,-0.59722129198655,1,1,1,1,0
0,0,0.853388374327395,-0.21656756317433,0.0387361974598433,0,1,1,0,0
3,5,0.565251196299758,1.29293575220584,0.633530784715094,0,0,1,1,0
0,0,-0.708476471496734,-0.00488195947885176,-0.731780969395982,0,1,1,0,1
0,2,-0.406132138192824,-1.10255132170435,1.28921814309716,0,1,1,0,0
0,8,0.274263013705794,-0.486785186284848,1.2079535796952,0,1,1,1,0
2,4,-0.26889012134537,0.236754394779752,0.205795913166194,0,1,0,0,0
2,3,1.88713945812143,-0.530888831942639,-0.594231528355877,1,0,0,1,0
3,1,0.167519622250428,0.180850344114965,-0.238491193572953,0,0,1,0,0
1,0,1.43859626512794,-0.689725028988813,1.65256353026489,0,0,1,0,0
0,8,-1.53179295169548,1.61435544544122,1.01810349284241,0,1,1,0,1
3,9,-0.258373303832621,0.892048114875045,0.457770891062475,1,1,0,0,0
1,2,-1.24049201731505,0.286162206824332,-0.886001335977575,1,0,0,0,0
0,1,0.551185513601758,0.156903374127724,0.308645441023771,1,1,1,0,0
1,5,0.292798185201657,1.98228426996862,1.46822912582537,1,1,0,0,0
2,0,-0.10885429132561,-2.94219423367681,0.976110456031629,0,0,0,0,1
2,2,-1.28104795553005,1.72710881938077,-0.177147683022215,0,1,0,1,1
0,0,0.152850493700395,-1.12066854563339,-1.27492967452647,0,0,0,0,0
1,1,-0.429495948203502,-0.425338004858523,0.364354487259457,1,1,0,1,1
1,2,2.66230905093076,0.572091032012804,-0.423271481585265,0,0,1,0,0
0,2,-0.873088807697233,0.795199488885599,0.3812894128255,0,0,1,0,0
3,0,0.220898313560566,-0.622471331084589,0.165769196774561,0,1,1,0,0
3,0,-0.211492663001309,0.829473502749616,-0.351929295106395,0,1,1,0,0
4,1,-0.728080193442686,-0.764521143006979,0.224729145454149,1,1,1,0,0
0,0,0.464041833346814,-1.98300655404804,1.33296057791248,0,1,1,0,0
2,0,1.04744583443335,0.44337978228504,-1.56817238999399,0,0,0,0,0
1,1,-2.0440117948644,-1.37165219274629,0.33931416718369,1,1,1,0,1
1,3,-0.727316061686648,-1.92124538794139,1.74097380065055,0,1,0,0,0
1,1,-1.12350378348363,0.164110974465082,-0.613630821618507,0,0,1,0,1
2,1,0.139846246529439,-0.0298835987150865,-0.866294561882522,1,1,1,0,0
3,2,-1.23660223604522,0.88604950307115,-0.424849510456577,1,1,0,0,1
7,0,0.827041103601955,-0.248336942684769,1.30352791575791,1,1,1,0,0
2,5,0.494512100624475,1.33264279316477,-1.77772338847355,0,0,0,0,0
3,0,1.17172912223507,-0.579881772589624,-0.160533900220198,0,0,1,1,1
0,1,0.490458682644851,-0.132195460653512,-0.444817744105275,0,1,1,1,0
1,0,-0.240850846578445,-0.617658549078513,-0.68947525306448,0,0,1,0,0
2,1,-1.81586938669171,0.50528021035131,-0.799653151319261,1,1,0,0,0
2,0,0.344297483898718,0.0922983915424128,0.898488128653538,1,1,0,0,0
3,0,1.57696143849576,-0.80304535368709,0.101977918224718,0,1,1,1,1
2,1,0.116305774943622,1.5084798594249,-0.236232101901626,0,1,1,1,1
9,0,0.328723515873724,-0.202110789204271,0.720586868914082,0,0,0,1,0
8,1,1.55775378957239,1.16849590640504,-0.403869180883726,1,0,1,0,0
0,0,-1.16282433440365,-1.28804860331583,-1.21342138846064,0,1,1,0,1
5,2,-0.447286237707299,0.655826286230835,0.493630257779065,1,0,0,0,1
4,0,-0.497499926587077,-0.0220424636584602,0.449467213169223,0,1,0,1,0
1,2,0.594756213882566,-0.621852525512292,-0.766293281907736,1,1,1,0,0
1,1,-0.949277657245268,-1.60836262843831,-1.07888312563131,0,1,0,1,1
6,1,2.54527820785061,-0.644304402512665,-0.956492778016988,0,0,0,1,0
2,0,-1.3382185654573,0.681290131152695,1.24104849051072,0,1,1,1,0
5,0,-0.590493209211064,0.166720107369894,-0.080196206821252,0,1,0,0,1
3,1,0.409959793168149,1.29037818132171,-0.109185105289937,1,1,0,1,1
0,2,0.72518723584666,-0.0931287728141115,1.69619290173763,1,1,1,0,0
0,1,2.26858056859742,0.58975154758356,1.42420134251937,1,0,1,0,0
1,0,1.11119988559902,-0.279843289902833,0.0957396248283712,0,1,0,1,0
0,2,-1.60615905652262,-0.59831840820313,-0.452345805691649,0,1,0,1,0
1,1,-0.231878114194147,-0.256613555310552,-0.475900657967067,0,1,1,0,0
0,0,2.66051375033037,0.745472487739834,0.804988136058874,0,1,1,0,0
5,1,-0.744129820159994,-1.72040691495518,1.53074247442831,1,0,1,0,1
1,1,0.812879953107739,-0.365280077966548,-0.597071269286684,1,1,1,0,0
3,0,-0.0756433896948385,-0.434270895926444,-1.31166955606716,1,1,1,0,0
3,5,0.61440186434929,0.263274710183422,1.74400123223652,0,1,0,1,1
2,3,-0.288477553777536,0.896329105660858,0.355530207991556,0,0,0,1,0
1,0,0.0328894122340621,0.507218867583378,0.829807013103162,1,1,0,0,0
3,1,-1.21744579674338,0.595710484951724,-0.391465813147379,1,0,1,0,0
1,4,0.450840176456903,-1.3245132236274,0.961541676227078,0,1,1,0,0
7,0,0.259244790196178,-1.9456016720963,-2.07876612388993,0,0,0,1,0
3,1,-0.298644514895992,-0.74301680165356,-0.452470806730788,0,0,0,1,1
0,0,0.262114471261356,0.476448047995621,-1.25609611358748,0,0,0,0,0
5,1,-0.500064550030795,2.52620643032038,0.842676380794305,0,1,1,0,0
0,3,-0.018290283218845,0.54856443086887,-0.0646305902937771,1,0,0,0,0
0,0,1.27019611873009,-0.00511928126079746,-2.04803456328272,0,1,1,1,0
3,0,-0.198963210257456,0.202243362392151,-0.288734406012243,0,0,0,1,1
0,0,0.918297987643605,0.946824284614001,0.347870785517888,1,0,0,0,0
6,0,0.844411388725894,0.701751477940689,-1.45120710108909,1,1,0,1,1
1,1,-0.192147806843537,1.49906722470169,0.811935515880753,1,0,1,1,0
3,0,-0.918675469749111,1.24343688480549,0.679679860121878,1,0,1,0,1
3,0,1.28899830545104,0.189821952400687,0.408414054878206,0,1,0,0,0
2,1,-0.767482786850346,-0.770766717421571,0.437862985611976,1,0,1,1,0
0,0,0.17513946749619,0.935242043043334,-0.606663612864302,0,0,0,0,1
1,3,-0.197079259299289,-0.989138669171678,-0.238163915790256,1,1,1,0,0
0,3,-1.41187986438708,-0.371736126820553,-0.700198817112785,1,1,0,0,0
8,2,-0.16452662286878,-1.84346751501078,0.379498117527718,1,1,1,1,1
7,1,-0.453200991073305,-0.891666757988392,1.25272282982008,1,0,1,0,1
5,3,1.93709324593457,0.815006485348906,-0.773833714278897,1,1,1,0,1
3,1,0.364031678932398,-1.10282409497354,-1.1537638572672,0,1,1,0,0
3,2,0.922397800961161,0.210716890319319,-0.0216504431953229,1,1,1,0,0
0,1,-0.237883047801028,-1.0134011866117,-1.01370812921263,0,0,1,0,0
6,0,2.13496682624626,-0.506806562862366,0.687138634899223,1,1,1,0,1
4,1,-1.56716835082998,-0.0161961826522947,-0.343003972186109,1,0,1,0,1
10,1,-1.41735901019062,0.0676733602199481,-0.865159644898262,1,1,1,1,1
2,1,-0.375074846537596,0.622532854547957,0.842304549347926,0,0,0,1,0
7,1,-0.641765597115071,-0.475029997266708,0.373492972407767,0,0,1,0,1
7,0,2.2611996099738,-0.0804391391947719,0.260367811513534,0,1,1,0,0
2,0,-0.0231929463065252,0.359254847817699,0.192907544642592,0,0,1,1,1
0,0,0.543237363822419,-1.98334383296257,-0.0880211277660368,1,0,0,0,0
9,0,0.866262753440151,0.728722133067527,-1.2680516146361,1,1,0,0,1
0,0,-2.57409379041253,-0.940975475444787,0.492003940212038,1,0,0,0,0
0,1,-0.369900594940339,-1.20181730723066,-1.64613527310875,1,0,0,1,0
2,0,-0.149512802559115,-0.540155478883134,-0.484086539102679,1,1,1,1,1
0,1,-0.852435968887497,2.16420455151359,0.849942043539721,1,0,1,0,1
1,0,-0.865111934653452,-1.86243116231281,0.291005935262551,1,1,0,0,0
0,3,-0.239560386003729,-0.236916127395091,1.58575688803349,1,1,0,0,1
1,1,0.443255493411598,0.326555588066269,1.3964841969683,0,1,1,1,0
2,2,-1.50513096606234,0.0921788426043559,0.392780943261597,0,0,0,1,0
0,1,-0.852398691799486,-1.58593876646658,-1.11507958223925,0,0,0,0,0
0,0,-0.546917189039588,-0.330770694729959,0.196829670116606,1,1,0,1,0
1,1,-0.376750652086099,-1.49405220665105,-0.961111320582234,1,0,1,0,0
2,0,-0.291181193549478,-1.46266934689694,0.137763105427052,0,1,1,0,0
2,0,0.413770616153368,1.27464132144196,0.957710403534512,0,0,1,0,1
1,1,-0.261348854839346,-0.664212474627744,1.07130430684204,1,1,1,1,1
1,4,-0.0853562074718484,-0.220523646531903,-0.798019089765074,0,1,1,0,1
2,0,0.898333084333959,-1.39497128615253,2.1259648065761,0,0,0,0,0
2,1,1.40673475915613,-1.81094390593215,-1.19373355682496,1,1,1,0,0
5,0,1.90643973961671,-0.393340098183157,1.33635071274707,0,1,1,1,1
0,2,-0.0200368053905569,-2.18683044092133,1.0999220369165,0,0,0,0,1
0,0,0.345525862180605,1.31600603000399,0.0959352703218013,1,1,1,0,1
7,4,2.58570155838577,0.829992074749969,-1.85150730397048,0,1,1,1,0
1,1,0.640138870730601,-1.02445947770663,0.955817493860587,1,0,0,1,1
3,2,0.568735893576831,0.0376729199011382,-0.429716946810894,1,1,1,1,0
2,0,0.251235080212156,-0.88326212376737,-0.611667910175772,0,1,0,1,0
1,2,1.87438123161775,1.41686231428349,-0.0961575201217116,0,0,1,0,1
0,0,-0.263251025028215,-0.141520370279859,0.506059976933909,0,1,0,1,1
0,1,0.0147490494367388,-1.0830241547556,1.54571494170103,0,1,0,0,1
2,6,-0.260505667429332,-1.25840382415891,1.95006801419987,0,0,0,1,0
2,0,-0.672519056471184,-0.53901474573291,-1.19188852513403,0,1,1,0,1
16,3,1.08916891118022,-0.0195989119387675,-0.207141205891696,0,1,1,1,0
1,3,0.458078385660602,-0.104829171580625,-1.44001485442235,1,1,1,1,0
2,4,-1.79766458285963,0.183252061273404,-0.159443098835314,0,1,0,0,0
2,1,0.887911601577522,-0.426838424109805,0.919520534243171,1,1,0,0,0
2,5,0.381809566414097,2.5213849313393,0.5006765194793,0,1,1,0,0
2,2,0.139781242589434,-0.089282895911334,-1.02284742555498,0,1,0,1,0
1,2,0.560969520335308,-1.96362651332446,1.50110526073927,0,1,1,0,1
4,1,-1.4783099607091,-2.54717761629801,-1.63946601533181,0,1,1,1,1
1,1,0.0315110994058907,-0.205070469177072,-1.33356463730649,1,1,0,0,0
3,0,-0.138781270079514,-0.769059622860614,1.25622088192957,0,1,1,0,1
1,0,1.39329463930765,0.143092804655056,0.0208098438112797,0,1,0,0,0
5,3,0.00321625137382201,-0.212061019714968,-0.452233662626404,1,1,0,1,0
1,0,-0.28939635553728,-1.74580018733695,-0.456995269417823,1,0,1,0,0
0,2,0.157779576525547,1.58083969964599,-0.562316356487715,1,1,1,1,0
2,2,0.649606087544434,2.07743223859084,0.154774767227812,1,1,0,0,1
2,1,-0.646855074315119,-0.943494156690383,-0.812950040827739,0,0,0,1,1
2,0,-1.40452931634034,-0.0182172846347918,-0.838770596205459,1,1,0,1,0
5,3,-1.21194918296719,0.699456938812614,-1.20567883469099,0,1,1,0,0
2,7,-0.665660358601419,0.714561933598959,0.36151062533983,0,1,0,1,0
3,2,0.0264166671022538,-0.70696516075221,0.517865023094267,1,0,1,0,0
0,6,-0.0320497924239504,-0.767893866983738,0.316873418473414,0,1,1,0,1
12,3,1.74461387641449,0.605888840795305,-1.98275061525412,0,1,0,0,0
2,0,-0.310463448222264,-1.82084375526148,-1.04427940107431,0,1,0,0,1
3,0,0.355123586612516,0.373556192064858,-0.124763078197479,0,1,1,0,0
7,1,-0.196511508838043,1.35818549607918,0.0859454840916119,1,1,1,1,1
1,0,1.3348479794797,-0.0891336619216857,0.548983585260749,0,1,1,0,0
0,0,-0.335748054944976,0.317434119847024,-1.57441790058069,0,1,0,0,0
6,10,0.677229135240651,0.549609686136041,0.0404492833524841,0,1,0,1,1
0,9,0.248542994793182,-0.650734639186456,-0.159206033653314,0,1,0,0,0
2,3,-0.303160354393197,0.30322820640749,0.506840652385331,1,0,0,0,0
0,2,0.0743558059138029,-0.226059928499594,-0.451860831680208,0,1,0,0,0
1,0,0.795323091044037,-1.80892182029979,-1.5448232120509,1,1,0,0,0
2,0,0.664575362601601,-0.499537104075911,-2.50227662615552,0,1,0,1,0
0,2,-0.509316781016113,0.468848368361749,-0.0666441717395836,1,1,1,1,0
2,1,-0.293222851016784,-1.56344287961054,-0.701614227498688,0,1,1,0,0
2,0,0.981766668223056,-2.06895786687504,-1.08348640093591,0,0,0,0,0
0,3,-1.03268670217803,-1.08254249333926,1.01800184695542,0,1,1,0,0
2,0,-0.898319330380481,-0.883971109915776,-0.411585868787874,1,1,1,0,0
2,4,-1.85695735034763,-0.48068783444962,-0.62785548568893,0,1,0,1,1
0,2,-1.00309271505858,-1.55652945161445,-0.481387633936596,1,1,1,0,0
2,0,-0.969119539169172,-1.3442612459516,0.269017700002385,1,0,1,0,0
1,1,-0.305433397576782,0.407910802935344,0.963378648383388,1,0,0,0,1
4,2,0.051358628299311,-0.594806283797854,-0.399753524554571,1,0,1,0,0
0,7,-0.245200941947197,0.00414887564398698,1.16234166575654,0,1,1,1,0
1,0,-0.401504131159777,-0.21605355232042,-0.684208714578099,0,1,0,0,1
0,2,-1.47852016759291,-1.23235412066777,0.562727421881545,1,1,0,0,0
0,1,0.391063713424272,0.320831593031741,-0.184905375492598,0,0,0,0,0
3,0,1.57755999134014,0.253348966957901,-0.61913014845881,0,1,0,1,0
0,1,-1.28130722971278,-1.2021262363291,0.64951599468305,1,1,1,1,0
8,2,0.404646996950853,-0.590887257924071,0.705278609193145,1,0,1,0,1
1,5,-0.70595467947434,-1.31965074666669,-0.388253363749141,0,1,0,0,0
0,1,-0.568817494906402,-0.238994246030788,0.892183932362614,0,1,0,0,1
3,0,-0.151820678091548,1.99921930881056,-1.0891592765159,1,0,1,0,0
1,1,-0.477103618511316,-0.221926210419609,-0.552707167250739,1,0,0,0,0
0,0,1.4874242135459,-0.0162965896051438,-1.43761826052987,1,0,1,0,0
0,7,-0.818181725449886,0.404830751191882,1.79660307999762,0,1,1,0,1
4,6,-0.498472107804547,-0.31642577952033,1.37680636736632,1,0,1,1,0
4,0,0.0358913157603994,0.633622672368465,-0.846897722709849,1,1,1,0,1
2,0,2.10776059706056,-1.31928781889667,-0.288195584072049,0,1,0,0,1
3,4,-0.260223137329365,-1.14745866925598,-1.63992484840432,1,1,1,1,0
0,4,1.00308041137306,-1.90171849329334,-0.760080454043555,0,0,1,0,0
4,1,-0.259322932008863,1.99677835161213,0.151271618530176,1,0,1,1,0
3,7,1.02805893796913,0.825256460247246,0.566142091928295,0,0,0,0,0
1,1,-0.563628160955548,-1.72550632485779,1.39257717105501,0,1,1,1,0
2,1,1.09311384557618,0.693829535056194,1.25285974028539,1,1,1,0,1
1,1,-1.56465604847511,-0.313401593601534,-0.625266718496312,0,1,1,1,0
6,0,0.474804020154351,0.467537022254665,0.985555635591972,0,0,1,0,0
2,0,0.880108349016301,0.374437754138733,-0.397563394820541,1,1,0,0,1
4,2,-0.33590583377723,-1.19683943097004,-1.33164550996405,1,0,0,1,0
2,0,-0.33636336760831,1.46182404541002,0.182735943366793,0,0,1,1,0
5,2,-0.181164867259387,-0.251451338939021,-1.50207210084311,1,1,0,1,0
0,4,1.57972879382811,-0.0292502135113376,-0.158717027611292,0,1,1,1,0
2,1,0.435049780312902,-0.60203160778871,0.879959069522419,1,1,0,0,0
1,3,-0.796183276249354,1.33442275892058,-0.7075212045069,0,0,0,0,0
1,3,-0.544165279101154,1.65328088111207,0.169262970653909,1,1,0,1,0
3,1,1.44410776673046,-0.394851792522863,0.65792132371581,0,1,1,0,0
2,0,0.427977650957575,1.19743082792041,-1.55828876925794,0,1,0,1,0
0,3,1.12934485275357,2.68672916432903,2.71577176715381,0,0,0,1,0
7,2,-1.39606740253772,0.509401462785242,0.540930272330265,1,1,1,0,1
1,1,0.0519688785827037,-0.171180213683823,0.375858177770691,0,1,1,0,1
0,0,0.66663354767549,0.0494621322784484,0.00862038817307912,1,1,1,0,0
1,4,-1.61605249040208,0.764656238416126,-0.252227800420562,1,1,0,0,0
2,0,-1.12374827039897,-0.820966578828031,-0.0994639268525053,0,1,1,0,0
8,10,0.0355199550968792,1.54223889431033,0.943370684862756,1,1,1,1,0
1,0,0.227732667382604,1.46795824068894,-1.18515459238541,1,1,0,1,0
1,1,0.361991399748282,0.462098156347226,-0.463581961891403,1,0,1,1,0
1,1,-0.283697707639432,-0.996740012310171,-0.315652732163755,0,1,1,0,1
2,0,0.0924537541497731,-1.25214993900162,-1.20460592895911,1,0,0,0,0
0,1,-1.84682054859956,0.142063310282324,-1.19875364073663,0,1,0,1,0
3,0,-1.08662233709156,-0.664044224910074,0.172763050326591,1,0,1,0,1
1,3,-0.560411287325125,-2.53204841127059,2.12631022143734,0,0,0,1,0
1,7,-0.332511022486652,1.00839171304441,1.33284763203182,0,1,0,1,1
5,1,0.0403786162400541,0.546014270298682,0.591678084948033,0,0,1,1,0
0,0,-0.528507182073625,-0.84567495678928,1.39535886909117,1,0,1,0,0
2,0,-0.037049809111881,0.872339179510231,0.0866395758064261,1,1,1,0,1
0,0,-1.92818298669272,-2.05247471691376,0.0234342228908638,1,1,1,1,0
2,1,-1.4857071225202,-0.216718972386513,1.22266071790068,0,1,0,1,0
0,0,1.57563304178736,-1.2991048319633,0.408987929836222,0,1,1,1,0
7,1,1.63598883794746,-0.364651864789123,0.489733405776011,1,0,1,1,0
0,0,-0.495440967014359,-1.17423969506917,-2.0072904929577,1,1,1,1,0
0,1,0.335094006713831,-1.10318946243596,-0.474586078741965,0,0,1,1,1
1,0,-1.76206407951022,-1.18219503862886,-1.56886793876397,0,0,0,1,1
4,1,1.86859997497141,0.626514334892218,-1.04279577561559,1,0,1,0,0
3,0,-0.170045317634821,-0.585363037903574,0.212346534240759,0,1,0,0,1
1,0,2.37458063565111,0.153505595784962,-0.657577842154193,0,1,1,0,0
2,1,-0.0576091705826097,0.777363272052451,-3.7218100477502,1,1,1,0,0
0,2,0.366013451967593,-1.83604552081464,-0.727354993821491,1,0,1,1,0
4,1,1.6080425169668,1.91586387682645,0.668495406341455,1,1,1,0,0
5,0,-1.12024072586429,-1.43815117548164,0.128075317302856,1,0,1,0,0
2,1,2.37136052895333,-0.245749038629696,0.343720700133228,0,1,1,1,0
0,0,0.559607722148896,0.473419765872057,-1.02181946883995,1,1,0,0,1
5,1,-0.64047734528044,-0.808115668910941,0.0420614410734913,1,1,0,1,0
3,4,1.35073929084755,-0.708527460123887,-1.45744940153779,0,0,0,1,0
1,1,-0.923430929477418,1.6177841465164,0.548446055456331,0,1,0,0,0
1,6,-0.726265546507561,1.69752507606603,1.12028109006724,1,1,1,1,0
1,2,-1.23603606736281,-0.490897165055334,0.0380072577385034,0,0,0,0,0
4,1,0.839156266398398,0.0976013554954463,0.988344776218922,1,1,1,0,1
0,0,-1.39952419256976,-0.788603996817382,-1.59968667275509,1,1,0,1,0
5,2,1.24655004678913,1.80179888965857,-1.3597187161647,0,0,1,1,0
2,0,0.399569507791472,-1.67870049701846,0.00149670197956159,1,0,1,0,0
3,2,1.86889756482147,-0.311514786598249,0.139596733461866,0,0,0,0,0
3,3,-0.430957851402977,0.131615532489568,-0.555273818431862,1,0,1,0,0
1,4,-1.87769936157249,-0.124876400801827,-0.128815166360101,0,0,1,1,0
2,4,-1.06815909021727,-0.942025488804822,0.579025044206294,0,1,0,0,0
4,0,-0.911065049701661,-1.20924384026961,0.938081702507649,0,1,1,0,0
1,0,-0.083358878114799,-0.525972846956729,0.395526223769723,0,1,0,0,1
1,3,-0.980454319875214,-0.395501183944461,-0.552192672035676,0,0,1,1,0
5,1,-0.053181178473146,0.0378951394691893,-2.06622343344009,0,1,0,0,0
0,5,-0.676072544764055,0.101405212615339,-0.223533387151423,1,1,0,0,0
4,4,-0.204113249480321,2.60707385233336,0.0349595367621288,1,0,1,0,1
10,5,-0.810917650924702,0.305778437031791,0.890518899976418,1,0,1,1,1
2,0,0.659193931053915,0.870624571071118,-0.0679984372303963,0,1,1,0,0
3,2,-0.453007023478008,0.634971989904387,1.01007946243269,1,1,0,0,0
0,0,-1.38603016188343,-2.45421817132412,0.818234152490752,1,0,0,0,0
2,1,-0.943246545726918,0.610139115262285,0.713665921204739,0,0,1,0,0
2,0,1.11624254571511,-0.815066793403095,-0.330877773661785,1,1,1,0,0
2,1,-0.0719473124292304,0.974971583580876,2.34023488972521,1,1,0,1,0
0,1,-0.380059162356659,-0.763351693279068,1.48255975406052,1,1,1,0,1
2,7,-0.963682664357108,0.0398409630679835,0.0731995775514054,0,0,0,1,0
0,3,-0.696163020284326,0.0639160922834013,2.58478477810252,0,1,0,0,0
2,1,-1.46385870622174,0.232668448042113,1.30158339252823,1,1,0,0,0
4,1,-0.547957249881121,-0.471946711049077,1.97025793354272,1,1,0,0,0
0,6,-1.30927251992376,1.09844172554581,-1.58175075632925,0,1,1,1,0
1,0,1.6116361504997,-0.393854568072507,0.833381246879686,1,0,1,0,1
2,2,-0.119644382935392,0.560732617838213,-0.571629098322293,1,1,1,0,0
1,2,0.27621084886062,-1.05080388645955,-0.901758639503332,1,0,1,1,0
1,3,-0.298166266316448,1.05422375475808,-0.513503344181322,0,0,0,0,0
2,3,-0.519904008929684,0.793989179541168,-1.50141464532753,0,1,1,1,0
0,0,-1.4272315148338,-1.15887228034638,-0.524118723393829,1,1,1,0,0
7,1,0.0916078430297036,-0.560598959295736,-1.79679082026313,1,1,0,1,1
0,3,-0.121114868828821,0.0417095796025145,-0.197621524782447,0,0,1,0,0
0,3,0.566915517470102,1.24620474945564,-1.18099854101938,1,1,1,1,0
0,3,0.860274696131704,0.208614230036933,0.768664422147901,1,1,1,0,0
0,14,-0.51385893148764,1.80713606158529,0.636405167380691,0,0,0,0,0
3,7,-0.601400851081312,-0.990447941531387,1.53517555036695,0,1,1,0,1
4,0,-1.04225868228433,-0.223439785123312,0.493070607138534,0,0,1,0,0
2,2,-1.11470291833754,-0.219276471450949,-0.480634538562513,1,1,1,1,0
8,4,-0.537345653779404,1.80384979986193,-1.97590068889962,1,1,1,1,0
0,0,1.73005843513735,1.25772120039473,1.24539758327895,0,0,1,0,0
8,0,0.119507697458475,-0.74455483161797,-1.70696432407425,1,0,1,1,0
1,2,-1.30971252424887,-0.268372838303546,0.594740594491027,0,1,1,0,0
3,0,1.80527480389285,-0.781590222107065,1.202089014523,1,1,0,1,1
2,5,-0.67460773167392,1.57713737788098,2.64920819114842,0,0,1,1,0
1,4,1.3302651118689,1.04004644175663,1.03590128141533,0,1,1,0,0
13,3,0.683209553819879,-1.05536922045287,-0.0351425141334102,1,1,0,0,1
15,2,0.597063296796118,1.39109357817885,-0.29223798083379,1,0,1,1,1
1,1,-0.527104805544461,-1.46871205316003,-0.955986348610104,1,1,1,0,0
8,0,0.611809686959442,-0.498562890156409,0.420097075102933,1,0,1,0,0
5,1,-0.295371877457854,1.33361322038906,-0.0187050925004404,0,0,0,0,0
3,1,1.21697029801068,-0.313132727879886,0.745467613699079,1,1,1,0,1
0,0,0.603574020868609,-2.39559734669513,1.08969236509868,1,0,0,0,0
1,3,0.376141139885023,-0.158996114933625,0.866697156369404,0,1,1,1,0
2,3,1.15733950517612,1.40380147776429,0.874265755857423,0,0,1,0,0
2,0,-0.596628116239421,1.49286620607697,-0.175365683758488,0,1,1,1,1
2,0,-1.51337031753741,-0.853041151018781,-1.08760317357604,1,0,1,0,0
1,4,0.783644336056005,-0.373171966821289,0.433704645839574,1,1,1,1,0
0,2,0.503525715233825,1.58749027058392,1.05250378383444,0,0,1,0,1
2,5,-2.01946511114978,0.614052989688028,-0.182089536578924,1,1,0,1,0
4,1,1.16104386831817,1.3372277291223,1.22329719219988,0,0,1,1,1
1,2,-1.02297218763983,-1.31468485570266,-1.02499585503235,1,1,1,0,1
1,1,-0.193751430274277,1.0759722088116,-0.727844908736777,1,1,0,0,0
2,5,1.46540889278635,0.567027902911734,-2.45254953820485,0,1,1,1,1
2,0,0.93299481572352,0.374910792586407,-0.43152583823527,1,0,0,0,1
3,0,0.735857458795383,0.323184079942995,-0.834434129413162,1,1,1,0,1
4,0,1.05958370172946,-0.501610189776266,0.023268233836586,1,1,1,1,0
3,0,0.781134757238248,0.443224585832723,-0.0469389579227739,0,0,0,1,1
0,0,-0.706187722812759,0.0503075622853718,-0.990116243954659,0,1,1,0,0
3,0,-0.234121759418426,-1.24785426549363,-1.55657383599354,0,0,1,0,0
0,0,-0.370487026487237,0.293919326781857,-0.568441050450672,0,0,0,1,0
1,4,-1.99401725808108,0.11278396383004,0.561803263183238,1,0,0,1,0
1,0,-1.21937416888621,1.81113394648453,-0.088553398035749,0,1,0,0,1
0,1,-0.31866449719614,-2.42245757841248,-0.0797710925341383,0,0,1,0,0
0,1,1.37025645622373,-1.1059947663256,-0.181887823146529,0,1,0,1,0
1,0,1.2935809199453,1.50944610280859,0.541993883100427,0,0,0,0,1
6,2,0.456319131149919,0.751607035191125,-0.106242141312871,1,0,1,0,1
0,0,0.42344639945168,-0.046915110815408,-1.08013721807331,1,0,0,0,0
1,0,-0.766909118163384,0.261020519539688,-1.39012284206293,1,1,1,1,0
1,3,-0.532474116939353,0.0840971767142983,-0.202539778936913,1,0,1,0,0
0,0,-1.24301991115983,-1.16484660609153,-0.160763845077963,1,1,1,0,0
1,4,0.949433147511793,-1.22482881759682,-0.347617003658371,0,1,0,0,0
8,0,0.620090334644833,-2.44988653641845,-0.885888060272814,0,0,1,1,0
3,1,-0.210460637878556,0.0466214931571757,-0.512620814626521,1,1,1,0,0
3,0,1.54036938944196,0.0782134448582789,-1.46435131477006,1,1,0,0,0
4,2,-0.464259647736435,-1.22342175437765,0.118733019468421,0,1,1,0,1
5,0,1.29719304702407,0.151688445557079,0.638615931636682,1,1,1,0,1
1,3,0.553279914075138,1.03717073502486,-0.713325432988787,1,1,1,0,1
4,1,-0.166073042705404,-0.513829256348877,0.121312853229082,1,1,0,1,0
1,1,-2.1481613769412,-0.16204486936702,-0.341832509096704,1,1,1,0,0
3,2,0.352956186813088,2.35884588417762,1.58930600884559,1,0,0,0,0
2,0,-0.199721213412136,-0.800351845526065,-0.496024205273355,1,1,0,0,0
0,0,-0.260102676262061,0.771332271925894,1.70567145576182,0,1,1,1,0
2,0,0.433130982655524,-0.817412680675771,0.273263556914491,1,0,1,0,0
0,0,-0.780968398109799,-0.822229597063154,1.15552638284917,0,1,0,0,0
2,1,-0.299477179092987,0.416339991501136,-0.55091153512496,1,1,1,1,0
1,1,-1.56942244109875,-1.01118909855872,-0.0684090186178026,1,0,0,0,0
2,0,-0.750454736327941,0.335503265171712,-0.64569475427693,0,1,0,1,0
0,17,0.305912259336706,0.421423709182089,0.57542983578318,0,0,0,1,0
6,1,0.771871162273863,0.867264413787504,-1.34120638680006,1,0,1,0,0
3,1,0.462249487278739,-1.62350702036183,-0.73800200667411,0,1,0,1,0
3,4,0.227010863139558,-0.706116950807848,0.101329352942211,1,1,1,0,0
0,0,1.06711843774173,-0.85414609432665,1.01085354579742,1,0,1,1,0
1,1,0.413653131639336,0.790796433534278,-0.301275874070228,0,0,1,0,0
7,1,0.921821133674641,1.53731312547607,-0.557951288979577,0,1,0,1,0
0,2,-0.992557698260626,0.654731401251626,0.250824386071259,0,1,0,0,0
0,2,-1.33994581620378,-1.2140593463411,-0.430719119149939,1,1,0,1,1
2,0,1.91868322617206,0.381719914414727,-0.517854460621493,1,1,0,0,1
1,6,0.707564874891888,1.13981906510843,1.1900505817565,0,1,0,1,1
20,3,-0.837841764688569,0.747657566776676,0.31720909252654,0,0,1,1,1
1,0,-1.26012811041053,0.352032062483407,-1.14014421728067,0,1,1,0,1
4,2,0.273652043324261,0.73314400126266,-1.54312144032902,1,0,0,0,0
6,3,0.351967970847773,0.541094321654271,-1.9912362589345,0,1,1,0,0
1,5,-0.551277413868724,0.0416273224992856,1.24782215681511,0,1,1,1,0
2,1,-1.77765705494394,0.118590863489589,0.866693184680487,0,1,0,0,0
1,0,-0.897004134754906,0.618232958813901,-0.106129537818073,0,1,1,0,1
2,1,1.12485357166735,0.600919598253318,0.852842578834403,0,1,1,0,0
1,1,0.100329369659736,-1.28685417423998,-1.14233011472735,1,0,1,0,0
0,6,-0.114988389112475,-0.555910158744835,-0.655429703835187,1,1,1,1,1
4,0,1.19174970137863,-0.205650135549043,-0.750884162507254,1,1,1,1,0
1,0,0.875072031116909,-1.12764209125057,-0.668551067295001,1,1,1,0,0
10,0,1.28986841281651,0.7353680713192,-0.368931419041884,0,1,1,0,0
6,0,0.285829732259875,-1.45285849177534,-0.209902619973526,1,1,1,0,0
8,1,-0.820048871918524,-0.241806444097648,0.178826684369048,1,1,1,1,1
3,3,-1.15189723168337,-1.21028122190716,-0.78197287753061,1,1,0,1,0
2,3,-2.05229540904382,-0.717013828757868,-1.08803640180199,1,1,0,1,0
2,2,-0.814268804191036,1.499859456382,-0.0116513605084453,1,0,0,1,1
3,0,-0.228121039940182,0.0438730434284649,0.210245353559713,0,0,1,0,0
4,4,-0.571769741552849,1.53507077347111,-0.759309512136309,0,1,1,1,0
0,4,-0.46426969977293,-0.456150559921893,1.47180987618256,0,1,1,0,0
3,0,0.0412350856566649,0.8831811362513,-0.450034741268018,1,1,0,1,1
5,2,-0.743567123573395,-1.42315166633198,-0.122775018507102,0,1,0,1,0
0,1,-0.116254988838765,0.18813354678573,-0.960013817044255,0,0,0,0,0
0,0,0.236356144239767,-0.0412017737493061,-0.458421136092216,0,0,1,0,0
1,1,-0.218448266126731,-0.678933825657125,-1.15052571426829,0,0,0,0,1
0,1,-0.195977350924961,-2.21414206102355,0.229924469121388,0,1,0,0,0
2,1,0.00503318534124582,2.42151674635225,-0.817636462012386,0,0,1,0,0
11,1,-0.413734167540118,0.562620265638622,0.0405032557652432,1,0,1,0,1
2,2,1.49688471762936,-0.150994676124959,0.304902748457711,1,0,0,0,0
4,1,0.431354112985283,-2.29477833936919,1.5188582422267,0,0,0,1,1
0,4,0.309655672501632,1.58655655216975,0.0853447631396435,1,1,1,1,0
2,1,-1.17459960921861,0.410884792568416,-1.22960645927094,0,0,1,1,0
11,1,-0.399657895600551,0.541280861157339,0.331772533311423,1,0,1,1,0
0,0,1.05676016105623,-1.05060925706845,0.929099340359103,1,0,0,0,0
0,1,0.533627843346102,-0.0668628122839472,-0.980020490732984,0,1,1,0,0
2,0,0.834741871473505,-0.680021570547033,-0.573200777494139,1,0,1,1,0
1,2,-1.71061909832857,-0.173412809756207,0.218999175123616,0,0,1,0,0
0,2,0.550519582839216,0.445330100794338,-1.03006251576112,1,0,0,0,1
4,2,-0.890872713884569,-0.551354754655411,0.527522063414877,0,1,0,1,1
3,0,0.427083038393741,-1.94093918087797,-1.49576494205897,1,1,0,0,0
0,5,0.305188462883455,-0.200467096536769,-0.731827404441494,0,1,0,0,0
0,14,-1.07129690598776,0.859096637836589,-0.235428340590896,1,1,0,1,0
2,0,-1.3240255632311,-0.697041678099549,-0.395926930786662,1,0,0,0,0
2,0,-0.0687073203754276,-0.911726306801652,-0.326618109269157,1,0,0,0,0
0,1,-1.38086373302224,-1.20188578002215,0.808154050032732,0,1,1,1,0
7,0,0.69529151270054,-0.16897636414006,0.401080760341372,1,1,0,0,0
6,5,0.608387818698569,-0.953776953475449,-0.684611916166157,1,1,0,1,1
3,1,-0.52011167627851,-1.15876128289782,-0.807859051573978,1,0,0,1,1
2,21,0.470287037842744,1.67264047934523,0.83871539363915,1,1,0,0,0
2,1,-0.653776059217278,0.466690585729751,-0.0834201552258151,1,1,0,0,0
6,2,1.0752693215705,0.560531732067131,0.218406182698305,1,1,0,0,0
1,4,-0.974823935107442,-0.596017862489872,-0.121203876935862,1,1,1,0,1
2,1,-0.247115300578852,0.934877082897003,0.966702598402502,1,1,1,1,0
2,3,-0.747059415709536,-0.438112180777936,0.082197116844179,1,1,0,0,0
2,2,0.675602170563905,-0.255006823852975,-1.41751895937598,0,1,0,1,0
0,1,-0.149598109629568,-1.11876157116066,-0.624871402687527,0,1,1,1,1
0,1,0.431657519048056,0.782476419183928,-0.551029210495911,0,0,1,1,1
2,1,-0.479961191126508,0.160078009261657,-0.194776613957259,0,0,0,0,0
0,5,-1.73240686928006,1.22766834387586,0.928275413217282,0,1,1,0,0
1,8,0.87025566493161,1.49541489225081,0.449674733980824,1,1,1,1,0
3,0,-0.634789009156801,0.00986628733369642,-0.00735293018619906,1,1,1,0,0
5,4,0.665639293981565,0.758839268501549,-0.546230863363012,0,0,0,0,0
0,1,2.27865751975233,1.25503187321324,0.717659552099344,1,0,0,0,0
3,0,-0.688691256358845,0.827920301577759,-1.27436519816102,1,1,1,1,1
1,0,-1.47570249282525,-0.458737863574499,-0.997118597150133,1,1,1,0,1
0,0,-0.240091591682657,0.883477174640251,-0.136747299611737,1,1,1,0,0
1,1,-0.621792328681725,-0.138690252244272,-0.19087914603362,1,1,0,0,0
3,0,-2.07946981077781,-2.16308533633786,-0.0970699313887817,0,1,1,0,1
1,1,0.770392749582235,-0.457530376102004,0.717293791759969,0,1,1,0,0
5,3,-1.70321957153675,0.349974294452737,-0.344893711243188,0,1,1,1,0
0,0,0.267342753151093,-1.36555641585447,-1.05135417576823,0,1,1,1,0
3,1,0.82375384814046,-0.614592845022537,-0.978105053701162,0,0,1,1,0
8,1,1.16409290101994,-0.777296592240956,-0.927573640417532,0,0,1,0,1
2,3,0.737127922310511,-0.190573794960825,1.04084037761749,0,1,0,1,0
1,0,-0.420614933643249,-0.719820375579206,-0.885641623634304,1,1,1,0,0
1,3,1.119515455082,0.226047055949107,-0.372007860521709,1,0,0,1,0
3,2,0.167206529956563,-0.0794444622246608,-0.849115928513864,0,1,0,0,0
1,1,-0.939485368376678,0.234117679110926,-0.213100387270953,0,1,1,0,0
0,0,-0.279268408111647,-0.917793239589884,1.58070307009516,1,0,1,1,0
0,1,-0.622999899311516,-0.823987479649643,-0.8084289365551,1,0,0,0,0
3,1,0.70531696409298,0.827086990810204,-0.277113604773414,1,1,1,0,0
3,1,0.802766349812531,1.98503671047434,0.342963974934058,1,0,0,0,0
0,2,0.888410526867956,-0.212827343467802,1.2367016159663,1,1,0,0,0
1,3,-0.825456836154413,-0.103019954119819,1.38098387309572,1,1,1,0,0
2,3,-0.725108608221018,-0.488296337359384,1.89561074803733,0,0,1,0,1
4,0,1.25811921234356,-0.337405679821962,0.365157391711179,1,0,0,0,1
1,0,-2.13127810529374,-0.0348392878521247,-0.594033606570324,0,0,1,0,0
0,4,-0.472634267264463,0.419726794543416,1.09404211576461,1,0,1,0,0
3,1,1.84513717301711,-0.394570703619005,-2.22520077174995,0,1,0,1,1
1,0,-0.38549200954774,0.922935384690845,-1.16187241045848,0,1,0,0,0
0,1,0.436716232520864,-0.117477412240694,0.949486033907876,1,1,0,0,0
1,5,0.69476890854478,-0.724064222077259,1.35104931657684,0,1,0,0,1
0,2,1.48347814782377,-0.347732302093949,-1.29863181396096,0,0,0,1,1
0,1,-0.470913412928924,-0.60234075753457,0.527786494283041,1,1,1,1,1
2,1,-0.529665735810238,1.7197099245788,1.04814557597874,1,0,0,0,0
0,10,-0.0939492752809931,2.38264071957919,-0.461974616026503,0,1,1,0,1
1,2,0.268999627794738,0.418877111651661,-0.613902060862193,0,1,0,0,0
4,1,-1.17883740254381,-0.422606888244114,1.37902553243003,1,1,1,0,0
0,0,0.977230636617834,-0.807191459733637,-1.27154487503158,0,1,1,0,0
3,1,-1.47183589754428,-1.7195108690451,0.240994106453773,1,1,1,0,0
0,0,-2.54670138748319,0.201076373472642,-0.501964102522486,0,0,1,1,0
2,2,1.84500469344905,0.329911594506391,-2.70859465367036,0,1,0,1,1
5,4,0.474248794400132,1.67340079472044,-0.111490683948873,0,1,1,0,0
5,1,1.14074023466111,2.20320496431676,0.202100010777424,1,1,0,1,0
15,1,-0.336558203742127,1.79941254669344,0.25102723232249,1,0,0,1,0
9,3,0.404978253868548,-1.47268891340272,-0.0386938884977604,1,1,1,0,1
1,0,-1.20973585070339,0.442850704015541,1.34500026251439,1,1,1,0,0
0,0,0.194011195120595,-0.041269000221788,-0.849612256572835,1,1,1,0,0
4,3,1.79792633039734,-0.221264577729718,-1.28407094666335,0,0,1,1,1
0,1,0.345477426324299,-0.628171195664944,-0.934994074416194,1,0,0,1,1
15,1,-0.032279081053165,-0.685552859609324,-0.876934309173027,1,0,1,0,1
3,2,0.267542836534285,0.0475585432012106,-0.485320399277998,0,0,0,0,0
5,0,-0.453383324203501,0.0443214636674116,-0.0662478797241067,1,1,0,0,0
5,1,0.955282907873008,-0.544734238507519,0.363637365190607,1,0,1,1,0
2,2,0.421903059649076,2.19290062041041,-1.70400577990047,0,1,0,0,1
2,0,-1.58695375981935,0.0107967082899902,-1.49703299777238,0,0,0,1,1
8,6,1.51160636397727,0.677689811875449,1.58333030873469,0,1,0,0,0
0,2,-0.304279325358955,-1.50343736557164,1.47943013421057,1,0,1,0,0
3,4,-1.02154317393284,-0.50979169017974,-2.37672151355574,0,1,0,1,0
4,9,-0.427106364949722,0.321465283150721,0.439019827851627,1,1,1,0,1
0,3,-1.23748273892299,1.38502278306038,0.413495670649419,0,1,0,0,1
6,2,-0.522776220906201,0.210127608701803,-2.00267047393457,1,1,0,0,1
8,1,1.17179441059897,0.114305865028309,-0.539993193661477,0,0,1,0,1
2,1,1.57795435204273,-0.663774282014595,0.783869097570993,0,1,1,1,0
2,4,0.450548273980034,0.428510750170194,1.22064960050918,0,1,1,0,0
3,1,-0.636344555559549,0.649243807717461,-0.72425144414541,1,1,0,0,0
1,1,-0.00627756116582024,0.181202560113871,0.613795985294786,1,1,1,0,0
2,2,1.31016681450888,1.17838960983604,0.101866355779788,1,1,0,0,0
2,3,-0.206222689435822,0.257951107095448,1.01521510423198,1,0,1,1,0
0,3,-0.280937266628649,0.597807621640047,0.294168398214236,1,0,1,1,0
3,0,3.2863934920191,0.41102605573436,0.384880040490526,0,0,0,0,0
4,1,0.192988039967305,-0.135920603615906,0.0707618623058767,0,1,0,0,1
2,3,0.45246831620889,0.408398269591854,-0.213443886155108,0,1,1,1,0
4,3,-0.0876467125751756,0.7496452614306,0.381359455566563,1,0,1,1,0
1,0,1.03965620962806,0.305334183404965,0.277116996060282,0,0,0,0,0
4,5,-0.53253487449147,0.196091284877336,1.77626138095408,0,1,1,0,1
2,0,-2.28796875321232,-0.262904725952438,-0.690929811403997,1,1,1,1,0
0,2,-0.944091874440389,-0.542000259201293,-1.43207673365028,1,1,1,0,0
9,1,1.66328196897448,0.850667388369707,-1.05683479501299,1,1,1,0,0
0,0,1.30510206939015,-2.02479651730869,1.58548369482629,1,1,0,0,0
6,0,-2.02055167227194,-1.48288009852876,0.812428405856764,1,1,0,0,1
0,5,-1.7785759711782,0.0432502156369687,-1.18882989915436,0,1,0,1,0
1,1,0.370988421864402,0.950014906593213,-0.233158882464861,1,1,0,0,1
1,2,-1.4320863731248,0.938807057847645,1.02393580131394,1,0,1,0,1
3,0,0.398623119741117,1.44937076870016,-1.69650248558648,1,1,1,0,0
2,1,0.849787902787366,-0.152682769649417,0.826300037367794,1,1,0,1,0
2,0,0.296054768330518,1.29790572085075,0.0417290268570259,1,0,1,0,0
1,1,-0.713524753913617,-0.977488412528903,0.536767238317219,0,1,0,1,0
13,0,1.13245780090167,0.547206888496398,0.295332741238894,1,0,0,1,0
0,1,-0.646765242168904,-0.200590508571278,-1.29613253828592,1,1,0,0,0
1,0,0.0260323583573398,0.0940640440892828,-0.437180096733432,0,0,1,0,1
4,1,-0.508370226853385,-0.282392853559137,0.67534854952507,0,1,1,1,0
3,0,1.89857634309614,-0.0809591466695303,2.01658273158871,0,1,0,0,0
2,1,0.449064024146676,0.177737257353703,-0.664812556521602,0,1,0,0,1
1,0,-0.44216624918117,0.113626071433816,1.11206263434105,0,0,1,0,1
19,2,1.18131444129095,0.674712592422891,0.550959776579934,0,1,1,0,1
0,1,-0.255913991438726,-0.630005760051169,0.479895228379314,0,1,1,0,0
4,0,1.02938329099232,-0.0168708738460607,1.31945367544703,1,1,1,0,1
1,1,-0.364041674445879,-0.0263348549823952,0.0512054021199823,0,1,0,0,0
0,4,0.738664279691862,0.681011027970048,-0.177532901972739,0,1,0,1,0
0,4,0.762485312413958,1.12011029551323,-0.494489929578866,0,1,0,0,0
1,3,0.243820093127819,0.128339040584951,0.129380037051436,1,1,0,0,0
6,1,0.0897024831761596,0.508556496477515,0.0133334934914811,1,1,1,0,0
4,2,0.421432790658934,-0.547393584978516,0.0670940028812631,0,1,0,1,0
2,0,1.95045752845764,-1.66390301830927,1.41175412295685,1,0,0,0,1
1,3,-0.561546213742581,-0.436728078103301,0.148458785191832,0,1,1,0,0
1,3,0.664154558471518,-0.981444185239,0.269702308197365,0,0,0,0,0
0,3,-0.374474255261088,1.79785506265785,1.81840756669343,0,1,1,1,1
4,1,-0.682017968561109,-0.0770147848617885,-0.061648439100682,0,1,0,0,0
1,0,-0.168145338519772,-0.181478879153944,-1.30651178640014,1,0,0,1,0
0,3,0.635500398482189,0.457600247844034,1.69960297073913,1,1,1,1,0
14,0,-0.196873171697068,1.77230654495376,-0.654706504369157,1,1,1,1,1
0,0,-0.437112167353099,-1.0697207164843,-1.55395849992787,0,1,1,0,1
2,6,0.63084303967188,1.29871122353536,-0.879902690133743,0,1,0,0,1
0,0,-0.15075626857599,-0.639231303955606,0.578422985606731,1,1,1,0,0
0,0,1.14473772296665,0.736348356599784,-1.53392832800939,1,1,1,0,0
3,3,-0.000974031875952176,-1.95040489823528,-1.36450959136657,0,0,0,1,0
0,0,-0.49473605899009,-0.755847662214731,1.73732258345872,1,0,0,0,0
10,0,1.23240027737847,-0.647572073646692,-0.933560390219586,1,0,1,0,0
2,2,-0.0633866958873519,-0.567678586080853,1.28556393941148,0,1,0,0,1
6,2,1.3968986072285,-0.637123369692474,-0.209451483130926,0,1,1,1,1
1,2,1.03678034913725,2.70003503344287,0.704076277667145,1,1,0,0,0
4,0,1.14167092803321,-1.44171377701667,-0.0156458130750107,0,0,0,0,0
2,0,-0.779421752973752,-0.686803687720875,-2.12043426151271,0,1,0,0,0
1,0,-0.955398207839828,1.02447625535728,-0.441004769452255,0,1,1,1,0
0,1,0.102247107854443,1.39990654440328,-1.29490242508952,1,0,1,0,0
5,0,1.39980866609934,-0.492332246880547,0.968047851463887,0,1,1,1,0
4,2,-0.402828811431317,-0.963608282833609,0.675986587434924,1,1,1,1,0
1,1,-1.34788793043457,-0.36750042824411,0.810441088406529,1,0,0,1,0
2,2,-0.465124559279267,1.25350516813431,0.933508511922258,1,1,1,1,0
2,0,0.0734014126612619,0.337965788593238,0.195760388679781,0,0,0,0,0
2,2,-1.3437469186602,-0.173037802397812,1.05051396117475,1,1,1,0,0
0,4,-0.56500291923829,0.967919860457365,0.565567287855691,0,0,1,0,0
0,4,0.843634637920376,1.15711420497367,0.348827517244346,0,1,0,0,0
0,3,-0.0535983793171819,0.148458616659768,1.63321310070317,0,1,0,1,0
0,0,2.30807374801934,-0.82389649419032,1.02146608585476,0,1,1,0,0
2,1,-0.459360397895655,-0.576184061487043,1.65430354722469,1,1,0,0,0
3,2,-0.827753746624899,1.55942166946116,0.843568659005829,1,1,1,0,0
0,2,-1.97773928561916,0.840566718038427,1.58458113776872,0,0,1,0,0
0,1,-0.651274276412505,-1.43938517649281,0.0600069435134404,0,0,0,0,0
0,2,-0.698121318131776,2.07614507329152,0.551966350305525,1,1,1,0,0
2,1,-1.24925558771799,1.54440060135086,0.144076140458777,1,1,1,1,0
0,2,-1.12656197841216,-0.70079241643686,0.456950865271846,1,1,0,0,0
12,5,0.983588600508028,-1.96631308313195,-0.0287292069516361,0,0,1,1,0
2,1,-0.424505176199174,0.888143031598895,0.189914941641191,1,1,1,0,0
1,1,0.240441789950573,0.698055921793799,-0.962070959215172,0,1,0,0,0
3,2,-0.473384461515612,1.79111046924835,-1.24972386868847,1,0,1,0,0
0,4,1.86658317681895,0.770313713388578,-2.59644942396444,0,1,1,0,0
0,1,-1.40200875349785,2.13113349474937,0.401500209296102,1,1,0,1,0
4,0,-1.02468800288016,-0.930697153461878,-0.923941237992949,0,1,1,1,0
0,1,0.43152297619586,1.74864159634465,-0.554180249222864,1,0,0,0,0
1,0,-0.87618684569473,-0.967646617246072,-1.3425773424016,0,0,1,1,0
1,0,-1.12552296872278,-0.0962989736240897,-0.67235493527669,0,0,1,0,1
0,1,-1.84578503780545,-2.5886542124127,-1.08679783168663,0,0,0,1,0
4,4,1.32238136940975,1.42950571803673,1.1363367205058,0,0,1,0,0
8,0,0.689803793909477,-1.52209576651442,1.70041453194067,0,0,1,0,1
3,1,-1.34020653638384,0.873499740554825,-1.83568819931928,1,0,1,0,0
0,0,-0.609907341157432,0.00459783512832943,0.203574693873176,0,0,1,0,0
3,5,-1.72957482784413,1.05110769797246,0.719649964306728,1,1,1,0,1
1,1,1.19865200917685,-0.720151149317029,0.187622107193749,0,0,0,1,1
1,5,-0.648289774887518,0.334691126399611,0.174538170903777,0,1,0,0,0
1,1,1.25997149670284,-1.05255392000576,1.39076148013481,1,1,0,0,0
0,0,0.164050292425933,1.45168395857556,-0.200979494643765,0,1,1,0,0
10,1,1.04533718491125,0.0321180187349963,-0.212520509034676,0,0,1,0,1
5,0,-0.108275473449448,0.193304388849226,-1.93252244635833,0,1,1,1,0
4,2,-0.0663407204134345,0.724878417690049,-1.66962692078986,1,1,0,0,0
5,9,0.958932263247798,1.62498705330107,0.199225970449149,0,1,0,0,1
2,6,0.0425749579756865,1.24868878720541,1.82712558667715,0,1,1,0,0
8,3,0.321469551863058,0.973647787684867,-0.896004291691387,0,0,1,1,0
3,2,0.11374656803684,0.145928966940882,1.45417411277393,0,1,1,1,0
0,1,-0.0717128948219577,-0.314289719249779,-0.170416400981662,0,1,1,0,0
0,3,-0.00117298575187279,-0.593543543692508,0.650162244891496,0,1,1,1,0
0,0,0.59396164117616,-0.963500832540271,-1.73654184892994,0,1,0,0,0
4,2,0.277847438640232,0.56819278998557,1.35640133230384,1,1,0,0,0
0,1,0.181243093191457,0.641452323917545,0.744104348651535,0,0,1,0,0
0,1,0.108245108565435,-1.58898161469899,2.07898658261002,0,1,0,1,0
1,2,-2.5908786524512,1.10964467829578,1.89373276214598,1,0,1,0,0
7,0,-0.0223663862276257,0.14317873348516,0.930481780189736,0,0,1,0,1
5,2,-0.87978786875035,-0.0957869611084825,-0.0923376596160896,1,0,0,1,1
1,1,1.10135107688775,-0.334884870651052,0.973926964205683,1,0,1,1,0
4,4,-0.730867982221769,0.169767345554696,0.0706675591773762,1,0,1,0,0
1,1,1.01699997454919,-0.0249739776940947,0.793670717183695,1,1,1,0,0
2,2,-0.037167115517688,-0.309851815701982,0.576894256526326,1,1,0,0,0
0,4,-0.440975954623676,-0.441002366914978,-1.11305873864288,0,0,1,0,0
5,1,0.26586108290715,-1.40389436923602,-2.49368378525429,1,1,1,1,1
0,1,-1.29089549138979,0.645387842936723,0.17696648053693,0,1,1,0,0
0,1,0.36496623871953,-0.355822239873556,1.44639317591846,0,0,0,0,0
9,0,1.12679755980098,-0.345678079076905,-0.270114619162162,1,0,1,1,0
3,3,0.302894915173622,0.524794243762965,-0.346420431835882,1,1,0,1,1
1,0,-0.819167032676588,-0.390303511482377,0.618213588575626,1,1,1,0,0
3,1,0.163760359867626,-0.21172884953273,-0.311962272769297,1,0,1,1,0
3,0,-0.321959475074093,-0.240055110303314,0.924356724456511,1,0,1,1,1
0,0,-1.35122824897205,1.55375814320029,0.443979938127338,1,0,1,0,0
2,1,-0.142305597648652,1.58207865412932,-1.35602914891248,0,1,1,0,0
4,2,0.938410860438332,-0.339597955741284,-0.344873951783147,1,0,0,1,1
2,0,-0.309965364847697,-1.93253733645846,0.482069306894054,1,1,1,1,0
0,1,-1.17320258673926,-1.19891065240985,-0.760639433229516,0,0,1,0,0
1,0,1.12098626646815,-1.22327652895674,-0.536333451766469,1,1,1,0,0
2,3,1.32992485275055,0.0336961547097891,0.196411814442222,1,1,1,1,1
1,0,-0.181386371979876,0.426080295706401,1.85503454070199,0,1,0,0,1
0,2,-0.851825169886996,0.0719898133572414,-0.189973958982789,0,0,1,0,1
0,0,0.102777337308741,-0.809922593383782,1.93178794674608,1,0,0,0,0
5,0,-0.653439734122558,-0.466484103053313,0.636074379933678,1,0,1,0,0
2,0,-1.89071098129877,-1.46428998910413,-0.216734940803717,0,1,0,0,0
2,1,0.453161113249733,0.968032057511845,0.855353433066726,0,1,1,1,0
2,0,-0.18688110130035,-0.378676568883047,-0.965332741723023,1,0,1,0,0
2,8,-0.536615562438262,0.425561074294754,0.661022425092203,0,0,1,0,1
0,2,-1.02883049562567,-1.09908240135775,0.644011683397584,1,1,0,0,0
1,11,0.140272313514631,-0.162695469255074,0.699159954196915,0,1,1,1,0
2,0,1.63151156925043,-1.32753453060236,1.77101709145413,1,0,1,1,0
5,2,1.42649944469073,-0.848409713035407,-1.35343736183971,1,0,1,0,0
0,0,0.272292241715214,0.7335659177557,0.225067000981867,0,1,1,0,1
2,0,-1.55387822169893,0.14906386982074,1.11556467482794,0,0,1,1,0
0,0,1.79778192687114,-0.0592209974569104,1.00637175759496,0,1,0,0,0
0,1,-0.34033509695056,-0.169755939739881,0.143011937200007,0,1,0,1,0
3,2,-0.186383329040006,0.483250495004298,-0.788070917513726,0,1,1,1,0
0,5,0.882971510658364,2.78801742673662,-1.68434120455769,1,1,0,0,0
1,0,1.17616437816417,-1.16572201171743,-1.37227039582491,1,1,0,1,1
2,2,1.37535715882216,0.0653788001973906,-0.368975746103199,1,1,0,1,1
1,1,-1.54936734610745,-2.0388655489824,0.372959428654192,1,1,0,1,0
2,3,0.289127609754166,-0.701786640118812,0.683691531065709,1,1,1,0,1
4,0,1.27879610279635,2.2272700231185,1.10056688559641,0,0,0,0,0
2,2,1.69820051395274,0.0785942231761503,-0.149524167165998,0,0,1,0,1
0,2,0.638833712623827,-1.2868223218988,1.42337289595399,0,1,0,0,0
6,2,-0.797658269448006,-0.184397033375092,1.07779228626003,0,1,1,1,0
1,6,1.17294334594049,-0.0504952390030548,1.68618407242741,0,1,0,1,0
8,2,0.455886163551905,-0.552715913540936,1.94481684423017,1,0,1,0,1
0,0,-0.761777617126114,-1.94708501740292,-1.2935838789939,0,1,1,0,0
2,1,0.568512927182195,1.20267190509984,1.04959436328116,0,0,1,0,0
1,1,0.297277924086622,-0.616538036803367,0.562578342174701,1,0,1,0,0
0,3,-1.50445360287045,2.15485293199456,0.613588117582789,0,0,1,0,0
2,3,0.755422502523044,0.582246651249298,0.977761526447167,0,1,0,0,0
0,0,-0.364161102428951,-0.695057542372762,-0.653518471565302,1,0,1,1,1
4,1,0.0356287808440213,-2.31899930857147,-0.800846245521462,0,0,0,1,1
0,3,1.34268236972776,0.904235378342533,-1.26244015892749,0,1,0,0,1
0,3,-0.709462123530466,0.362918360943643,-1.23024873901934,0,0,0,0,0
3,2,0.285232262319814,0.998574585325867,1.03072918531495,0,0,0,1,1
1,0,0.678994230596652,-0.0529921122614504,-1.1789722444183,0,0,0,0,0
1,2,-2.61566300307665,0.862732814635372,-0.0184942960031958,0,1,1,0,1
8,0,0.50518574562501,0.652208576667491,-1.3493127488395,0,1,1,0,1
1,0,-0.297256408929189,-0.221676610060591,-0.478799349364343,0,1,1,0,0
0,3,-2.41269214678648,1.91622103105677,-0.618315054496074,1,1,0,0,0
0,1,0.243798887973565,-0.7612447306082,0.276417439511545,0,0,1,1,0
4,3,0.655721053390452,1.27888120325565,0.651665520959712,0,0,1,0,0
0,2,-1.28014751027035,-0.0174122056629973,-0.326114468198593,1,0,0,1,0
3,1,0.228800950505083,0.499627003380333,-0.599996250483387,1,0,1,0,0
0,0,-2.21993836500487,0.218528733462464,1.27110229620721,0,1,1,0,0
3,1,0.697936490693983,0.479494729276122,0.95531730264409,1,0,1,0,0
0,2,-1.50703092935785,-1.23670055460027,-0.260366762879996,0,0,1,0,0
5,2,-0.00954848431390433,1.07048234831395,0.581445357954677,1,0,1,1,1
0,4,-2.11290945129845,-0.326458144914801,1.50678612135911,0,1,1,0,1
2,0,0.735108991411505,-1.15243265252553,0.518022624237595,1,1,1,0,0
0,0,0.793611400121134,0.270690114954594,-1.65028503403374,1,0,1,0,0
2,0,-0.985622277329879,0.439965394864239,0.508671084196312,0,0,0,0,0
0,2,-0.799892588548905,-0.980190170179085,-0.249513847273966,1,0,0,1,0
12,0,-1.08714701926876,-0.747673948382592,-1.67105184513851,1,0,1,0,0
3,2,0.751244351747911,-0.252236444668024,1.18014778429543,0,0,1,1,1
10,5,0.658357504035786,2.8597767481587,0.985011763602297,1,0,0,1,0
4,1,0.0172672754668699,-0.075362090017083,-1.21206802871657,1,1,0,0,0
3,1,1.28232740693521,-1.90384228147435,-0.079949679328933,0,1,0,0,0
4,0,2.5268996014742,-0.740381451729185,-0.307256707027922,0,1,0,0,0
0,2,0.226051925255074,0.779847465570162,0.691835645083057,0,1,1,0,0
1,2,2.25093936082881,0.457028446368108,-0.350256806061028,1,0,1,1,0
0,1,-0.144222412675674,-0.55923757204975,-1.70816590634618,1,0,1,1,0
0,0,1.91394316551537,-0.179125369103956,0.367456030214098,1,1,1,0,0
1,5,-0.473077684169064,0.94908970318169,1.50090408343775,0,1,1,0,0
0,6,0.2841197416948,-1.39384866738823,0.938211843391711,0,1,1,1,0
0,2,-0.372857280024432,0.188493795066694,-0.0236988224486107,0,0,1,0,0
0,4,-3.05846296563838,0.256611667986475,-0.525864330658494,0,1,1,0,1
1,2,0.143357151833144,0.185143380664802,-1.64795408979356,1,0,0,0,0
3,2,0.0325013254739696,-1.8230554958911,1.16594698408311,0,1,1,1,1
0,1,1.57140908451537,-0.334491571169464,-0.270503402678011,1,1,1,1,0
3,2,-1.01848997509812,0.808338628628804,-0.99703962151548,1,0,1,0,0
6,3,0.171461983217393,0.957068172442411,-0.210413010188883,1,0,1,0,0
5,0,0.333205633934277,-0.844445374556706,0.00642933980868205,1,1,1,1,1
0,0,-0.448609852633357,-0.811174590587661,-0.962652335236409,1,1,1,0,0
3,3,-0.381384306994983,2.06281315126768,-2.00556659569716,0,1,1,1,0
3,2,-1.15120965563467,0.997178052779046,0.320947482744128,1,0,0,1,1
2,0,1.98034688341938,1.70866659499471,-1.28349647039423,1,1,0,1,1
1,3,-0.887203085383229,0.853696123980481,0.370056415874956,0,0,0,1,0
1,0,0.178297192804743,-0.703959443307916,-0.652139089144642,0,1,0,1,1
0,0,0.426365527004837,-0.429423884696772,-1.19835043670268,0,0,1,0,0
6,5,-1.72622543247385,-0.529947757614232,-0.601716313544838,1,1,1,1,0
0,9,-0.537437896152057,1.57988747514833,-0.326362089887705,0,1,0,1,0
2,0,0.723733692624811,0.488818702662133,-0.581664817928201,0,0,0,0,0
0,5,-0.804885180419163,0.60566456565251,-0.152569516277631,0,0,0,1,1
3,4,1.37660174200307,1.18728412273589,3.19970159468422,1,1,1,1,0
3,1,1.04099895485798,-1.14847629833383,-0.137436854768878,1,0,1,0,0
1,4,-1.10541802038377,1.05945706885541,-0.342077884572969,0,0,0,1,0
7,8,-2.05962592268245,-2.09046844493104,0.664961351798775,1,1,0,1,0
2,4,-0.724389448743698,-1.48490145833873,-0.592029610849637,1,1,1,0,0
0,4,-0.412799984850787,1.32857490310144,0.963296777273246,0,1,1,1,1
1,8,0.0894624795395507,-1.40644852015008,0.64858115968884,1,1,0,1,0
8,0,0.965691333197443,1.4479981355329,-1.28024052018593,1,0,0,0,1
3,2,0.611586467230105,-1.58440298277374,1.1936698807714,1,1,1,1,1
1,3,-2.23041811038134,-0.234567091072795,0.24527204901787,0,0,1,1,0
7,4,0.333505810933781,0.086224563302104,-0.958214560189757,1,0,0,1,1
1,2,1.3336666315605,-0.854182734215563,1.49261865119239,1,1,1,0,0
5,1,-0.35457979146131,0.699190680080382,-0.348396809571216,0,0,1,0,0
3,0,0.623727910789933,-0.663032347301221,-0.0451310900639025,1,0,0,1,0
1,0,2.50757417323682,-0.190909891114115,-1.56675090947626,1,1,0,0,0
0,0,0.0551040166337163,1.13519937975274,-0.546018524196437,1,0,1,0,0
3,2,1.05009160116554,0.460020035134535,-0.747547635416112,1,1,0,0,1
9,17,1.84559858576583,1.82498602608111,1.86517004762043,0,1,0,1,1
6,0,0.658958420359112,-0.148077475143045,-0.257084390223347,0,0,1,1,0
1,7,-1.76833859640474,-0.90775490378245,1.02875950475598,0,0,0,0,1
0,1,1.4779261810268,0.044085339761543,-0.523541616294343,0,0,0,0,0
2,0,-0.59881122423027,2.10533043030052,0.544618451823094,0,1,0,1,0
0,0,-0.20834654389326,-0.868864799785817,0.876903989196983,0,0,1,1,1
5,1,-0.0667702205224116,-1.92626715005335,-0.727043271185413,0,1,1,1,1
6,0,2.10454253775885,-1.07542095988584,0.432913777121534,0,1,1,0,1
3,0,0.384911498989712,-1.03042045763659,0.0289016946161396,0,0,1,0,0
2,2,-2.48022212749863,0.291430347401497,-0.595520228248888,0,1,0,1,0
1,3,0.206691839246211,0.0795037822617123,1.24034662090302,0,0,1,0,0
3,3,0.406268364442178,0.533233286319226,0.878682172435119,1,1,1,0,0
4,0,0.0767279448375845,0.901074012896954,-0.300449562906179,1,1,0,1,1
0,4,0.622644581254757,-1.06938509434945,0.874618242472139,1,1,1,1,0
1,1,1.37268725970398,-2.95544721008707,-0.515009651454937,0,0,1,1,0
7,2,-1.18596609036151,-0.195462589010873,-0.151682067232825,1,0,1,0,0
0,2,-0.0326770487579182,-0.110499780223365,0.638099679828637,0,1,0,0,0
1,3,-0.383358652036109,0.694182322150675,0.756461658718267,0,1,0,1,0
1,1,-0.16228187871396,-1.10099018919034,2.14578541665239,1,1,1,1,0
5,1,-0.604828904332291,-1.24872078613502,1.6580628878388,0,1,1,0,0
4,2,0.155315056819976,0.720148209535164,-0.0587583381281933,1,0,1,1,0
2,0,-0.148602803803102,2.76813095527688,-0.786435239572274,1,0,1,0,0
0,5,-0.258194584550153,1.29609222596067,-0.186879361821632,1,1,1,0,0
2,1,-2.3952187197797,-0.62733383972652,-1.0158887144525,1,0,1,1,1
4,2,-0.76340433748113,-0.645485758410187,0.251811396191852,1,0,0,0,0
1,1,-1.86748863752499,1.01514768360643,1.15938167097742,1,1,0,0,0
0,1,0.767361967256909,0.878734514722054,0.31969123237516,0,1,1,0,0
2,1,-0.271243769975234,-0.342358267601769,-0.296439395634746,0,1,1,0,1
2,3,0.391272723831917,-1.6869297857707,-0.69784247445842,0,0,1,0,0
2,1,-0.556085818602144,-0.647736474761552,0.769315887730716,1,0,1,0,0
4,0,1.3505458605202,-0.742060073811065,1.77732510996137,0,1,0,1,0
4,1,-0.930693070065204,-0.766568730700601,-1.35240788992423,1,1,0,1,0
1,1,-0.0946116328420309,-0.0245926188497369,2.32022942768758,1,1,0,0,0
1,2,-0.31865655065057,2.40467894739487,-0.357704816364124,1,0,1,0,0
0,1,0.670392562645895,-0.204514678981055,-0.433976318436658,1,1,1,0,0
6,1,1.14610764349164,-0.261442763201771,-0.880162300132674,1,0,1,0,0
5,4,-1.040692823283,0.29005730418382,-1.1426517895589,0,1,0,1,1
3,0,-0.777139719924799,-1.44615602705851,-2.03764057714103,0,1,1,0,0
0,0,-0.560267783576731,1.43019626328349,0.372053115956657,1,1,0,0,0
1,0,-1.54671648042337,1.52586381683913,0.153139382154911,0,1,1,1,0
0,1,0.829409161589246,-0.0745514508738767,0.759897772126686,0,0,0,0,0
0,1,-0.656430628054394,-0.306272860824126,2.31435041863918,0,0,0,0,0
4,2,-0.771963900852485,-0.121931224492346,0.439436360630759,0,0,0,1,0
7,1,-0.322312432660953,0.261195545662611,-1.59173489899435,0,0,1,1,1
2,0,0.677054685709613,0.470937374894416,0.487697745235311,1,0,1,0,0
1,1,-1.24138441949389,-0.20447707871302,0.870116741267347,0,1,1,0,0
2,2,-0.479886378384815,-0.877365538152343,-0.709769109541247,0,1,0,1,1
2,2,-0.128399276818601,-0.469441857329029,0.0565074147458646,0,0,0,0,0
2,0,0.474773845871657,-0.458108115060722,-0.660731265861384,1,1,1,1,0
3,0,-0.641286901243125,-1.21485432662478,0.0607633171838251,0,1,1,0,0
0,0,-0.000486434843818393,0.791829289050825,0.780821980059204,1,1,1,0,0
3,0,0.69266886757402,-0.212196608842477,0.66473788173461,1,0,1,0,0
0,3,-0.630108742887993,-0.3057608381228,-0.175712966039788,0,0,1,0,1
28,0,1.65611225799248,0.600257514197296,-0.301802625057162,1,1,0,0,0
1,2,1.60748473001724,-1.269841912613,1.00605584320592,1,0,1,0,1
3,3,-2.00768139295732,0.723211336354809,-1.42763908030118,0,0,0,1,0
2,0,0.985287708557355,0.00283851767077395,0.203049845498994,0,1,1,0,0
0,4,-0.671878014494179,1.18427377299256,1.40543080842365,0,1,1,0,0
9,1,1.79560688835131,2.46366493189816,1.96831286473308,0,1,0,0,0
0,0,-0.816711060987653,-1.17741999438438,1.05785427255258,1,0,1,0,0
0,1,0.376095259157626,-1.42948237396394,-0.466433994770085,0,1,1,0,0
1,3,1.61492189473603,0.1589367967868,0.0547443703136604,0,1,1,0,0
7,0,-1.55496358439168,-1.21823025310488,-0.43123401447159,0,1,1,1,0
2,0,0.773423589058292,1.22639198669904,0.11589737985731,0,1,0,1,0
1,3,1.13455967490539,0.492812051990068,0.188814404449671,0,1,1,0,0
3,0,1.24089619127573,-1.87565598521637,-0.922647328487462,1,1,0,1,0
0,0,-0.944030124476794,-0.049776278912813,-0.364968898156588,1,1,1,0,0
3,0,1.73720424044982,-0.67221511867529,-1.05244203174437,1,1,0,0,0
1,3,-0.108368716054875,-0.920897899109988,-1.09660451516213,1,0,1,0,0
5,2,-0.875317230712817,-0.512046725145703,1.41448126280983,0,1,0,1,0
2,0,-0.207346131642204,-1.12296209618066,-0.12065266435416,1,1,0,0,0
1,0,0.528634790541528,0.282368833878786,-1.21146645968915,1,1,0,1,0
1,2,0.732960421463418,1.55326593599902,-0.448934913239793,1,0,0,1,0
3,0,1.54363745009096,0.55527165934086,-0.607050926252681,0,0,1,0,0
3,2,-1.43317890479179,0.667144006204304,1.44232727950351,1,0,1,1,1
1,1,1.23490849087958,-0.209109723196225,-0.982185819247298,0,0,1,1,1
4,0,0.97789171042458,-0.70340300269332,-0.248667955575458,0,1,1,1,0
1,0,-0.0475857955511227,1.4416371532689,-0.892906876455714,0,1,0,1,0
4,1,-0.00519937162361392,0.054272616771871,0.378644504300488,1,0,0,0,0
2,2,0.375178589891035,-1.76231609327401,-0.834426583466797,0,0,0,0,0
2,1,0.0933648360840109,0.563153637359726,-0.520158252063169,1,1,1,0,0
0,2,-0.982410130593325,-1.7946534704347,-1.13304636891446,0,1,0,0,0
3,7,-0.489989119734013,0.00629606943659971,2.52103957631514,0,1,0,1,0
0,0,2.39988146958953,-0.762565678987409,1.36865575629651,0,1,1,0,0
1,2,-0.90315555477167,0.945959811102253,-0.217356964147558,1,0,0,0,0
0,0,-1.29516742620288,-0.381267034851203,-1.81183988276586,0,0,1,1,0
1,2,-0.568840147041948,0.604338793955939,-1.57193530754129,1,1,1,1,1
7,1,0.169793245425053,-0.950081904863847,-0.130170805871687,1,1,1,1,1
1,2,-1.02037754245157,0.38537302326893,-0.539161372353508,0,1,1,0,0
3,0,-0.729605510467062,-0.21440592544986,-0.203449494201387,1,0,0,1,0
5,2,1.02650430223629,-0.726750073587506,0.422023096640568,0,1,1,0,1
9,0,-1.35582919071216,0.234300719865489,0.272809438243886,1,1,0,1,0
4,0,2.04286843210838,1.01879249869079,-0.676562794066496,1,1,0,1,0
1,6,-1.12788703254958,0.182949873585567,0.429779093438594,0,0,0,0,1
2,2,0.684924590048412,1.92842733701823,-0.41506536854476,1,1,0,0,1
3,3,-0.823670893230604,0.520890203697133,-0.303191309735226,1,0,0,0,0
0,0,1.43954897550861,-1.34502860901344,0.691805253020646,1,0,0,1,0
1,1,-0.160974636262457,-1.08040309971318,-0.365715788174827,1,1,1,0,0
2,1,-0.183181409498687,-1.01371940311827,-0.273384715727923,1,0,0,0,0
1,0,-0.145031548315761,-0.508129739968269,-2.02565534576499,0,0,0,0,0
1,0,-0.120490262558088,-0.0766613288052789,2.4722854894391,0,0,1,0,0
4,0,-0.115212747377224,-0.686380801745759,-0.505544799912062,0,1,0,1,1
3,1,0.944256014650945,-0.488296634859721,-0.449334430793502,1,0,0,1,0
1,1,1.44268353615577,-0.891078844859689,1.16791975855701,1,1,1,0,0
9,5,-0.968533975752634,1.41096300876469,0.426630220875677,1,0,1,0,0
0,2,0.571069074761598,0.744936625452063,-1.04441379206412,0,1,0,1,0
3,7,-1.70155329191569,-0.226445065821846,0.503131733032769,1,0,1,0,0
4,3,1.375807314906,0.081714971708043,-0.593795202551487,0,1,0,0,0
2,1,0.365111604726398,-0.463412562637016,1.37963457348921,1,1,0,0,0
6,1,0.942522128904086,-0.541514430956436,-0.0322425756980837,0,1,0,1,1
3,0,0.981092180259408,0.67258503713392,-1.56025497575367,0,1,0,1,0
0,1,0.104191529841221,0.481243168169176,0.041778670116536,0,1,1,0,1
0,2,0.336655558874182,1.46800099232857,-1.65253304570684,0,1,0,0,0
0,1,1.3993833479818,1.14165969520201,0.374528795999743,0,0,1,0,1
0,0,1.44175496221168,-0.789312235373181,-1.1417996185383,1,0,1,1,0
1,0,0.634200141362999,0.335675599108057,-0.441957900975007,0,0,1,0,1
2,0,0.573202710515623,-1.21987738563831,-0.223013086837783,1,0,1,1,0
1,5,-0.790535741118315,-1.53304095143068,1.53255946087617,0,1,1,0,1
1,0,0.56929878877726,2.33647313026547,-0.703979707657871,0,1,1,1,0
1,2,-0.638597291173212,-0.100990080604795,0.556007046607106,1,0,1,0,0
9,2,-0.643097578777704,1.33670486412915,-0.277368372634576,1,0,0,0,0
1,1,-1.32609180227809,1.18712194977927,1.21777959032709,0,0,1,0,0
0,0,0.827650916148507,-1.78346727020598,0.691208603518021,1,0,1,0,0
0,0,1.85744073471596,-0.634331767494314,-0.505673362980041,0,1,0,1,0
6,1,0.741476454283577,-1.21297598675829,0.37282986978345,1,1,0,1,0
2,6,0.169848405193189,1.62750699402718,-1.01573037990786,1,0,0,0,0
3,1,1.76962342740425,1.36560428977845,0.747465011907384,1,0,0,0,0
0,1,-0.0453110640141562,-0.611409422592994,0.00356433514319405,1,0,1,0,1
4,0,0.349707951961842,0.122573219420243,-0.0113049778580319,1,1,1,0,0
0,0,-0.0725233330241314,-1.74477508502688,-0.485557861929481,1,1,1,0,0
3,0,-0.205583443715042,1.43473535436836,-1.10781354441156,1,1,0,0,1
0,0,1.47355285854186,-1.12229488604303,0.760153723176073,1,1,1,0,1
5,5,0.892707526019358,-0.189043919454632,-0.706452499494149,1,1,0,0,0
5,1,1.93135499154844,0.877188706247397,-0.854970146653933,1,0,0,0,0
0,2,-0.111647067519296,-0.553855632191989,-0.126707151280456,1,1,1,0,0
0,4,0.944824545825155,-1.28046981161749,0.0889899033379577,1,1,1,0,1
2,1,0.990708647809456,0.815475112085207,-1.2032661657905,0,1,0,1,0
0,5,-0.0534855559901145,-0.836855735531638,0.709052836526897,1,1,1,0,0
2,3,-1.5341554050105,-0.697736568659895,0.216186515104323,0,1,0,0,0
0,1,-1.05459935265913,-0.653786824123542,0.974319395432212,1,1,1,1,0
3,1,0.880334079755888,-0.517192620794356,-2.18373311978393,1,1,0,0,0
2,5,-0.972944064902597,0.483552493565855,0.00556070598130454,0,0,1,0,0
3,2,-0.00203518601183058,0.160846060790751,-0.259318140597176,0,1,0,0,1
3,0,0.215491511622634,1.09587734672259,0.24604263133395,0,0,1,1,0
2,0,0.623395449021784,-1.21240477803571,-0.589856904335322,1,1,1,0,0
1,4,-0.769005355875207,-0.337190373671612,1.1654826518038,1,0,0,0,0
3,0,0.42903519920744,0.435369118720219,1.56390355959918,1,1,0,0,0
1,7,-2.20009627215593,0.30798968915324,-0.874124600567865,1,1,1,1,0
1,7,-0.00544066649686839,0.629806018450562,-1.67992708869499,0,1,1,1,0
2,1,1.15097025147599,1.06926346644518,0.458441618097066,0,1,1,0,0
0,0,-0.565779164220707,-2.08253608198083,-0.31044379859159,1,1,1,0,0
7,4,0.0486798274675567,1.78987441469532,-1.16011130374008,0,0,1,1,0
2,8,-0.649413189470634,1.05239090781848,0.267990582918319,0,0,1,0,1
2,1,0.577429261275117,0.800819139308344,0.613474536783413,1,1,1,0,0
3,0,0.014528095699989,-1.6426297877992,0.857242239823786,1,0,0,0,0
8,3,1.89928447590023,-0.838755946308195,0.519621267300948,0,0,1,0,1
0,2,-0.80057656110009,-0.802464844733466,-1.37976946039466,0,1,0,0,0
0,0,0.0168133692458685,0.557501695070975,1.10743841703733,1,1,1,0,0
6,0,0.833312043933596,0.865222225476154,-1.08611414477334,0,0,0,0,0
0,1,-1.52258066820206,0.822972928472376,1.03459107105345,1,1,0,0,0
3,0,-0.578751317098654,1.13825888793633,-0.414003166355928,0,0,1,0,0
1,0,1.05376019778182,0.974967776214612,0.361231311675454,0,1,1,1,1
10,1,2.2275785271748,1.08857680483065,-0.828345863826974,1,1,1,1,1
2,1,-0.450106999664307,-0.290927525857675,0.564391128049163,1,1,1,1,0
2,2,-0.475653787156009,0.296302691791703,-0.542348920702603,0,1,1,0,1
1,1,-0.409683962324142,-0.180522901210673,-0.763565191914917,1,0,0,1,0
0,2,-0.758888070280013,-0.0283934025632055,0.852530853701066,1,1,0,1,0
0,0,-0.493571280706305,-0.13638775413434,-1.29740347357667,0,1,1,0,0
0,1,0.741066763164376,-0.236565781750767,-0.792430416225326,0,0,0,0,1
2,0,-1.43733504126544,0.182272898141441,-0.755245332160556,0,1,1,1,1
3,1,0.538956340368049,-0.463536085928645,-0.436791061968429,0,1,1,0,0
0,1,-3.30840782290581,-0.464599038935762,-0.24785881806778,1,0,1,0,0
4,4,-0.955688329986032,0.725379488798335,1.63397521992342,0,1,0,0,0
0,6,-0.306247619837947,-0.31997560872645,0.578566214753337,0,0,0,1,0
0,2,-0.405918592460335,0.323801511901094,0.625687845291763,1,0,0,1,0
2,2,0.0517881944644797,0.0143682445031086,0.480333553438078,1,1,1,0,1
2,0,1.98437146247901,3.26943194135563,0.464275009964654,0,0,1,0,1
5,1,-0.591437912062113,-0.445846473330201,-1.39565309266416,1,0,0,1,1
1,3,2.51035226069778,-0.865276254459245,0.454156429739838,0,1,0,1,0
9,0,-0.844958097711239,0.583245958278953,-1.76301918853127,1,0,1,0,0
0,0,0.716289703566246,0.833921795996182,-1.39369778502055,1,0,0,1,1
0,2,-1.17088483735844,-0.400973123636609,-0.691422980017046,1,1,1,1,1
0,4,0.0787726166511113,0.155429330170636,-0.183155983169886,0,1,1,0,0
0,1,1.41268590305526,1.32137083768176,-1.01029118907227,0,1,1,1,0
9,0,-1.97996489945065,-0.324553817405114,0.0326176250938909,1,1,1,1,0
4,2,0.121441336585319,0.889546149699948,0.375575276039591,1,1,1,1,0
1,1,-1.13265731779557,0.103020622090026,-0.499619166286732,0,0,1,1,0
1,1,1.50305168522717,1.45659994968429,-1.82823709513518,1,1,1,0,1
3,2,1.18922741580595,0.455421226192065,-0.167106614951566,0,1,0,1,0
1,0,-0.559320934271925,-0.260122806022912,-0.155296342946564,1,1,1,1,0
4,6,-0.946900539977962,0.0267470453020832,0.822809786363965,0,1,1,0,0
1,3,1.55739141468689,0.222097663282403,0.745542687874014,0,1,0,1,0
3,1,1.21551810066199,-0.354188923190082,-1.59820975712141,0,1,1,1,0
1,0,1.24553479466159,0.957695642173949,-0.367939611564694,1,0,1,0,0
0,0,-0.868604366477504,-1.30301064177599,-0.408891045039839,1,1,0,0,0
6,2,1.09607339207164,-0.109061614412339,0.401838848954974,1,1,0,1,0
0,2,-1.1979848627577,-0.0592950122514164,-1.02382104022063,0,1,0,0,0
1,1,0.23176083444604,0.381808442054197,-0.752095744647072,0,0,1,1,0
0,1,-1.93507095711372,-1.36310596791982,0.0266905940614471,1,1,0,1,1
0,2,-0.759562403166905,1.5259899316102,-0.529003677801329,0,1,0,1,1
0,0,-0.841733354841017,-1.33077676668945,0.371020982412258,0,0,1,0,0
2,0,1.02437555507287,-0.0249184065124724,0.962120079581406,1,0,1,0,0
8,3,0.955364927646063,0.35669794057579,-0.375243724421787,0,0,1,0,1
2,1,0.416022974524661,2.74286654095976,0.378325454534213,1,1,0,0,0
4,1,0.481815047681671,-0.10239646229193,-0.471480459618019,1,0,0,0,0
0,0,-1.39168791952905,1.15523672162362,-0.444889877230689,0,1,1,1,0
7,1,0.910854637347596,-0.173465354347635,-1.8007336566546,1,1,1,1,0
1,0,-0.397754682874877,0.25821709115042,-0.25735762814976,0,0,0,0,1
6,3,0.522492722556666,1.28054366692341,-0.431187934167015,0,1,1,1,0
0,0,1.33949845899914,0.325659402160695,0.5993155710691,1,1,1,0,1
0,0,-1.87605229170433,-0.0289479166480874,-0.810545611737122,1,0,1,1,0
1,1,-0.780127061951323,-1.0059080006879,0.687996521371465,1,1,0,1,0
1,0,0.0452230968867865,-1.10338219403998,-1.12068747860721,0,0,0,0,0
4,5,0.678737033108778,2.04528571383368,-0.634615355481203,1,0,1,0,0
1,1,-0.401802051105983,0.953363304035063,-0.390451881176385,0,1,0,0,0
2,2,-0.498660113723723,1.21324109301144,-0.163554190815199,1,1,1,0,0
0,0,-1.77489881612707,-0.709134791804396,-0.738950830194394,1,1,0,0,1
4,4,-0.191529501102123,2.23991346734732,0.851295816845577,0,0,1,0,0
2,1,0.529744753549286,-1.83787972940201,-0.565128207307332,0,1,0,1,0
4,1,0.0660529045627186,2.22100818193996,-0.156098642196191,0,1,1,1,0
1,0,1.05817877772919,0.222024732061374,-0.296129155024228,0,0,1,0,0
3,2,0.756577336253273,-0.674331725027334,-1.72416545144974,0,1,1,0,0
2,0,0.129398670875964,-0.585773938269145,-0.716791969824282,1,0,1,0,0
5,3,1.74804335873483,1.18467051962832,0.763954282294753,1,1,0,1,0
3,0,-0.308369062916464,0.428120899218286,0.421081014334103,1,1,1,1,0
2,4,-0.0530975580772408,0.292282145805762,1.8235237156508,1,0,1,0,0
2,0,0.346128140440855,-1.01086579322774,0.65540140735833,0,1,1,0,0
0,8,-1.79013973491704,-0.430798947657362,0.924201427121299,0,1,0,1,0
1,8,0.0909237445698157,1.92677512739926,0.0294233505455792,0,0,0,0,0
0,2,1.12631106503857,0.886264210049428,0.105059703828365,0,1,1,1,0
0,0,-0.0755106576168037,-0.495835584904767,-0.989827344571532,0,1,1,0,0
3,0,0.258168600701261,-0.0396500730709447,0.71634202541529,1,0,1,0,0
2,0,-0.0267462909438968,0.200862566787282,3.58749098154966,1,0,0,1,1
3,0,0.933901676211562,0.319198508670885,-0.862528899005429,0,0,0,1,0
2,1,-0.645918698294169,0.983585087614935,-1.16101266786029,1,0,0,1,0
2,2,-0.29818147403283,-0.296479221671685,1.56062206586691,1,0,1,1,0
2,0,-0.195567645157286,-0.0134780473200268,0.350155948726491,1,0,1,0,0
6,2,-0.326817800704707,-1.65310550503678,-0.192296321249776,0,1,0,0,1
7,0,-0.0213437632369976,0.723977442931914,0.167099568275952,1,1,1,0,0
2,2,-0.485046209889872,-0.329001630934069,0.461164140921737,1,0,0,0,0
1,5,1.19072090119014,-0.470413700033815,-0.140603832332514,0,0,0,1,0
0,3,-0.346072093491196,-1.4787243643677,-0.499794647247381,0,1,0,1,0
1,5,-0.863250421621825,-0.132852713687078,2.05038946016494,1,1,1,1,0
3,5,-1.58506032322426,-0.984491940113778,0.052330863438291,0,1,1,1,0
2,1,0.0543818458666089,-0.12751285771838,1.08341303186076,0,1,1,0,0
1,0,0.755071759662646,0.491318724670271,-1.0867154133727,0,0,0,0,0
8,1,0.596111730920837,0.786792631199626,-3.00661215352453,1,0,0,0,0
4,1,0.980378948843119,0.717494242113374,0.319708925902101,1,1,0,1,1
1,0,1.59836007869217,1.04724874941372,0.389188370634508,0,0,1,0,1
3,0,-0.464948528253351,1.35329504370978,-0.205675863490416,1,1,0,1,0
3,4,-0.483697205479896,-0.068966654715076,-0.190543344891563,1,1,1,1,0
2,0,-0.834855429332481,-1.7210546756024,0.0183918365878614,0,0,1,0,0
1,0,1.27917629889984,-0.184458307854519,0.292170662875929,1,1,1,1,0
0,1,-1.49403911124107,-2.76815977907258,-0.260749144251174,0,1,0,0,0
7,0,0.310698990284129,-0.345723982029329,0.826480440066132,1,1,1,0,1
2,3,-0.296281100670437,2.42099490145225,-0.954737885231989,1,0,1,1,0
0,0,-0.501964182432157,-0.628146998354627,-0.0899200257346218,0,0,1,0,0
3,1,-0.302149767997922,-1.17010156133036,0.234619708235743,1,0,1,1,1
1,6,-0.422855106435575,-0.527806280249701,-0.944753744218131,1,0,1,1,0
7,4,0.214749291721792,0.104173571502547,0.805348930672454,0,1,1,0,1
1,0,0.133225724019565,-2.29593630844538,-1.12250539645107,1,1,1,0,0
3,0,-0.754441827646669,1.22944835134209,-1.60313159873175,0,1,0,0,0
1,0,-0.0868469383343843,-1.16808997432761,1.13872482162314,1,1,1,0,1
0,4,1.01605197442111,-1.53312897022788,1.64919468931144,0,0,1,0,0
0,2,-0.862060190764233,-0.884200226193407,-1.10967575046017,1,1,0,0,0
1,3,-0.079029789879793,-0.798280049813864,1.19886772262819,0,1,1,0,0
5,3,1.13293005281761,-0.464713666611683,1.54258758756524,0,0,1,0,0
7,1,-0.175382427291657,-0.644559351856022,-0.49453673122798,1,0,1,1,0
1,6,0.500384573515238,-0.0438900368923774,1.51836121423089,0,1,1,1,0
5,1,1.01651720391266,-0.0956018885187516,1.20363561271984,1,1,0,1,0
0,0,0.530174410817554,2.09107457374417,1.86166949634181,0,1,0,0,0
7,2,0.109982328920536,-1.12747635907819,-0.916473140646308,1,0,1,1,0
2,1,1.53463204499973,-1.40589666926573,0.644175215653728,0,0,1,0,0
4,3,0.769107652838176,0.754732858821372,-1.50059883051389,0,1,0,0,1
2,0,1.15317955497027,0.656072596732459,-0.503631027922845,0,1,1,0,0
7,1,-1.85126987852568,-0.0459682657719921,-0.408376304829974,1,1,1,0,1
1,13,-1.88968385446333,0.894172183824646,1.13847169854765,1,1,1,1,0
1,4,-0.661353966471871,-1.02265435012187,0.466814575088301,0,0,0,1,1
7,8,-1.09130667184605,-0.18951482731539,0.949777605396511,0,0,1,1,0
0,0,-1.98714161384437,0.021245938607784,2.094654423474,1,1,1,0,0
1,0,-0.424013965946592,0.135769168275835,0.168519343951165,1,1,1,0,0
2,1,1.94670154402892,1.06897827609793,0.251568367690064,1,1,0,0,0
0,2,0.466281686361508,-1.45865072373188,-1.85439728446848,1,1,0,1,0
1,2,-0.237126116305444,-0.0218274759258211,1.03707545990976,0,1,0,0,0
1,4,1.30980219497918,0.0900498011111625,1.71143629264463,0,1,1,0,0
0,1,0.105309763479679,0.478582527004802,1.19476687746026,0,1,1,1,1
1,0,1.32880946712888,0.0130043886906102,0.635148690943394,1,1,0,1,0
0,1,-1.21756012391138,0.812607144503102,0.166590750458014,0,0,0,1,0
6,0,-0.896069419776025,0.201993475616048,-0.433039065593042,1,1,0,1,0
5,0,0.195266411204963,0.841710042585771,-1.07567251585377,0,1,0,0,0
0,1,-2.37016412926914,0.146134938370161,1.4706227796392,1,1,0,0,0
1,0,-0.890513030272548,-2.50982886159537,-0.12233187971674,0,0,1,0,0
7,4,0.247145064943297,1.65941441560787,-0.344337381425579,1,1,0,0,1
3,2,0.281958228175316,1.95128070503017,-1.98824711327823,1,0,0,1,0
0,2,-0.707425895426552,-0.466826762462749,0.731420452913887,0,1,1,0,1
9,0,-0.496974493189511,1.01088059200558,0.0591556587804316,1,1,0,1,0
1,2,-0.741644701142705,0.726577271527285,-0.373023776338876,0,1,0,0,0
0,1,0.77134987444186,-0.784435834238654,-1.94276026066733,0,1,0,1,0
6,0,0.597722184235621,0.318472613331925,1.01164567644048,0,1,0,0,0
0,1,-0.200617959074733,0.434907880524212,1.02795666688595,0,1,0,0,0
1,4,-0.0691194443637717,-1.21168357886957,-0.453150967082004,1,1,1,0,0
6,2,1.13700170319667,1.60514438537065,1.27916935168074,1,1,0,1,0
2,0,0.744729435008429,-1.62445300377421,-1.12150601313226,1,0,1,1,0
5,1,-1.61924708927115,0.516645395226652,0.586482796213568,0,0,0,1,1
0,5,-0.629456925298922,0.921639061995516,0.817821075831683,0,1,0,0,0
3,1,1.05788436219065,0.152648047822252,0.709641702368808,1,1,1,1,1
0,1,-2.02844836507143,0.519317600973718,-2.73901015091195,1,0,1,1,0
2,1,-0.142548849262066,-0.908368181738268,-0.490187607633024,0,0,1,1,0
2,1,1.53799712385037,0.37494501801503,-0.673993363477661,1,0,0,0,0
4,0,1.00972961087163,0.155120505752976,0.603227404346569,0,1,1,1,0
3,3,1.03138779134099,1.19486409157002,0.853007424004569,1,0,1,0,0
7,0,-1.8389535047977,-0.0859520905448333,0.571677691515949,0,1,0,0,1
1,3,-0.0809149287642641,-0.375174214735667,-0.283568691829209,0,0,0,1,1
2,14,-2.96498439251453,0.665704897756097,1.78670472682996,0,1,1,0,0
3,0,-0.949572236493295,-1.16015258735684,0.509107116523563,1,1,1,0,0
1,0,0.894881297945835,-3.12638122816762,0.0446282792980732,0,0,0,0,0
1,2,0.472509750840798,-0.0266494957164733,1.36561984894412,0,1,0,1,0
5,3,-0.561530524088789,-0.792963495057222,0.055073466082808,1,1,0,1,0
2,3,0.172538736625997,0.190090747151078,0.124394659722368,1,0,1,0,1
3,1,0.696623502063269,-0.737612965107807,-0.220423764815563,1,0,0,1,0
1,0,0.425163057402694,-0.837879238979628,-1.26990370042134,0,0,0,0,0
8,1,1.25384456270953,-0.777659343830358,0.172388712327115,1,0,1,0,0
1,2,-0.516861936276222,0.058243468813916,0.990672834256393,1,1,0,0,0
0,0,-0.231335070035178,-0.549750797881775,-1.22498972486363,1,1,1,1,0
3,0,1.26679587443618,-0.341714846465211,0.505057588920632,1,1,0,0,0
7,1,-0.321248700588976,-0.424631997922335,-0.36747429202693,0,0,1,0,0
0,0,0.723854506667909,-0.385388622829791,-1.27027057021145,0,0,1,1,0
0,6,1.39827381494846,-0.443785688342469,0.0195853286752456,1,1,1,1,0
2,2,0.180137332760575,-1.63059303666685,-0.0867182975406494,1,0,0,0,0
4,3,0.761320011224727,1.19560013607511,-2.15469872373581,1,1,1,0,0
1,1,2.37742738251869,-0.553675634438498,-0.712667453793998,1,1,1,0,0
1,2,-0.213397079387889,0.816304001980722,-0.731174028793275,0,0,1,0,1
0,2,-0.0129144390268832,0.477694665164002,-0.99354618444226,1,1,1,1,0
3,3,-0.920592518159265,-0.95986361208358,-0.713889229900221,1,1,0,1,0
3,1,0.729144500484137,0.795349039170875,0.634610011748945,1,1,1,0,0
1,1,-2.3627348964563,-1.65953167821179,0.247725079661644,1,1,1,0,0
1,0,-0.205518553861947,0.970714272414869,-0.099736134773477,0,1,1,0,0
1,2,0.487192885469659,0.841885934614256,0.299520666678108,0,0,1,1,0
0,1,-2.89533269209451,-0.795565926449917,0.491532836696499,1,1,1,0,0
1,1,1.00700618072487,-0.591893720422551,-0.198180058121029,1,1,1,0,1
5,1,-0.268118055003984,1.14439096611908,-0.0918967016447758,1,1,1,0,0
2,1,-0.317619407605633,0.963243349928086,1.4623204348319,0,0,1,1,0
3,1,0.389011712658783,-0.761574079737115,-1.47427289544414,1,0,0,1,1
1,3,1.31604116308666,-0.217768227782544,0.00171954962578575,0,0,0,1,0
1,3,0.126118273111556,-0.29526703557973,0.750059285092589,0,0,0,1,0
0,0,-1.79023422427201,-0.336519833846983,-0.473488468422408,0,0,1,0,0
0,0,-0.601302585635549,-1.98417999632128,-0.130699831660389,0,1,1,0,0
4,0,0.150314910010379,-0.374992166715313,-0.821527099598087,1,1,1,0,0
3,0,0.324943806496477,0.542058104141847,2.09427179573117,0,0,1,0,0
4,2,-0.414885183915796,-0.97530594152233,-0.811731721108212,0,0,1,0,0
8,1,1.21842831655198,0.63964139726758,-0.731202065408851,1,1,0,0,0
2,2,-0.818672567809297,-1.25355950190719,0.365890689882992,1,1,0,0,1
5,0,-0.0634314741278686,-0.308646891134288,-0.068884347995775,1,0,1,0,0
7,11,-2.13752680071421,0.420870669459669,-0.0399861751287693,1,0,0,1,1
2,2,1.16324516564236,1.08404658213128,-0.663933726268657,1,1,1,1,0
5,0,-0.872817790185571,0.399425487261185,-1.92803306498199,0,1,1,0,0
2,0,-0.575109956639969,0.171740926023444,0.758456543394018,1,0,1,0,0
0,6,-0.491385152019573,0.274320218632743,1.86580639417379,0,1,0,1,1
1,1,-1.80161219411383,0.973152382263841,-0.0890449673205699,1,1,0,0,0
3,1,0.424698416097907,-1.42278742558227,-0.359608956429485,1,1,1,1,0
0,1,-1.14892178052345,0.591236769395773,-0.433568355990261,0,1,1,0,1
0,2,-0.318119054300326,-0.079705506846549,2.71511087890555,1,1,1,1,0
1,4,0.407540086316565,1.32580521960079,1.38276310560638,0,1,0,0,0
0,2,0.651486229255932,0.0830972053310746,0.0509731839501296,0,0,1,0,0
1,4,0.180565411355414,0.589823082031227,2.87830412475515,0,1,1,0,1
0,2,0.659463884911052,-0.945503095820805,-1.10694739532315,0,0,0,0,0
0,1,1.28078467729458,0.664756504934521,1.01824711355439,1,1,1,0,0
0,0,-0.0684071762054496,0.841263550683852,-0.880989165044739,0,0,0,1,0
0,4,0.117864107490811,-1.12383214929443,1.18371935715796,0,1,0,0,0
4,1,1.0343639277469,-0.375674944909604,-0.664455239511287,1,0,1,0,1
3,0,-0.627212333703182,0.00373739536811811,0.0409766727379336,0,1,0,0,0
3,3,0.0983839370022003,-0.251855789404751,1.3140589990642,0,0,1,0,0
0,3,0.78367540785669,-0.85790688641329,-0.312758453412089,0,0,1,0,1
3,6,0.0608546850953133,2.78718545590969,-1.44167856485063,0,1,1,1,0
2,0,-0.0789549968049455,-2.22513130275141,-0.272235874878464,1,1,0,1,0
0,0,1.64677257029148,0.052484086476554,1.3054583079357,1,0,0,0,0
1,6,-1.73751364185246,-1.7840502893311,2.90518004581665,0,1,0,1,0
3,4,0.513827595092794,-0.446192684751708,0.684585524138316,1,1,0,1,0
3,0,-2.78859007508681,0.76748462313764,-0.106510636460837,0,0,0,1,0
3,12,-0.877281858515841,0.768428105261738,1.31238605926524,1,1,0,0,0
5,0,0.216986180179392,-0.772843840075272,0.223471616826619,1,0,1,0,0
0,1,0.546117688872213,1.11768348150415,-1.06252983239636,1,0,1,0,0
2,10,-0.101612314312139,0.134884955309929,0.444804968552819,0,1,0,1,0
0,0,-0.160088963029887,-0.527026365197041,-0.325892276712596,0,1,1,1,0
3,1,-0.768311364771208,0.40135725803465,-0.707567273052124,1,1,1,0,0
0,2,0.0173938922355814,-0.322049830340269,-1.1782719976243,1,0,1,1,0
3,1,-0.155955902545636,0.630353820492154,-0.662859665982703,1,1,0,0,0
3,0,1.3047158654908,0.155330381488928,-0.415351457081212,0,0,1,0,0
9,4,-0.932609879113302,0.681670606761438,-0.156470759581615,1,1,0,0,0
5,2,1.23805331884887,1.15799528724071,0.219876765878405,1,1,0,1,0
6,1,-1.59486676204832,0.197257088777857,-1.41979026401311,1,0,0,0,1
1,3,0.0937457171271516,-0.104777284680038,3.56970387489784,0,1,0,0,0
0,1,0.364029584346149,-0.839021086831654,0.926890323668725,1,1,1,0,0
1,2,0.722680966117999,0.255499384612309,1.56649519037315,1,0,0,0,0
1,1,-1.25232935171763,-0.741359275178541,-0.208332813528512,1,0,0,0,0
3,4,-0.554983080965536,-0.66797817519076,-0.197044198997091,0,0,1,1,0
3,5,0.263197735967713,0.654871580214599,0.338770604934409,0,0,0,0,0
0,1,0.863742182091898,-1.20221801944945,-0.546522089525386,1,1,1,1,0
2,6,0.199661043583785,1.00337927842179,-1.34978155393826,1,1,1,0,1
0,1,-1.92746715174755,-0.120677251712608,-0.0513962353264526,1,0,0,0,0
1,2,-0.15138304398912,0.60385800476662,0.465930726493889,0,1,1,0,1
0,5,-1.68774482204726,0.325453230690172,-0.00749625293603895,0,1,1,1,0
2,2,0.542819373953786,0.537163553025943,-0.858900213370181,0,0,0,0,0
1,1,-0.578117006182462,-0.784274106110702,1.55722305938517,1,0,1,1,1
3,6,0.199625861109459,-0.530196706062895,1.17319659583982,0,1,0,1,0
9,2,1.79991143120432,1.22343122714808,1.56727216426825,0,0,0,0,0
4,1,-0.563060372399261,-0.436108378944362,0.885126036307589,0,0,1,1,1
0,0,0.980299390680767,-0.0769316757877999,1.83959597140189,1,1,1,0,1
3,0,-0.843447014550353,0.195650749790808,-1.87953279720756,0,0,1,0,1
1,2,-1.81583826635136,0.812636316562072,-0.921584064777411,1,0,0,0,1
2,0,0.170532311100871,-2.77958679567489,-0.419992490864024,0,0,0,0,0
5,4,-0.120374647251428,-0.143374776508091,-1.56605240113206,0,0,0,0,0
0,2,-0.242248417356073,-0.843330030703895,0.54258527652611,1,1,1,0,0
3,0,1.41287996829281,-1.0526327862409,-0.480581673552731,0,1,0,1,0
0,4,-1.69836768922572,-1.42509092320819,2.47871613763779,1,1,1,0,0
1,0,-1.5072625641519,0.500242996909192,-0.0528867435483797,1,1,1,0,0
2,3,1.41490596778327,0.851874443390474,-1.02129241988825,0,1,1,1,1
10,0,1.68720619134512,-0.712535066409758,0.708140054477615,0,1,1,1,0
1,2,0.10941282313001,-0.485555710989822,2.38749011205418,1,0,1,1,0
2,0,-0.00770457238105294,0.730065654072887,-1.46330481877412,1,0,0,0,1
3,2,-1.53760297650125,-0.930924429507075,-0.460027746840023,1,1,1,1,0
11,0,0.602242311514254,0.393735478457861,-0.118576619091239,1,1,1,0,1
4,0,0.102285163063052,1.20124693459026,-1.93252513997716,1,1,0,1,0
2,5,0.0293838690705507,1.07429483366958,-1.96740541707546,1,1,0,0,0
1,0,-0.307940731985404,-0.647649940233647,0.281976144453055,1,0,1,0,0
5,0,0.826940696465077,-0.917514467572184,-0.0596898575836811,0,0,1,0,1
3,1,-0.0556822854754709,-0.758138837418481,-0.234656131142594,1,1,1,1,1
2,1,-1.73815628805465,-0.581466650597016,1.57307538513512,0,1,0,0,1
2,1,-1.6438743974287,-0.357232398778765,-1.07301688762325,0,0,0,1,0
2,2,-0.145192056627325,1.79060641427387,0.867801302724151,0,0,0,0,0
0,0,1.71729101495038,-0.33801381695799,-1.02801854348103,0,0,0,0,1
0,1,1.16865138203062,-1.16446631340891,0.249935332127827,0,1,1,0,0
0,1,-0.756641249532186,-0.175829850689718,-1.1061318449329,1,0,1,1,1
3,1,1.35619859050971,1.85582398098027,-1.48709209450672,0,1,0,1,1
1,3,0.111247279911041,-0.814893339978404,-0.703434516914828,0,1,1,0,0
3,3,1.02959130229542,-0.82048016156225,-0.837311072722269,0,1,0,1,0
1,4,1.74054970355907,0.47751485202119,-0.975942111961849,0,1,0,1,1
3,1,1.43437198733928,-0.474555418077631,-1.52990566494087,1,1,1,0,0
8,1,-0.807485864557942,1.1042411634064,0.559075889469412,0,0,1,0,1
2,0,0.245404866355341,-2.20536882876338,-0.953068963975121,1,0,1,0,0
5,0,-0.863172514436452,0.4548204279723,-0.489861626009066,1,0,0,0,0
0,1,-1.14196517275131,0.629694501790963,-2.0488505925936,0,1,0,0,1
1,4,-1.42011121826269,0.490948550829406,-0.0780481847536644,0,0,0,0,0
0,3,-1.55247734515219,1.33097405566709,2.03908748658224,0,1,0,0,0
1,0,-2.07070692181504,-1.98300252007638,-0.47173382154012,1,0,1,1,0
1,3,-0.717285424868586,-1.40275423884308,2.60277053511539,0,0,0,1,0
3,3,2.10193554913996,0.557341899767243,0.178365622489556,1,0,0,1,0
1,6,-1.40847201091677,0.00862660739510481,1.76038849690848,0,1,0,0,0
2,1,0.167010020218245,-0.46408079319499,-0.281003042477198,1,1,1,1,1
5,0,1.40457880260096,0.558697075896957,-0.355132880898366,1,0,0,0,0
0,4,1.00301144045127,-0.601503595854561,-0.445088720708005,0,0,0,0,0
0,1,-0.531318037580133,-0.886670905825858,0.357102781755065,1,1,0,0,0
3,0,-0.34630458710905,0.440331731843812,1.50326108936683,0,0,0,0,0
2,5,0.523609050138804,0.273492370061784,-0.889650966156273,0,0,0,0,1
5,2,1.38794699884689,0.123156224571319,-0.944193277236885,0,1,1,1,1
4,2,-0.27714381827553,-1.19133696993222,-0.546338447971551,0,1,1,1,0
3,1,0.0965060645440916,0.518353045442488,-0.67843544470433,0,1,0,0,0
7,0,-1.04082643598293,0.44818651458311,-2.01442959231623,1,0,0,0,1
1,0,-1.15757007822125,-1.00866409903422,-1.11900382673396,0,0,1,0,0
2,0,1.77790714080675,-0.63441575365479,1.37112368140085,0,1,0,0,0
1,1,1.14126003926183,-0.919812102408964,-0.0552102029248223,0,1,1,0,0
1,0,-1.40593033565516,-0.336932314905274,0.661846325778636,1,1,1,0,0
2,0,-1.02588037659749,-0.740463736222241,0.185001028189163,0,1,1,0,0
3,5,0.611501647292082,-0.655857650127405,1.96322254853242,0,0,0,1,0
2,5,-0.128362753616616,1.60269080912118,-1.0748352019395,0,1,1,0,1
1,3,-0.461272359446572,-0.749989474665511,-1.62409480381488,0,0,1,0,1
0,0,0.417439736782129,0.379456253661861,-0.229814356975673,1,1,1,1,0
9,0,0.320247187603137,-0.231302627999866,-1.74497694625136,1,1,0,1,1
0,0,-0.398739509138785,0.678189060844725,0.532175482026678,0,1,1,0,0
7,4,-0.719546952254205,-0.657440222160068,-0.321141781831882,1,0,0,1,0
4,4,0.219296886647976,1.90811309559197,1.2287929194387,0,0,0,0,0
6,0,0.222093978529395,0.329660203944464,1.27576737793688,1,1,0,1,0
4,0,1.11250579395739,0.435632760590053,0.815667142718003,1,1,0,1,0
0,1,-0.0283194316745225,-1.19408171934378,-0.128469277236775,1,0,1,0,0
5,1,-0.0787802813758919,0.327682685380923,-0.818945134200792,0,1,1,1,1
2,1,0.239099097257417,0.211227899704149,0.583800317426432,0,0,0,1,0
2,4,-0.413949588909927,0.828240618691675,0.254135807764636,0,0,1,0,0
2,3,-0.00972992670301776,-0.805787113142162,-0.145312491306241,0,0,1,1,0
1,0,0.166067261394914,-0.718102376217792,0.416469034745924,1,1,1,1,0
2,1,0.856959150077612,-0.538191119588488,1.13636959880236,0,0,0,1,0
1,3,0.188533081058027,0.957216426894769,-1.00239622643395,0,1,0,0,0
5,2,1.22117126040982,0.336876339649176,2.28644595805849,0,1,1,1,0
0,6,-0.342011711490307,-0.028400611096648,0.151163197937412,0,1,1,1,0
0,3,-1.59975828899614,0.395203414906874,0.0112184632683267,1,0,0,1,0
1,3,-0.211354652663353,-0.707701782091745,1.0521977861351,0,0,0,0,0
0,0,-0.583443280408092,-1.50185532793291,-0.349203585849495,1,1,1,1,0
1,2,1.15861620315268,-1.08662315926761,0.730625165278585,0,1,0,0,0
5,0,0.599301466185779,-0.440005080285099,0.91851388792248,1,0,1,1,0
2,3,-0.466306554839064,-0.0339847962757066,-0.922039511750048,1,1,1,1,0
3,0,-0.804569748421354,0.188453555077946,0.83878328371963,0,0,1,0,1
4,2,0.860769272254416,-1.32797710310226,1.48633037883029,0,1,0,1,0
6,1,0.0147304495136524,-0.0352457510168959,-0.696534200407109,1,0,0,0,0
0,0,1.14633768275922,-1.41618206461758,0.067119334391005,1,1,1,1,0
2,4,-0.403509352127671,-0.0209970600990181,-0.656208286727005,0,1,1,0,0
1,2,-0.09118555473559,1.82422824465553,1.29606257834196,0,0,1,0,0
0,0,0.698278838796462,-1.35519124755712,0.281694817724038,0,0,0,1,1
0,0,-1.06972906881859,0.128841449094482,-0.361645175548759,0,0,1,0,0
0,0,-0.693062333932251,0.559675178273029,0.465669204899775,1,1,0,0,0
0,1,-0.219042473730285,-0.0865988754694242,0.287635781436794,1,1,1,0,0
0,0,0.00139666879165301,0.516284781467683,-0.404923364898647,0,0,0,0,1
2,1,0.934076732494943,0.906915838457552,0.253996502808701,1,1,1,0,0
0,5,-1.27877956409248,0.145466508690244,-0.295641968551163,0,1,1,1,0
1,0,-0.197014341334538,0.728239168744376,0.241073722662023,0,0,1,1,0
0,1,0.872689403749991,0.558833496681903,-0.803476871192009,0,1,1,1,0
4,2,0.581102678489179,-0.736883465356447,-0.482831500471597,1,0,0,0,0
6,0,-1.49744378584749,-0.806233468899397,1.1617342748882,0,1,1,0,0
0,4,-0.746520322088202,-0.247217607314148,0.951667437491572,0,1,1,0,0
0,4,0.723772390813154,0.375016916468728,-0.896158290415038,1,1,0,0,0
0,0,-1.38350249198739,-0.672899835425069,1.30896783438054,1,1,0,1,0
1,0,0.207849813271798,-0.676762633131445,-0.130731687464213,0,1,1,0,0
1,0,0.267847960780474,2.02090333244912,0.272186130095498,1,1,1,0,1
7,4,2.16083329510815,0.171286687701778,-0.921360141163503,1,1,0,1,1
6,1,-1.13619049436647,-0.213009604802804,0.436121875642842,1,0,1,0,0
5,0,1.82701638206277,0.970770254698496,0.229375885701846,0,0,0,1,0
10,4,-0.110147672443299,1.47927210980683,0.445900873227459,0,0,1,0,1
1,0,1.27635504960245,-1.48097753690889,-0.512411883885373,0,0,1,0,0
6,0,1.11790161762691,-0.806728246002902,-1.74523105300834,1,0,0,0,1
0,0,-0.530630715598926,0.531126060719875,1.23660866840699,0,0,1,0,0
5,1,0.620941198965494,0.529622233124488,-2.34898139852116,0,1,1,1,0
0,7,0.464427424045131,0.807608476832432,-0.0556655815722228,1,0,1,1,0
12,1,-0.318676080226463,0.00541923209443545,-0.0172794576959692,0,0,0,1,0
1,0,0.0343406421232317,-0.53355905085052,0.491534688676562,1,1,0,0,0
5,2,-0.136589405088062,-0.678663099707761,-0.670479326685584,1,0,1,0,0
0,0,-0.0848711273097902,1.0215078767492,0.510092075936912,1,0,1,1,1
1,0,-1.42449722309628,-2.54051414733814,-1.78630553400292,0,0,1,0,1
1,2,0.399195840490355,0.857730128540158,-1.22169527228551,0,1,0,0,1
1,1,0.34564757192629,-0.337345654431889,0.638444898014762,1,1,0,0,0
5,0,-0.848477204015522,0.313468678095051,0.749890051476514,0,1,1,0,0
2,1,0.728939495243494,-0.966784908065075,0.763668980679563,1,1,1,0,0
0,5,-1.03644646419242,1.03024279513739,0.390177146290813,0,1,1,1,0
3,2,-0.36397110569075,-0.987778364205295,-0.127662376625744,0,0,1,0,0
2,0,-2.84477789670041,-1.8592979106179,-0.335731470653104,1,0,0,1,0
3,1,-0.111586041421202,0.577074853923247,-0.0141843980329574,0,0,1,1,0
0,0,1.08104777389472,-1.85106924475833,-1.95936574012783,0,1,0,0,1
6,4,-1.28536290398011,0.273260759846263,-0.669348545286144,0,0,0,1,0
2,9,-0.120136486859595,0.922069706089644,2.71615832691602,0,1,0,1,0
1,1,-1.32227532547361,0.325443632571769,-0.00743694216865525,1,1,1,0,0
4,0,0.724903950677728,-0.172485214121222,-0.0954124889361738,1,0,0,0,0
3,12,0.109280835245796,1.10012140897862,0.37967445271874,1,0,0,1,0
2,0,0.59378549488248,-1.16773914652858,0.918172426319582,1,1,0,0,0
0,1,0.717288112056582,0.000525801599041628,0.0869012112003264,0,1,0,1,0
5,0,-0.272939948126847,0.0685486353383175,-0.314799246562468,1,0,1,0,0
0,1,-0.952165187546316,-1.08419890122492,2.82324016083633,0,0,0,1,0
1,0,-0.267009933283735,-2.30649932486282,0.590758995170509,0,1,1,1,1
2,5,-0.769977665558462,-0.324679912383387,2.29946838001165,0,1,1,1,0
3,1,0.746542281833952,1.90818706274272,-0.797388275847874,1,0,1,1,1
1,3,0.224396992899434,0.847820740004561,1.19230053409672,1,0,1,0,0
8,3,1.00206650348007,-0.194147249723173,-0.133932689399766,1,0,1,1,0
2,1,1.80100988443267,-0.387616372582426,-0.79291287179646,0,1,0,0,0
0,1,0.207106692173459,-0.0415489465102648,-0.0264436762295505,0,1,0,0,0
2,0,0.259548675180328,-0.6678591210865,-1.44627622866122,1,1,0,0,1
1,0,1.40917256243446,0.260909928673321,-1.95463719298164,0,0,1,0,0
0,4,-1.20200355355365,1.2690615345763,2.12113422524995,0,1,0,0,0
3,0,0.320980481463603,-0.0311045402000004,-0.880458933740538,1,1,1,0,0
3,1,1.92593466135888,1.65061104335496,1.06127482809785,1,1,0,1,1
2,0,0.321994820317106,-0.478778981383039,-0.945788370393259,1,1,0,1,0
0,4,-0.908905388538174,0.486248341670587,0.626648937781852,0,1,0,0,0
0,0,3.32100923041937,-0.475106450853547,0.554250697108173,0,1,0,0,1
0,2,-0.697977594288378,-2.20078171843561,-0.25866881177988,0,0,1,1,0
13,3,1.14210383536446,-0.0561402981560845,1.44891880707809,1,0,0,1,0
3,0,0.506184934759376,-2.1621040692262,0.279711460421513,0,0,0,1,0
0,1,0.126550779961911,-0.351017165279189,-1.0380181848047,0,0,0,0,0
9,1,-0.725919041462262,0.883524062890661,-0.769526029087195,1,0,1,0,0
1,8,1.19514249933866,1.34790692603311,-1.05993611606037,0,1,0,1,0
3,1,-0.0233665013500546,-1.05263268814064,-0.0561835664385209,1,1,1,1,0
3,0,-0.0166657729026377,-0.029612882403791,2.16661138117198,0,1,1,0,0
2,0,-0.656292389995298,-0.955263813248222,-0.15206209536943,0,0,0,0,0
2,1,1.74450526718419,0.370742576129938,-0.970697560703728,1,1,0,1,0
2,0,0.276757429507094,0.712841171302682,0.362486156669985,1,0,1,1,0
4,0,-2.29773716047263,-0.16184613442923,0.190211628166393,1,0,1,0,0
7,2,0.159927532012783,0.393670137044862,-0.018185406793365,1,0,1,0,0
0,3,-0.932389027426073,0.843826784187573,0.524238430002853,0,0,0,0,0
0,1,-0.266799587839374,0.848651883369287,2.01348586949504,1,1,1,1,0
2,7,-0.436358049906945,0.106847138431449,0.10496998620046,1,1,0,1,0
2,2,-2.04204131873646,-1.30042084141076,0.474321496439482,1,1,1,1,0
2,5,0.607855992366638,0.16418595309872,0.155472639378677,0,1,1,1,0
10,2,0.375605071176543,0.890800410927488,-0.108581088218114,1,1,0,1,1
10,2,-0.187246945531909,1.11438826201801,-0.519738861802767,1,1,0,1,0
5,0,-0.0570777336562916,-1.04704345625402,-1.54746069148973,1,1,0,0,0
3,1,1.34090091479524,-0.347015449122641,0.720950418028448,1,0,0,0,0
3,1,0.169249303915532,0.245122454649282,-0.0930343517646349,0,1,1,0,0
1,2,-0.39838481821789,-0.57222131565303,0.476870924040557,0,0,1,1,1
3,1,1.02217198986039,0.276416055299888,0.760375379765478,1,1,1,1,1
5,2,1.41487702506355,-0.393697160493967,-0.93371938230144,1,0,0,0,1
0,2,-0.639271070321742,0.832107702323661,0.350084522154614,0,1,0,1,0
0,2,-1.26960465313285,0.409217125677026,-0.559813094366081,0,1,0,1,0
1,0,1.35235042062814,-0.516280974887375,0.366418125533125,0,0,1,0,0
0,4,1.01860264825298,1.41168049366182,-0.292789926605413,0,1,0,0,0
2,2,-0.534841557546071,-1.07334812037075,-2.27246174537656,0,1,1,0,0
0,1,-0.91152680306876,0.937829385637112,0.598413286853315,1,0,1,0,0
2,6,0.539087615243437,0.146040986945815,-0.515521855143092,0,1,0,1,1
4,0,-1.49853361171063,-0.848598905389155,-1.71456669339522,1,1,0,0,1
4,0,1.95297476918863,0.904086906583392,-0.884950622227351,0,0,1,0,1
0,3,-0.588432350805027,-0.982403510127626,1.57111625003961,1,1,0,1,1
0,1,-0.639451909631254,-0.794239551013176,2.96483545063754,0,1,1,1,0
0,3,0.265262092482092,0.666940769767641,-0.569073916991623,0,0,1,0,1
3,1,1.70817893994824,0.976864489605847,-0.336700043221757,0,0,1,0,0
6,2,-0.757073814613615,0.0569374960974201,-0.551633943775918,1,1,1,0,0
4,0,0.374535979894329,1.4676368932652,0.10702316834652,1,1,1,0,0
1,0,-1.85775552909686,0.713827402672774,0.436550902001087,1,0,1,0,1
2,9,-0.0219661509134275,1.30787373837264,-1.19325014016769,1,1,0,1,0
2,1,0.134628702546028,0.659602337148162,-0.0247937742175162,1,1,1,0,1
2,1,-0.625544304479009,0.94778226797327,0.340233724292804,0,0,0,0,0
1,1,-0.66254233344582,-1.31000903462342,-1.01073630588743,0,0,0,0,0
4,2,0.842237912418206,1.06339068696748,0.885772843863586,0,0,0,1,0
1,1,-1.28003910698295,-0.408461218719636,-0.9600055006378,0,1,1,0,0
1,0,-1.64577239918658,0.506710607585976,-0.453885878962504,1,0,0,0,0
1,2,0.156612689433534,-0.814788143177888,1.68981333089667,0,1,1,1,1
1,1,0.591755152274452,-1.42399912089874,1.79467044767011,1,0,1,0,0
0,0,0.156895088846176,0.0186783444215941,-0.609936193901267,0,0,0,0,0
1,0,-0.108382156411667,0.484202571160245,-0.80378700992234,1,0,1,0,0
1,4,0.634342531306241,2.47745989239221,-1.89511674071661,1,1,0,1,0
3,0,0.679107932624901,1.03903049678343,-0.48417338529773,0,1,0,0,0
1,3,1.92761898333489,-0.728953488404024,-0.184321091704518,0,0,0,0,1
0,1,-0.0741974559778961,-1.33885977360572,1.45701058972995,1,1,0,0,0
0,0,-0.067324432321669,-3.03399283426106,0.686155266812664,0,1,1,1,0
1,1,-0.615935882939586,-1.03435524290518,0.762890142214727,0,1,1,0,0
0,4,-0.355341917125645,-0.125635899320552,0.293564186471199,0,1,1,0,0
7,0,1.28808170001186,0.18212194474449,-0.704593320285565,1,1,1,0,1
1,2,0.462123081676936,-1.07686566676217,0.827982657174322,0,1,1,1,0
9,0,-0.394876975858711,0.344203366681052,-0.34932198743836,0,0,1,0,1
0,1,-0.0818410506854004,0.869932977088031,-0.138864226108137,1,1,0,0,0
1,4,-1.19664954019129,-0.415967545574146,0.945419977185137,1,1,0,0,1
1,1,0.629361986499883,1.27371747585969,-0.747110052479814,1,0,1,0,0
2,0,2.11081777862058,-0.62033065116299,0.068313510531032,0,1,1,0,0
6,2,0.767040983083022,0.643827027543349,0.920304814030858,1,0,1,0,0
2,0,-0.175773413871849,0.433184309122196,-0.331448500623578,0,1,1,1,0
1,3,-0.472733458379849,-0.944646085333982,0.223792407414468,0,1,1,1,0
4,1,0.373187801505789,-0.313853099234344,0.637498708869899,0,0,0,0,0
2,0,0.956900222010045,-0.223257032542874,-0.366884951914683,1,0,0,0,0
1,1,0.030078352359532,-0.247436874968931,-1.08103049264267,1,1,1,0,1
8,4,-0.387603434824041,1.90401758698904,-0.397765379377323,0,0,1,1,1
5,1,0.819748166518652,-0.130205255045465,0.402981974858983,1,1,0,0,0
1,0,1.85583691549497,0.5274214899635,1.39511019338482,0,1,1,0,0
4,1,-0.528940317707455,0.138558492182334,-0.830872600234619,1,0,1,0,0
1,5,1.24449460077316,0.602564625172485,1.98339186494455,0,0,1,0,0
3,0,0.902150340804454,0.59693575075974,-0.253610809321544,0,0,0,1,0
1,1,0.553965259934548,0.621763542813583,-0.410704642620672,1,1,0,0,0
0,1,-0.713384441408583,-1.52415534128424,1.1509996381132,1,1,0,1,1
1,2,-0.0540632084871965,-0.610671032851838,-1.44229869262213,1,1,1,1,0
6,2,1.57124505121333,-0.771263616717887,0.160974463253278,0,0,1,0,0
2,0,-0.649122255983194,0.485400437703176,1.7454265177703,0,1,1,0,0
2,7,-0.621989908306674,0.240678838969633,1.59459215526472,0,1,1,1,1
3,1,0.023070022865278,-0.176881672433381,-0.0547453667285411,0,0,0,1,1
0,0,2.00550542963394,0.40639503276202,-0.542029979920149,1,1,0,0,0
2,9,-1.31984568224475,0.577094789023159,-0.298661731252195,1,1,0,1,0
3,1,1.25402498559215,-0.854165201931144,0.584454469440485,0,0,0,0,1
0,2,0.154444737693036,2.04734930330152,1.44282168456361,0,1,0,0,0
3,0,-1.10639613034824,-0.506674422825957,0.0437762348667867,0,1,1,0,0
0,0,0.808510049750154,0.255454209498798,1.15856015088652,0,0,1,1,0
0,2,-0.433059402749232,1.33870272817825,0.0106827959594286,1,1,0,0,0
0,0,0.563148592126341,-1.02076606027714,-2.94851130539979,1,1,0,0,1
1,0,-0.275877658013736,-0.496556169733528,0.51085526653898,0,1,0,1,0
9,3,1.03090230147096,1.6634028622062,-0.191417188377119,1,1,1,1,0
3,0,-0.294175700799874,-2.81621282437411,-0.979546455283215,1,0,1,1,0
2,3,0.776233482085887,0.497618423081498,0.92933403066932,1,1,0,1,1
3,1,1.02092238290592,0.872372798824837,-1.89300532695751,1,0,0,0,0
4,3,0.0609879530885817,-2.65258363449507,0.102887537446012,1,1,1,1,0
0,0,-0.905055248640656,-1.86814524521562,0.354976845622797,0,1,0,1,0
2,4,0.382635214884115,0.405265325196143,0.468251831311429,0,1,0,1,0
4,2,0.0391448525368459,0.507749602285615,-1.92534765535329,0,1,0,1,0
3,2,2.23151675428047,-0.977593647698466,-1.88388772937516,0,1,0,0,0
1,1,1.89726341455754,-0.394835029596568,-0.823234767330512,1,1,0,0,0
1,5,-0.439619743829109,-0.850534917572518,-0.788987152172702,0,1,1,0,0
1,1,0.0940979784320969,-0.520151469053661,1.44594094307036,1,1,0,0,1
3,6,-0.0607114684869263,-0.29770473952083,1.16622700478034,1,1,1,1,0
1,3,0.133370306192189,-0.749249119674592,1.34076148984187,1,0,1,0,0
3,0,-0.199860566307903,-1.1456060774703,0.566235748232032,0,1,1,0,0
2,0,0.59546951980972,-0.498835058252309,-1.33168422971169,1,0,0,1,0
6,0,-0.384363904313878,0.0877293491562035,-2.58219705999503,0,0,1,1,0
1,0,1.36161115007345,0.418854268034731,1.51714689594774,0,0,1,0,1
2,1,0.927556340104197,0.331367696390893,-1.29303496157827,0,0,1,0,0
0,0,-0.492019282044042,-0.954198251466459,0.267224517680859,0,1,1,0,0
1,0,-0.294685892933701,0.9069065004668,-0.638418425025416,1,1,0,1,0
3,2,2.44985271042831,0.793171178552964,0.365970222641406,1,0,1,0,0
1,10,-0.273180770596104,1.03315935722226,1.5115598004178,0,1,1,1,0
1,1,-1.80406893991174,-0.268224734538438,-0.967677491776832,0,1,0,0,0
5,6,0.962405285675876,0.450829080036429,1.13831875675468,0,1,1,1,1
1,0,-1.39266748873588,-0.777322808801269,-0.837718973088429,1,0,1,1,0
6,3,0.11102983006859,0.901027712956061,0.54018211698001,1,0,0,0,1
0,1,0.272464255945254,0.43618869089093,0.440049636742002,1,0,1,0,0
9,0,1.33104929541615,-0.549567642695443,0.900560349012839,0,0,1,1,0
3,1,-0.493626091200728,1.17639728473603,-0.0127748104548159,1,1,1,0,0
0,0,0.20284239702114,-1.58946269749101,1.183829950312,0,1,1,1,0
0,0,-0.311010388972934,0.161664946061233,-1.23085487489723,1,1,0,1,0
2,0,0.886620731701284,0.994748102282664,0.622874414902667,0,1,1,1,0
2,1,-0.805392790631808,-0.749751001920195,-0.0269734383913938,1,0,0,0,0
2,2,1.3183212556649,-0.277676124483452,-1.61913315192444,1,1,0,1,0
2,3,0.166011934366622,-0.642550508065163,0.907264799387072,0,1,0,1,1
2,4,1.18387737736669,-0.854792829830314,-0.789376725842743,0,0,1,0,1
3,1,-0.734741612000827,-0.143552711479931,1.03423635526888,1,1,1,1,0
8,1,-0.0558750725896342,-0.371615291399731,-1.43199766148445,1,1,1,1,0
10,1,0.151662112323507,1.14137376705465,0.617891580551205,1,1,1,0,0
1,0,-0.0164607006663502,0.0453092718251698,-0.843190578573875,0,0,0,0,0
8,0,0.694338158703812,0.492122703644674,-1.77442964315025,1,1,0,0,1
0,2,-0.141018251951877,-0.886194522033217,2.28082126619104,1,1,1,1,1
4,0,0.159954170202159,-0.86742719094099,1.68469545272248,1,0,1,0,0
6,1,1.02503691533779,0.187466857147758,-0.889336277655344,1,1,0,1,0
2,2,0.412357185076432,-0.385570432490851,0.929535656061552,0,0,0,1,0
1,1,0.545295334521848,-0.110775783782646,0.427412566278488,0,1,1,0,0
1,4,-0.19204300730938,0.20267422863628,1.2056702972532,0,1,1,1,0
0,3,-1.24071389461582,0.333399954163688,0.748874805998649,1,1,1,0,0
3,0,1.14625144379082,-1.07210111364074,0.918621359681883,1,0,1,0,1
0,1,-1.75289155385969,0.596657219024561,-1.02261149177905,0,1,1,1,0
5,0,-0.415116678304951,0.646388669076824,0.198633471100788,1,1,0,1,1
0,3,-1.09429667779521,1.01501525653171,0.0825338910587941,1,1,1,0,0
2,4,0.137062364042117,0.235484743233737,0.674812186329933,0,1,1,0,0
1,0,0.973425772162256,-1.78761103853608,-2.03685256470176,0,0,0,0,0
0,3,-0.0511833197785248,0.526974030328388,0.307339656193423,0,0,0,0,0
4,1,0.81799874429129,0.180519748727938,-2.36352499476173,0,0,0,0,0
4,3,0.853215050393648,-0.134548049506272,0.207973615293788,1,0,0,1,0
3,3,-0.0374896414828984,1.02276355614743,0.0670953677692759,1,1,1,1,0
4,1,0.54990118673344,0.689647486969489,0.0737406687885699,1,0,0,0,0
0,0,0.806556479046819,-1.19752678366125,1.05505625814946,1,0,1,1,0
3,1,0.126228888001674,-0.403725884747471,-1.08159207236942,1,0,0,1,0
3,1,-0.159402545525355,-0.422881615845653,-0.258246046322501,0,0,0,1,1
0,0,-0.00486177362042631,-0.536697516080615,-0.402268584590241,0,0,0,1,1
7,2,-0.506436828888856,-0.469216292663013,-0.371105568617283,1,0,0,0,0
0,3,1.02124031115486,-0.023670367175978,-0.244765771277969,0,1,0,0,0
0,4,-0.296240822223617,0.663746136788397,2.02864500143759,0,1,1,0,0
4,2,1.73127253357471,0.391431580452946,0.853531339315102,0,1,1,0,0
3,2,-1.24303250803198,-0.472859993202199,0.228153786953949,0,0,0,1,0
1,0,-0.770831466895462,0.010889251085634,-1.32218967415511,0,1,1,1,1
3,2,-0.16371529453739,-0.0836384995640985,0.684924610792678,0,1,1,0,0
0,3,-0.428018082831914,0.150362514893876,-0.190504953072259,1,1,1,1,0
4,0,-0.686543956283059,0.362938191450281,0.257222126498986,1,1,1,0,0
2,1,1.13179274269686,-0.361919453434268,-0.262122729465519,0,0,1,1,0
6,3,-0.589535248271657,1.40004387799903,0.697838289985306,1,0,0,1,0
3,2,0.617522867818438,-1.00343057527172,1.829893244876,1,1,0,1,0
3,2,-0.268106183562845,-0.240217706361404,0.687280410551541,0,1,1,1,1
3,2,0.73858791477003,-1.90058040937539,2.31792413108887,0,0,0,0,0
0,2,-0.762023415891211,-1.21865509941212,0.465553134923161,0,0,1,0,0
7,0,0.0899023541184314,-0.0245769152340024,-0.226329860304841,1,1,0,0,0
2,0,0.800290940397057,0.62800002634851,0.867741511607641,0,1,1,0,0
2,0,-0.45249164670839,-0.103172994604405,0.794761193182794,1,0,1,0,0
2,0,0.941168955698457,0.735392086996292,-0.507893858118246,0,1,1,0,0
0,2,0.142033885005123,-0.842042371267893,0.125311095594481,1,1,0,0,1
3,0,-0.272193956794365,-0.610200435700759,-0.359558735945124,1,0,1,1,1
2,1,-2.08545979275199,-2.47223509422394,-0.510478654699127,1,1,0,0,1
9,1,1.11840196166538,0.337418581701848,-0.459525778356222,0,1,1,0,0
7,0,-1.334649168362,-0.198644939154153,0.000257888960334745,1,1,1,1,0
3,0,0.688129445703614,0.505279822952886,-1.37565458619343,0,0,1,1,0
1,0,1.62115955084247,-1.56795639365564,-0.172049468829109,0,1,1,1,0
0,1,-0.856808665236188,-0.718169288347453,1.28015039380778,0,1,0,0,0
2,0,-1.092158578296,1.34002929108357,-0.607619004053232,1,1,0,1,0
1,0,-1.19441798984615,-1.2548609403128,0.0667432248827025,1,1,1,1,1
3,0,1.26513545664295,-0.419009574754124,0.466595486390904,0,1,0,0,0
6,0,0.168592923078224,0.00273028903848388,0.212910418805688,0,0,1,0,1
0,6,-0.294950301085655,-1.20302267039962,-0.601771084847867,1,1,0,0,0
0,0,0.0480446267548747,-0.726701136250051,-1.41844853091018,1,1,1,0,0
2,0,-0.658924223383667,-1.0153432301381,-0.994686020207747,1,1,1,1,0
2,0,0.321047010638188,0.0964471950624578,0.999695496410978,0,0,0,0,0
0,0,-1.15325536326996,-0.550472523704061,-0.796477912496222,0,1,1,1,0
11,0,0.996721584411466,1.54505501086266,-0.951546115396622,1,1,0,0,0
1,1,-1.00211357784924,-0.168134043089867,-0.663976903652142,1,1,0,0,1
6,0,0.910773624371477,-1.18831614829207,-1.28030522836082,0,0,0,0,0
1,0,-0.483460088562646,0.443148943049689,0.211042470334901,0,1,0,0,0
2,1,-0.377575650177662,-0.520249871262837,0.224846940659523,0,1,1,0,0
3,3,-1.28559533396559,0.793460684656973,-0.649709740396473,1,0,1,0,0
13,1,-0.740972688447722,-0.319325463694303,-2.26880906052944,1,0,0,0,0
0,2,-0.0437825735656701,-0.90287187185268,0.864852440281739,1,0,0,0,0
2,2,-0.53048438067918,0.43460549187049,0.527934664669326,0,1,1,1,0
3,0,-1.04592970680823,0.126621553030837,0.772881680834704,1,0,1,0,0
2,0,0.81207273314357,0.974688462783718,0.937734882696802,0,1,0,1,0
0,3,1.01028246521236,0.971917873433844,-1.14227641536236,0,1,0,0,1
0,8,-2.07288727926711,1.02647905561695,0.314375771912922,0,1,0,1,0
0,2,1.16373499635127,-1.15603811406397,-0.783432521228085,0,1,1,0,0
1,1,-0.727650097756012,0.934007618122294,0.865461873598842,0,1,0,1,0
3,0,0.26314522149316,-0.825692305256753,1.46154723359781,1,1,1,0,1
0,0,1.40999691071781,1.02790023735863,0.393507205697471,0,0,0,0,0
11,19,1.3747988495722,2.02423886114523,-0.384095904015504,0,1,0,0,1
5,0,-0.201897271708638,-0.302907376039634,-2.04534379934411,0,1,1,0,1
1,0,-0.259534353274528,-0.626589102329297,-0.348195671354832,0,0,0,1,0
4,0,0.395315141501675,-1.61910407654174,-0.129424734485183,1,1,0,0,0
2,4,-1.21967935137193,0.935928351498612,-0.912527930996434,0,1,0,0,0
0,0,1.23173539643316,-0.20539680792712,-0.197209304777022,0,1,0,0,0
5,3,0.892066402813679,-0.449731411062498,-0.609141996209621,1,1,1,1,0
1,4,-0.484462665116438,0.619511338686217,1.43970436906929,0,0,1,1,0
6,0,0.188538470575229,-0.686544282206313,-0.238315444609286,1,1,1,0,0
0,1,-1.52745672856629,-0.92084667806696,0.803258410013876,0,1,1,0,0
1,1,0.965696265264823,0.353359881867873,-0.756578941140739,0,0,0,0,0
4,4,-1.44008085752197,0.589344726947476,-1.43981684235381,1,1,0,0,1
1,3,-0.0448287927722683,0.148297711791519,-1.47939955555316,0,1,0,0,0
6,0,-0.00852078100084177,0.217860328856416,-1.02089693579095,1,1,0,0,0
11,2,-2.62429753979134,-0.44142878988412,-1.89843113553031,0,1,0,0,1
4,0,-0.801576758500208,-0.540600978959579,0.519541234645394,1,1,0,1,0
3,1,0.372367533755401,-0.193558628676705,-0.801214144299931,1,1,1,0,0
4,2,0.152651272223272,0.569718854422949,2.23408302325602,0,1,0,0,0
1,7,0.114509738947274,-0.0719292607197479,0.114573715567084,1,0,0,0,0
0,0,0.209896593569909,-0.993455682490614,-0.9030527412328,0,0,1,0,0
0,0,-0.825147230588329,-0.584323379871047,0.652980062714553,0,0,1,1,1
0,0,2.10363825421015,-0.225094466288075,-1.23289412747356,1,1,1,0,0
7,0,1.31854590408336,0.305301275473164,-0.852991445091773,1,1,1,0,1
1,0,2.69418602126945,-0.364521305052149,-0.432892611848252,0,0,0,0,1
1,1,0.878495268950138,-0.373634910721659,0.772405242128912,1,1,1,1,0
8,1,0.817801525054696,0.749990062865526,-0.60946880739975,1,1,0,0,0
2,2,0.413516095801667,0.642957815621611,1.28064789517096,0,1,1,0,1
2,2,-0.0795022629878297,-1.2875710932838,-1.13845655225915,0,1,0,1,0
0,0,0.701140360330376,-1.30079621344935,-1.44653477301976,1,1,1,1,1
1,0,0.750947463738607,-2.25411428830552e-05,0.888701612351496,1,0,1,1,1
0,0,1.98620885157089,-2.30190612935539,-1.00404834615297,0,1,0,1,1
3,3,1.22722330377339,1.31323787240547,0.318867481238652,1,1,0,0,0
0,4,-0.617313953279963,-0.439097649342061,-0.746063882006384,0,0,0,1,0
4,0,0.614795106009156,-0.576885301484137,1.21557305554591,1,1,0,0,0
0,1,0.0817218914191737,1.44072910235684,0.182009747547906,1,1,0,0,0
0,2,0.412104842560305,-1.52190512625203,1.07636887671534,0,1,1,0,1
11,1,-0.751161167714052,-0.118560985622567,-0.232597575727464,1,0,1,0,0
38,0,3.00185118720823,-0.557093493587768,1.11257819885272,1,1,1,0,0
2,4,-0.00520751304342741,-2.36846188454924,-1.10605389468222,0,1,1,1,0
0,1,-1.29693116790226,-0.450268140192737,-1.1399741430696,1,1,0,0,0
1,1,-0.19385449604553,0.423488023627598,2.73912802126386,0,1,0,0,1
2,3,0.0340900338744926,-0.165399341250546,0.036707164359936,0,0,1,0,0
0,0,-2.32438797444971,-0.327977865984437,1.11435146405828,1,1,0,1,0
0,0,-0.899141537879493,-0.574276980391119,-1.01246501249742,0,0,1,1,0
1,2,-1.62064122200008,0.335136577642771,-0.966591768314092,1,1,0,1,1
2,0,0.137733390326489,-0.795295264101239,0.595652110896003,0,1,1,0,0
2,0,-0.247593222590547,-1.17020088873607,1.02078490202351,0,0,1,0,0
0,1,-0.425183454810346,-0.742796648179459,-0.186384544530722,1,1,1,0,0
1,1,0.212242100411634,-0.360455663189643,-1.36876266855925,1,0,0,0,0
2,1,1.45553495419639,-0.985824835634429,-0.427873710328177,0,1,1,0,0
4,9,-0.693006048053582,1.40899814444684,0.956178652266034,1,1,1,1,1
1,1,0.306992544952392,0.521138990259475,0.249558991027518,1,1,1,0,0
8,1,2.73617249875015,0.043403163198363,-0.27767580302272,0,0,1,0,0
1,0,-0.270073434767028,0.415177579720258,-1.00217420318526,1,1,0,1,0
3,0,-1.01991222509981,-1.90078387288071,-0.129207619149573,1,1,0,1,1
1,1,-1.03622993155202,-0.44866452537711,-1.44626135972892,0,1,0,1,0
0,0,0.468783953142013,0.954451333776069,-0.977393820703857,1,1,0,1,1
2,2,-0.574911245994269,-0.55636898768267,0.144241258251887,0,1,0,1,0
2,4,1.67748752025201,-1.30104585879855,-0.316770318665706,1,0,0,1,0
0,3,-0.898368015029455,-0.0259724850724897,0.781634973365931,0,0,1,0,0
3,0,-0.993025291615763,-0.364407065572833,0.418095450895431,1,1,1,0,0
0,3,-1.41279389041079,0.0902709810290515,-0.603050073115301,0,1,0,0,0
1,1,0.364181443198878,-0.88809860644908,-0.847156573050843,1,1,0,0,0
9,0,0.644144858679414,-0.218371483028617,-1.52214143761044,0,0,0,1,1
3,0,-0.122572368943693,-1.3333161240313,-0.506667190764164,0,0,1,0,0
3,2,-1.06419517533269,0.570265132988984,-1.42101873417358,0,1,1,0,0
1,1,-0.415390532959127,0.073427361219161,-1.6558212156312,1,0,1,0,0
1,1,-0.888246505147554,0.250901622447629,1.49652722754784,1,0,1,1,0
1,1,0.120135433259087,-0.93992019395158,-0.282130010997089,1,1,1,1,0
5,1,-0.0772881875706407,-0.243126950226525,0.439804901887323,0,1,0,0,0
2,0,-0.378333287161098,0.107525281615229,-1.04158601172734,1,0,1,0,0
1,0,1.90346335177483,1.16383847354691,-0.25517222427614,0,1,1,0,0
1,1,-0.286715449711197,-0.0303389313352555,0.819928264062105,0,1,1,0,1
4,0,1.88750001428795,1.49819669820954,-0.268734947072489,1,0,1,0,0
0,0,-1.15796940839866,-1.47761072679361,-1.03513642268265,0,0,0,0,0
9,7,0.445629697167162,-0.598703192574973,0.127871652763188,1,0,1,1,0
2,0,-0.265508412309366,-0.367387268383016,-1.26559903995926,0,1,0,0,0
2,0,0.851789608942179,0.349936595029845,0.598791302359119,0,1,0,0,0
1,3,2.36304154813132,-0.68333945911167,-0.444589661586318,0,0,0,0,1
0,0,0.151410100000202,-0.0714705565993658,0.431868783431356,1,0,0,0,0
3,2,0.475324020291787,-0.643467277833516,0.345071038438057,1,1,1,0,0
3,0,-0.0391185364852665,-0.161574896056546,-0.914005983288196,1,1,1,1,1
1,1,1.09010342236912,-1.55941115139708,0.254316712975155,1,1,1,0,1
1,1,0.796125761889229,0.267539117324074,-0.353988250524292,1,0,1,0,0
0,0,-0.917677058800726,0.119710862209411,-0.63916963605193,0,0,0,0,0
1,1,-2.0922989198895,2.82627472918421,-1.40146231281431,0,1,0,0,0
1,1,-0.704715714361158,-2.38928933131504,-0.168374860124421,0,0,0,1,0
1,0,1.11842482282112,-0.575829161866918,0.574866609826826,0,1,1,0,0
0,0,0.295368212017027,0.883983013959553,0.654184870204563,1,0,1,0,0
3,1,2.07491669088176,0.851062004698571,1.10978782263491,0,1,0,0,0
0,3,0.0047777141313792,-0.0131945699402533,0.152150704009815,0,1,0,1,0
2,4,-1.08111657057011,1.22502645029843,-0.267826948051396,0,1,1,0,1
3,0,-1.350985312868,-0.570251531228945,-0.354537780206824,0,1,1,1,1
6,0,2.28686773140983,0.663009121644002,-2.81199487774559,0,0,0,0,1
0,1,0.00178953246734467,-0.993101579463436,-0.622173314598269,0,0,1,1,0
5,1,-0.821444483222197,-0.559482955455511,0.450804483169235,1,1,0,0,0
0,0,2.11565127185268,-1.07846434050332,1.03089840891875,0,0,0,1,0
6,4,-1.39090897853213,0.481314661241066,-1.545016018235,0,1,1,1,0
2,0,-1.10677526315269,0.757952462667842,1.07112689890802,0,0,1,0,0
1,2,0.379826905782511,0.235086151823575,-1.02654766478359,1,1,0,0,0
12,1,1.42231132597513,1.21430911639767,-0.906065907789339,0,1,1,0,0
4,0,0.34974343015636,0.766053329937534,0.479264287915004,0,1,1,0,0
2,2,2.31044246720764,-0.10121033957832,2.85493761170297,1,0,1,0,1
0,0,-1.3558984741312,-0.785173851868322,-0.00444519878884403,1,1,0,0,0
7,0,0.430536058464119,-1.23243601983579,-0.311363104634584,1,0,0,0,0
3,0,1.59972642831775,-0.0637112969900099,-1.54975766918686,1,1,1,0,0
4,0,0.0153382228900055,-1.1019516916148,-0.332440385143706,0,1,0,0,1
0,4,0.759302433481895,1.46890053694242,0.983499645838823,0,1,1,0,0
0,1,-1.57624373400163,0.893227496793488,0.720713227702287,1,1,1,0,0
3,0,-0.338265175703211,0.814134505352002,-0.631570716915639,0,1,1,0,1
3,7,0.194690139473909,1.07965612711041,2.11405426500802,1,1,1,1,0
0,4,-0.779342847958044,-0.811771263170096,-0.818213720736892,0,0,1,1,0
0,0,-0.283188889914427,0.51398656433143,0.873125990926258,0,1,1,0,0
0,0,-1.5364646459521,-0.16159676034545,-3.77214409562227,0,0,1,1,0
0,1,-0.423126228059491,-0.661208863834044,-1.60695659654905,0,0,1,0,1
1,2,-0.316737046150654,0.334677515942657,0.68550303374759,1,1,0,1,1
2,8,1.41652274288249,0.85691419876643,0.196383211004952,0,1,1,0,0
0,4,-0.233906463873738,-0.301562097874874,0.507831047756648,1,1,1,0,0
0,2,-0.391643287163017,-0.780874225226445,0.312664503594511,1,1,1,0,0
2,2,0.0397352405516878,1.54353428390634,1.12804335627988,0,0,0,1,0
1,1,0.697670819666587,0.072017388033088,0.15182919738036,0,0,0,0,0
3,0,-0.157957176474083,0.000303423372891201,0.314442849169415,1,0,0,0,0
0,2,-0.26263617365166,0.555758533580833,0.868402833129628,0,1,1,1,0
0,4,0.733574595446349,-0.0731931451232484,0.531824751250424,1,1,0,0,0
4,0,-0.164795991362336,-1.76560632314489,0.14372413961251,0,0,0,0,1
0,1,0.180150784333101,2.08146151615504,1.02646120028728,0,1,0,0,0
0,1,-0.337273961318734,0.439275432685475,-1.92634176500342,1,0,0,0,0
1,1,-1.88678146543733,0.564823541402622,-0.827939772803084,0,1,0,0,0
3,1,0.151134783959152,0.481840892648354,-2.45833514094997,0,0,0,0,0
2,0,-1.35365101693944,0.565955867858452,1.73459617756517,1,0,1,1,0
2,10,-0.873461605712122,-0.300488088573479,-0.625357838035221,0,1,1,0,1
1,1,-0.693670788372124,-1.27867335055239,0.193534699928227,0,0,1,0,0
6,3,-0.69077960487491,0.665858610679334,-0.364542993805811,1,0,1,0,0
0,1,-0.87807077860221,1.02179648578423,-1.45691591316249,1,1,0,1,0
1,1,-1.31896517309485,0.135360464041524,-0.386535986534327,1,1,0,0,0
2,4,-0.790795179093153,0.280061563130245,2.4283434446184,1,1,0,0,1
1,0,1.00576759827581,0.23495081784884,-0.413119929124705,1,1,0,0,0
0,2,-0.160512063641687,-1.46000900600426,0.0687039344796704,1,1,1,0,0
3,2,-0.479181054435899,0.722384168178822,0.0995468752423825,0,1,0,1,1
1,0,1.70775373050893,-1.20548490242894,-0.573206575696809,1,0,0,0,0
6,0,-0.695962954093336,0.565416077429716,0.837571623820921,1,1,0,1,0
0,0,-0.744057818396242,-2.76882824780196,0.600900660477176,1,1,0,0,1
4,4,-1.04071420612145,-0.171523045073705,0.439016823561617,1,1,1,0,0
4,4,0.173379282349185,-0.343897335265402,-1.1458475198021,0,1,1,1,0
1,0,-0.698258355833962,0.278635996186299,-0.778432489945636,0,0,0,1,0
1,1,-0.984368464981459,-0.0305508181237699,0.544328969465631,1,0,1,1,0
2,0,-0.667000036207063,-0.277715688513638,0.320131110230595,0,0,1,0,1
2,6,-0.485045274885975,-0.869008995222749,2.12615445993451,0,0,1,1,0
6,4,0.561382652278962,0.983510891130879,-1.26335229524407,0,1,0,1,1
5,0,-1.87439022651355,0.281721908172224,-0.172073197158965,0,0,1,0,1
0,0,-0.13351643215847,0.913905208715616,0.308917447721058,0,1,0,0,1
2,3,-0.768222778268148,0.538143553454861,-0.861863035355615,0,1,0,0,0
2,0,0.480706120827397,0.819610104162912,1.31959784401847,1,0,0,1,0
0,2,0.840033223543782,-1.13940557354364,1.58250443296042,0,0,1,1,0
0,1,-0.321025744791073,-0.0215232837524481,0.554158775281362,1,1,0,0,0
0,0,-1.07662973775032,1.68289530061919,-0.592112220092568,0,1,0,0,1
0,0,0.32440168192467,-1.01795580462784,1.54966286851839,0,1,1,0,0
0,0,-0.33772734070279,0.310710006003815,-2.49961550423229,1,0,0,0,1
0,3,-0.552344843078979,-0.466797377467173,0.0955179987239941,0,0,0,0,1
1,2,-0.0741841337108355,0.170717420130318,-1.17047288134945,0,1,0,0,1
1,3,-1.51898397524303,-0.264553904909857,-2.23937585684181,1,0,1,0,1
3,1,1.06457836504715,1.06019803243276,0.836984845457893,1,1,1,1,0
3,2,-0.421796227935968,0.516354567426175,-1.2383631601057,0,0,1,0,1
2,1,1.2603309878219,-0.333173733309367,0.466679288804852,0,0,0,0,0
7,1,0.0290474046857023,-0.622162177701521,0.967035234279936,1,1,0,0,1
1,0,0.988295918515893,-0.107775980786953,1.79260016354401,1,1,1,0,0
2,0,-0.0698798302069955,-1.23791030513511,-1.59007021224736,1,0,0,1,0
1,0,0.363375770937946,-0.274844831692841,0.880984882956279,0,0,1,0,1
1,1,-0.523472882818537,-1.06729149551008,1.09530007571798,1,0,0,0,1
1,0,0.651562431525359,1.87596082947071,0.0838737095923681,1,1,0,1,0
1,4,1.4034422848629,-0.358376951720288,1.01525413547239,0,0,0,0,0
11,2,0.811303732086458,1.28297483849394,0.0640874395427128,1,0,1,0,1
0,0,0.281572786343128,-1.25131371967462,0.0116501255612486,1,1,1,0,0
3,2,0.770047497898077,1.27526125333648,0.103407340368867,1,0,1,0,0
0,0,0.651350978652679,0.832812922011128,0.0147751428911971,0,0,0,0,1
2,2,-0.0536260298617829,-0.800981154009771,-1.64193055006019,0,1,1,0,0
1,0,-0.180664491827346,-1.0428602832657,-1.30808225847733,0,1,1,0,0
9,0,-0.103830469890416,1.1520333255205,-1.21206445638349,1,1,1,1,0
3,5,-0.491634919370387,-1.02703031451252,1.47063354895811,0,1,0,1,0
3,4,0.164667558286951,0.427891551016414,1.29179889729411,1,0,0,1,0
0,2,-1.00298818459602,0.389857682534427,0.625137801075796,1,1,0,0,0
2,0,-1.64582408314165,1.85544362714755,-1.40955501260246,0,1,1,0,0
0,2,-0.995124717935994,0.666869494765306,1.12163863453616,0,0,1,0,0
0,0,0.066374661316575,-0.986025927956713,0.276438969197017,0,0,1,1,0
0,4,1.59401865963532,-0.374969641925166,-0.448274407793502,1,1,1,1,0
4,3,-0.118670725096624,1.0549111227741,0.615807505924667,1,1,0,0,0
0,0,-1.35958927699149,-0.511163270386118,0.534308563245486,0,0,0,0,0
1,0,-0.33356945204451,-1.05593042397063,0.0565521253543529,1,1,0,0,0
5,1,0.79800712846721,0.541835504187316,-0.30978520982144,1,0,1,0,0
1,0,-0.24309241201469,-0.4354167730713,-0.373065569019056,0,1,1,0,0
3,0,-1.00402195895447,0.778319795787093,-0.489470936680881,1,1,1,1,0
0,3,-0.284456758453242,1.26789647883899,1.15116518667873,1,1,1,0,0
1,0,0.957103901638452,0.609000963550577,-0.194804809352111,1,1,0,0,0
3,4,0.786504694998086,0.25573582684646,0.751932340634661,1,0,1,1,0
3,0,2.22374672703409,1.47794845311609,1.44762590023968,0,0,1,1,0
0,9,-0.852311384244669,1.74578092030298,1.47033118194315,1,1,0,1,0
2,1,0.262082157852072,0.831893436142005,0.85061538219356,0,1,1,1,0
4,1,0.636117379897045,-0.252474456908701,-0.330829919766358,1,0,0,1,0
4,1,0.261647006680048,-0.113011702551396,1.58611183003471,0,1,1,0,0
1,6,-0.291549682641516,-0.256013756180504,2.12450819187139,0,1,1,0,1
12,1,1.50070429224152,0.911513877547451,-0.173470141616744,0,1,0,1,0
0,1,0.241214913882742,-0.142194391093534,0.92331573728027,1,0,1,1,1
1,5,-0.850758667360055,-1.70642002251052,-1.16671753158921,1,1,0,0,0
2,6,-0.238510113288683,1.72616284579554,1.1988162425059,0,0,0,0,0
3,5,0.623673631335277,-0.106401100315669,0.92295676209895,0,0,1,0,1
0,5,0.468535016290381,1.11207613455388,-0.266496229112809,1,1,0,1,0
8,3,0.985939738129521,-0.340405251610121,-0.937854257423801,0,1,1,0,0
1,0,-0.366495199983865,-0.44450597534715,1.63842750673035,0,1,1,1,0
3,0,1.38470006981751,-0.365168557909506,-1.84167433529007,1,0,0,1,0
2,0,-0.792521047483231,-0.361819535540727,-0.247354126001472,0,1,1,0,0
5,1,0.0457887466708524,0.846492519738941,-0.91602806664414,1,0,0,1,0
0,0,-0.962481737310768,0.714823155144321,-1.6569986423045,0,1,0,0,0
3,2,0.752118807116945,-1.48567659623185,0.161878182304243,1,1,0,1,1
5,0,0.739550513124298,0.427876679759729,-0.900716683510076,1,1,1,0,0
1,2,0.92588170611788,-0.836972054797884,-0.650247015684566,0,0,1,0,0
1,0,-0.0345010846632824,-0.972811311398978,0.0424551708061867,1,0,0,1,1
4,2,1.26130352323316,0.469973143365945,0.749425371195173,0,1,1,0,1
13,0,-1.88658281942422,0.412548365106687,-1.14158263326838,1,1,0,0,0
0,1,-0.443571228668692,0.132035589646239,-0.183229557132819,0,1,0,0,0
0,1,0.902463727911412,-1.6246751687029,0.453798245181223,0,1,0,0,0
0,0,-0.383012014017393,-0.0213787163061689,-0.119529177857751,1,1,1,0,0
4,0,-0.151295736326107,-1.2703916193624,-0.858979892727284,1,1,1,1,0
2,0,-0.16104733334667,-0.130457566369219,-0.0867261611608975,0,0,0,1,0
5,1,1.82172086540011,-0.543814785166616,-0.697314907428932,0,1,0,0,1
2,1,1.2860006314607,-0.102119783621369,0.349240911792461,1,1,0,0,0
1,2,0.512750307377402,-1.20218013502424,-1.10903100629885,1,0,1,0,1
0,0,-0.218907559190468,-0.878590384940724,-0.167371567358466,1,1,0,0,0
2,0,-0.394258195049821,-0.934475046220715,0.256166402744788,0,0,1,0,0
6,0,1.45878326213766,0.889127062189801,1.08830035815384,0,0,1,0,1
0,0,-1.16336764342311,-0.199430641049261,-0.658443060783106,0,1,0,0,0
1,1,0.757239741172839,-0.735845775380347,0.61146559641568,1,0,1,0,0
0,0,-0.874183874018628,-0.877858949345035,-0.735827340912463,1,1,1,0,0
1,0,-0.339685187261583,1.19840283595471,0.235845649977083,0,0,0,0,0
1,4,-0.381865631549437,0.496266644328509,-0.85626112408373,1,1,0,1,1
2,9,-0.410706729332668,0.202618415946639,1.14756722032981,0,1,1,0,0
1,5,-0.104472205763692,0.458672007814251,1.2693380935786,1,0,1,0,1
5,3,1.393706192031,-0.0434280823255566,-0.377891226688038,1,0,1,1,1
3,0,0.960750868219837,-0.526970226644886,-0.962705546726231,0,0,0,0,0
3,0,0.718649937886677,-0.440182224903352,0.32235071934936,1,0,1,0,0
0,0,-0.628747520996626,0.327064477764506,0.47588176113962,1,0,1,1,0
1,1,1.21204292922863,0.445722054044295,-0.256668087378686,0,1,1,1,0
2,3,-0.0827940152009661,0.775997645553057,-2.12199310111604,1,0,0,1,0
1,5,-0.411133203194521,-0.55178847399088,-0.870636550168204,0,1,1,1,1
2,2,0.8356158605004,0.417755074519638,0.847441154481325,1,0,1,1,0
1,1,0.42008437245089,1.92393359705461,-0.740443969403027,1,1,1,0,0
1,1,-0.797633391732448,-1.40985951851741,0.299753996391767,0,1,0,1,0
3,2,-1.30141703739457,0.165623745686913,-0.533955533831753,1,1,0,1,0
10,5,1.90448774569178,1.59038900863184,-2.22585592935823,0,0,0,1,0
0,2,0.400208977188302,2.05035743726541,-0.138032758837234,0,0,0,1,0
3,5,-0.625317817136039,0.335167484113098,0.0474172282230583,1,0,0,0,0
1,1,-1.01145390781181,-0.244467815361432,0.792592521933198,1,1,1,1,0
0,4,-0.557018343415822,-0.931990747677442,-0.0683365917728523,0,1,0,1,0
4,2,-1.92598929996278,0.520771248131016,0.109445561374808,0,0,0,0,0
2,3,-0.171365628458422,0.203520930480157,-0.801383143932023,1,1,0,0,0
1,2,-1.10537869890971,0.975219791094681,-0.570443274640551,0,0,1,0,1
0,5,-1.97372534416222,-0.611351207087838,-0.207684798795953,0,1,0,0,0
2,2,-1.10755908109085,-0.307196963372796,-0.304246089739297,1,1,1,0,1
1,0,1.09658407301513,0.520504400537563,0.555630021704151,0,0,0,0,0
2,1,0.132347784477522,-0.404220931086389,-0.774147641513346,0,1,1,0,0
0,0,-0.232958595262767,0.992051704648554,-0.183611796900479,0,1,0,0,0
1,0,-1.94833183547275,-0.433550087333215,0.307322206463605,0,1,0,1,1
3,11,0.324785438272981,-0.361549775282281,1.31446159699432,0,0,0,1,0
2,1,0.838045055532253,-0.575456644852336,0.990208426133065,0,1,1,0,0
1,3,-0.334127915474401,-1.18961284702326,0.603497581959094,0,1,0,0,0
1,2,-0.511352071822804,-0.0601788822611668,4.47080161996147,1,1,0,1,0
0,3,-0.953859792225668,-0.25295933138021,-0.673110484790875,1,0,0,0,0
2,1,1.19985848696506,-0.471594789166231,-0.980637525451111,0,1,1,0,0
1,8,-0.058060077634502,-0.737347916875699,1.52708765025062,1,0,0,1,0
2,1,-1.08709163152807,0.640454536356855,0.00615164644949717,1,0,1,1,0
0,0,-3.26331968626658,0.830011340806853,-0.64879973414049,1,1,1,0,1
0,4,0.0249702035182466,1.65282424185845,-0.00230207497933241,0,1,0,0,1
0,0,-0.725048574503334,-0.263866899507398,-1.32127022710843,1,1,0,0,0
7,0,-1.32910612265301,0.416161485778688,1.26176027653054,1,0,1,1,1
1,2,0.238975872104318,0.0862687947430483,0.448007122929413,0,0,1,1,0
5,1,0.645383307390151,1.65053460864704,1.94772431164196,1,1,1,1,1
3,2,-0.992476895070948,-1.07184324549417,0.739352818932905,0,0,1,0,0
4,1,1.05988212908299,-0.311536593434407,1.3268795725968,0,1,1,1,0
1,0,-0.326848344264387,-0.381935556614236,0.897843755994248,1,1,1,1,0
3,6,-0.457217323092239,1.03099066914049,2.056411889932,0,1,0,0,0
0,0,-0.769484303421858,0.642818596378465,-0.913969935264421,0,1,0,0,0
0,4,-0.365001557591244,0.637633317640023,-0.486682820682049,0,1,1,1,0
3,0,0.357742743842113,2.32534464945859,-1.05089859058406,1,0,0,1,0
2,0,-0.495095182599918,1.69448915542251,0.567123525565751,1,0,0,1,0
0,0,2.33314209634942,0.614566574145748,0.325558018495096,1,0,1,0,1
6,1,1.48132986487907,-0.0507244425603164,-1.98084993806864,1,0,1,1,0
0,1,-0.298536523656195,0.358804218203047,0.198277791005997,0,0,1,0,0
1,0,0.307399704938718,0.836535898390292,-1.40191356773769,0,1,1,0,0
2,2,-0.442639489787155,0.446581781167598,0.672093594353672,0,0,0,1,1
0,1,-0.550222383942758,-1.51894717480269,1.02419186573163,1,0,0,0,0
3,1,-0.130695214645865,-0.756874164853764,-1.33343454654663,1,1,0,0,0
6,1,-1.47228269162677,-0.939249761002652,1.27280767501266,0,1,1,0,0
7,1,1.27743503164232,1.23132578630407,1.5132144004206,1,1,0,1,0
0,2,-0.877573440323251,0.560327854104722,-0.19079532825826,0,1,0,0,0
1,0,0.685215509459374,-1.24095412907827,-1.48449036785883,1,1,0,0,0
0,0,-0.0428545702578166,-0.421062836904742,0.491133489953121,0,0,0,0,0
4,1,1.61449943321123,0.901352483786042,0.240650467111599,1,1,1,1,0
5,6,0.906051389796964,1.23989601245576,1.26272759617694,1,0,0,0,1
0,1,-0.545781431739829,-1.3721637511864,-1.33617209949738,0,0,0,1,0
1,0,-1.47140459218066,-1.58151283050326,-0.0416886687031466,0,1,0,0,1
2,0,-0.101475728033325,1.74597707876768,0.889705150935647,0,0,0,0,0
3,0,0.925222994594908,-0.0270008300700626,0.251291795242392,1,0,1,1,0
4,0,-0.523944364262872,-0.305813748652146,0.678299415743599,0,1,1,1,0
9,0,-0.616765844179032,0.526733096716773,-0.124428417087831,1,0,1,1,0
3,5,1.71607063594844,2.38174305635191,-0.814845290251693,0,0,1,1,0
3,3,1.55698113169588,1.37304841726505,-0.410322920727634,0,1,1,0,1
18,0,2.01489494563919,0.54769843718096,0.565767078052808,0,0,1,0,0
5,0,1.23345268910446,0.795779961820169,-0.705965606416273,1,0,0,0,0
3,0,0.143667460829395,-0.638997573596695,-1.08433260601596,0,1,0,0,0
3,3,0.928073541532678,-1.33130203865426,0.485152154909983,0,0,1,1,0
2,4,-0.429961888807851,0.135215217831269,1.443182771089,1,1,0,1,0
3,0,-1.41220157853827,-0.131270957625591,1.05064672544739,0,0,0,1,0
1,11,-1.84898923944872,0.741666111072477,0.234622910969266,0,1,1,0,0
7,0,-0.798873056187759,-0.6845630703893,-1.36497597788058,1,1,0,0,1
3,0,0.526582879256228,-0.809992463207647,-0.107883455622221,1,1,1,0,0
4,2,1.02449276137798,0.534138839781491,-0.151180662041421,0,1,0,0,0
0,2,-1.82823127845847,-1.34644788158935,0.589181548190614,1,1,1,0,0
1,2,-0.152196759241752,0.984474937603636,1.25209731299377,1,1,0,1,0
0,1,-0.476174174955032,0.0443395755518097,0.156225778773639,1,1,0,0,0
